accuracy,balanced_accuracy,precision_weighted,recall_weighted,f1_weighted,precision_macro,recall_macro,f1_macro,mcc,kappa,roc_auc_ovr_macro,roc_auc_available,train_time,test_time,classifier,split,corpus,embedding,protocol,identity,n_clusters,target_class,n_shots,class_support
0.8022813688212928,0.6839856584210737,0.7926795007590771,0.8022813688212928,0.791106159110193,0.7136963543724174,0.6839856584210737,0.6811282047173465,0.7583416068135328,0.7575053095706241,0.9728082451995579,True,168.0887156239478,0.017369415960274637,LR,0,dedup,Murmur2Vec,stratified,,,,,
0.7769328263624842,0.6585415975653497,0.7610750802865381,0.7769328263624842,0.7677284920600657,0.6548193821220014,0.6585415975653497,0.6542907165208237,0.7264505479330837,0.7261826592604423,0.9784832763804793,True,163.4186549889855,0.017090914072468877,LR,1,dedup,Murmur2Vec,stratified,,,,,
0.7858048162230672,0.6312361978738479,0.7766096972734149,0.7858048162230672,0.7742171665767505,0.6995324253365687,0.6312361978738479,0.6407080909382871,0.7385604695041683,0.7374236439039183,0.9676397930677095,True,150.38395031902473,0.01657581189647317,LR,2,dedup,Murmur2Vec,stratified,,,,,
0.7845373891001267,0.6518316678016777,0.7768241269302121,0.7845373891001267,0.779220103169425,0.6489694281660848,0.6518316678016777,0.6473987136229985,0.7364222736162217,0.7362257449808556,0.9745136289359299,True,145.83911227900535,0.016566909034736454,LR,3,dedup,Murmur2Vec,stratified,,,,,
0.7959442332065906,0.6764526386697031,0.7842631726652922,0.7959442332065906,0.7868931894528105,0.674554592994201,0.6764526386697031,0.6692615144031101,0.750336820009421,0.7499212530219153,0.9712421946622801,True,162.80123717396054,0.01702993898652494,LR,4,dedup,Murmur2Vec,stratified,,,,,
0.8149556400506971,0.6817473190947301,0.8069080188857863,0.8149556400506971,0.7996231942139704,0.7140153048695622,0.6817473190947301,0.6746040301522962,0.7742595164016367,0.7724949440687607,0.9789493149387009,True,0.5089881289750338,0.08928608801215887,RF,0,dedup,Murmur2Vec,stratified,,,,,
0.7972116603295311,0.6830964644903199,0.7810783483577062,0.7972116603295311,0.7867675173348225,0.6871069349278106,0.6830964644903199,0.681286077294198,0.7513493420929358,0.750905689863377,0.9644956710003391,True,0.4542833029991016,0.07771219697315246,RF,1,dedup,Murmur2Vec,stratified,,,,,
0.8010139416983524,0.6317945438012079,0.792980499872506,0.8010139416983524,0.7880073246326915,0.7140038599353834,0.6317945438012079,0.6398508502534077,0.7566484462150933,0.7557641575280074,0.9614037115442371,True,0.5290327880065888,0.08944837492890656,RF,2,dedup,Murmur2Vec,stratified,,,,,
0.8060836501901141,0.6467837823829659,0.8002217974739614,0.8060836501901141,0.7961611758718594,0.6691626816203488,0.6467837823829659,0.645020077385086,0.7632207952724448,0.7620627261761158,0.9682728031458105,True,0.4540811990154907,0.07705437403637916,RF,3,dedup,Murmur2Vec,stratified,,,,,
0.7870722433460076,0.6359515608729204,0.7653523755912447,0.7870722433460076,0.7713876318722649,0.6282202846104527,0.6359515608729204,0.6243270984383058,0.7391498627245547,0.7384194894767482,0.9486546490634328,True,0.47590512596070766,0.10329326603095978,RF,4,dedup,Murmur2Vec,stratified,,,,,
0.7870722433460076,0.6844983795301818,0.7823138921093735,0.7870722433460076,0.778149392343637,0.6776277819783464,0.6844983795301818,0.6683134939591159,0.7406681006622998,0.7396811805393261,0.837010694872841,True,0.7171946170274168,0.005681011010892689,DT,0,dedup,Murmur2Vec,stratified,,,,,
0.7782002534854245,0.649438588534555,0.7719686391675888,0.7782002534854245,0.7739566547751933,0.6426760400097473,0.649438588534555,0.6428390142887096,0.7283440485435424,0.7281779506694411,0.8192803489027867,True,0.6204285399289802,0.005141307017765939,DT,1,dedup,Murmur2Vec,stratified,,,,,
0.779467680608365,0.6767480990515522,0.7796340022561654,0.779467680608365,0.7756164502349782,0.6935922862067755,0.6767480990515522,0.6694082178988906,0.731072676676827,0.7304740645632468,0.8329978078636384,True,0.6698643969139084,0.005486238049343228,DT,2,dedup,Murmur2Vec,stratified,,,,,
0.7718631178707225,0.6374063037636429,0.7696767815052314,0.7718631178707225,0.7667936042369567,0.6193930141356612,0.6374063037636429,0.6225523324708238,0.7222042268982433,0.7213753487222346,0.8131624160646758,True,0.667027577990666,0.005637187976390123,DT,3,dedup,Murmur2Vec,stratified,,,,,
0.7782002534854245,0.614329324080583,0.7681813685730428,0.7782002534854245,0.7690977167651873,0.6167296333601011,0.614329324080583,0.6075642094525834,0.7289790352024155,0.7282827944906791,0.8017382568462736,True,0.6731827710755169,0.005125732044689357,DT,4,dedup,Murmur2Vec,stratified,,,,,
0.8048162230671736,0.6802336329352822,0.7968107281463505,0.8048162230671736,0.7933056885140651,0.7150791451045102,0.6802336329352822,0.6786442714107106,0.7616247641974878,0.7605807256311785,0.9726443335198254,True,75.65622778201941,0.015868959948420525,LR,0,dedup,Spike2Vec,stratified,,,,,
0.7782002534854245,0.6611961921588733,0.7630532031907575,0.7782002534854245,0.7694429460353653,0.6587747809362783,0.6611961921588733,0.6576402110220663,0.7278749421021524,0.7276471435249748,0.9789262783328044,True,71.52358051110059,0.015591376926749945,LR,1,dedup,Spike2Vec,stratified,,,,,
0.7896070975918885,0.6360341047192777,0.7813646444403934,0.7896070975918885,0.7782455443507069,0.7068254390855777,0.6360341047192777,0.6463727643311891,0.7431465400114233,0.7420431090172845,0.967431508475567,True,73.83147041301709,0.01602729200385511,LR,2,dedup,Spike2Vec,stratified,,,,,
0.7832699619771863,0.6467128609260456,0.7770278108476124,0.7832699619771863,0.7785649558315826,0.6482178540166509,0.6467128609260456,0.6442545743027254,0.7350019135082346,0.7347831385931529,0.9743268057979747,True,73.29649636393879,0.01589788997080177,LR,3,dedup,Spike2Vec,stratified,,,,,
0.7984790874524715,0.6792804758476455,0.7873593074333709,0.7984790874524715,0.7894565757801797,0.6767219974074016,0.6792804758476455,0.671589211206377,0.7535606256041797,0.7530948997626423,0.9720029214121695,True,73.1679635499604,0.01583889196626842,LR,4,dedup,Spike2Vec,stratified,,,,,
0.8162230671736375,0.6982645633109327,0.8171501810950657,0.8162230671736375,0.8006431042635435,0.7364963242988503,0.6982645633109327,0.6898195265348656,0.7766752620799332,0.7744589913789535,0.9774586652553189,True,0.32610889500938356,0.058285078033804893,RF,0,dedup,Spike2Vec,stratified,,,,,
0.8035487959442332,0.6872879278792179,0.7866705807724992,0.8035487959442332,0.7905103363150476,0.6865794873479883,0.6872879278792179,0.6803699227102094,0.7596324541886906,0.7587079793384027,0.9596506172951177,True,0.2939522999804467,0.06864869396667928,RF,1,dedup,Spike2Vec,stratified,,,,,
0.8035487959442332,0.6614348612005104,0.7960213492278023,0.8035487959442332,0.7921786455027333,0.7108013857681548,0.6614348612005104,0.6611323733798501,0.7599122633883006,0.7591020027065198,0.9430494383726252,True,0.31856072694063187,0.05884290498215705,RF,2,dedup,Spike2Vec,stratified,,,,,
0.8086185044359949,0.6555481102014888,0.799923678426189,0.8086185044359949,0.7993780338597763,0.6586979949687827,0.6555481102014888,0.6495832340548221,0.766116382890411,0.7652775752895145,0.958757618890467,True,0.29255750798620284,0.05789535609073937,RF,3,dedup,Spike2Vec,stratified,,,,,
0.7984790874524715,0.6617095650377973,0.7888607412823437,0.7984790874524715,0.7858047785481781,0.6526164645383937,0.6617095650377973,0.6445256720016889,0.7537795303196344,0.7528833331035203,0.9510097075934104,True,0.3108125129947439,0.14089156198315322,RF,4,dedup,Spike2Vec,stratified,,,,,
0.7908745247148289,0.6828126524482827,0.7881463031541899,0.7908745247148289,0.7822040388271138,0.703744132781177,0.6828126524482827,0.6754948091257432,0.7457763770166624,0.7444597114535283,0.8362823640391529,True,0.6779037559172139,0.0025180219672620296,DT,0,dedup,Spike2Vec,stratified,,,,,
0.779467680608365,0.6484447388548576,0.7760768052631903,0.779467680608365,0.7762847114000568,0.6454944447166047,0.6484447388548576,0.6428263087217673,0.7300916522765757,0.7298163232773296,0.818822823678495,True,0.59054957004264,0.002596179023385048,DT,1,dedup,Spike2Vec,stratified,,,,,
0.779467680608365,0.6682058437725744,0.7820887839875553,0.779467680608365,0.7786065370938708,0.6763346930756966,0.6682058437725744,0.6673460499909193,0.7307258551477717,0.730224076370289,0.828721849614727,True,0.651862618047744,0.002677259035408497,DT,2,dedup,Spike2Vec,stratified,,,,,
0.770595690747782,0.6330812275786621,0.7693061361699246,0.770595690747782,0.7664258540616101,0.6316698944577417,0.6330812275786621,0.6249332971209594,0.7200248060595763,0.7195325050767702,0.8109621939239715,True,0.6478905790718272,0.003309347084723413,DT,3,dedup,Spike2Vec,stratified,,,,,
0.7845373891001267,0.6391193889217429,0.7764456610658488,0.7845373891001267,0.7765972610805305,0.6232820734150707,0.6391193889217429,0.6245017174154364,0.7373172383194526,0.7366933251669592,0.814315420744397,True,0.6453798490110785,0.0033543389290571213,DT,4,dedup,Spike2Vec,stratified,,,,,
0.8149556400506971,0.6782751594851221,0.7983778618425537,0.8149556400506971,0.8014042460467132,0.6561081817892283,0.6782751594851221,0.657322955564067,0.7764675423528818,0.7756768019816248,0.9790969028972083,True,151.01137466798536,0.01706599199678749,LR,0,dedup,Murmur2Vec,identity_group,1.0,2627.0,,,
0.7921419518377694,0.6456336020331487,0.7843930647313445,0.7921419518377694,0.7850506305205652,0.6712526861086988,0.6456336020331487,0.6505081867718284,0.7458858677080099,0.7454788646511536,0.979290408594249,True,154.7876729030395,0.01710784190800041,LR,1,dedup,Murmur2Vec,identity_group,1.0,2627.0,,,
0.7896070975918885,0.7151304446338197,0.7908447872504609,0.7896070975918885,0.7847589684556652,0.7703462073227537,0.7151304446338197,0.7220654548611343,0.7414483184460292,0.740882598494051,0.9731876867856197,True,137.10415856307372,0.017333913943730295,LR,2,dedup,Murmur2Vec,identity_group,1.0,2627.0,,,
0.7997465145754119,0.6875038164153809,0.7945169478751117,0.7997465145754119,0.794375256651663,0.6762981739881018,0.6875038164153809,0.6743024773409562,0.7563639975015469,0.7558524170536289,,True,186.96452780195978,0.018237470998428762,LR,3,dedup,Murmur2Vec,identity_group,1.0,2627.0,,,
0.788339670468948,0.6327808910748053,0.7731580746328566,0.788339670468948,0.7759916634340626,0.621116403619746,0.6327808910748053,0.6132155302151983,0.7415775687743802,0.7408515358563151,0.9631303272657411,True,129.69255533604883,0.01856586802750826,LR,4,dedup,Murmur2Vec,identity_group,1.0,2627.0,,,
0.8010139416983524,0.6473090603795826,0.7838151794859782,0.8010139416983524,0.7897565599054844,0.6201414411064594,0.6473090603795826,0.6243617903167409,0.7597520372537019,0.7587611760375628,0.9727808391262399,True,0.5175396390259266,0.06926940695848316,RF,0,dedup,Murmur2Vec,identity_group,1.0,2627.0,,,
0.7820025348542459,0.6293913094633768,0.7733977058940837,0.7820025348542459,0.7723614836217276,0.6345429363251556,0.6293913094633768,0.622847637309767,0.7342065362380922,0.7331550539262435,0.9657299522990577,True,0.4324377399170771,0.08019836200401187,RF,1,dedup,Murmur2Vec,identity_group,1.0,2627.0,,,
0.7946768060836502,0.6486494043007006,0.7873574208907901,0.7946768060836502,0.7841814054941182,0.6996815325560056,0.6486494043007006,0.6512594634167247,0.7471182908082359,0.7461919257507431,0.9620486441396326,True,0.4663471409585327,0.07979938795324415,RF,2,dedup,Murmur2Vec,identity_group,1.0,2627.0,,,
0.8010139416983524,0.6900039680651926,0.7955975895127302,0.8010139416983524,0.7958692471732329,0.6932991568590083,0.6900039680651926,0.6850599393345526,0.7577531034060769,0.7573667674757509,,True,0.4617852179799229,0.07847527100238949,RF,3,dedup,Murmur2Vec,identity_group,1.0,2627.0,,,
0.7934093789607097,0.6258632285617703,0.7777005147906044,0.7934093789607097,0.7768793224834879,0.626568070304332,0.6258632285617703,0.6063296341185738,0.747823293214358,0.7465632217431403,0.9677795577969935,True,0.4528217890765518,0.06894108501728624,RF,4,dedup,Murmur2Vec,identity_group,1.0,2627.0,,,
0.7946768060836502,0.6459971900849788,0.7906989151945639,0.7946768060836502,0.78721455770273,0.6309980032031244,0.6459971900849788,0.6271383405481596,0.7523997082722872,0.7514250208575213,0.8179768040611567,True,0.6560140940127894,0.005053678061813116,DT,0,dedup,Murmur2Vec,identity_group,1.0,2627.0,,,
0.7820025348542459,0.6476424854624923,0.7815119361904382,0.7820025348542459,0.7793445204472864,0.6436405716216762,0.6476424854624923,0.6415458537045405,0.7339184408551165,0.7334066732803584,0.81849919072672,True,0.646119331009686,0.006015317980200052,DT,1,dedup,Murmur2Vec,identity_group,1.0,2627.0,,,
0.7743979721166033,0.6533498394435434,0.7815056449195206,0.7743979721166033,0.7731035696596478,0.690680905294848,0.6533498394435434,0.6542304966416546,0.7226685519263262,0.7223813505547747,0.8211582123727347,True,0.6129001979716122,0.005823481013067067,DT,2,dedup,Murmur2Vec,identity_group,1.0,2627.0,,,
0.7769328263624842,0.6764313980300374,0.788959165432751,0.7769328263624842,0.7804046276556269,0.6320617752759756,0.6456845163013993,0.6302917246181591,0.7293589392388935,0.7290654138140271,,True,0.6216407960746437,0.005712519050575793,DT,3,dedup,Murmur2Vec,identity_group,1.0,2627.0,,,
0.7731305449936628,0.634949578928378,0.7629113905023194,0.7731305449936628,0.7623682165967128,0.6343841187224962,0.634949578928378,0.6102011172682722,0.7226508728252629,0.7222874401977383,0.8119126899426404,True,0.5949503899319097,0.00514418794773519,DT,4,dedup,Murmur2Vec,identity_group,1.0,2627.0,,,
0.8111533586818758,0.6767889918870343,0.7940605299503191,0.8111533586818758,0.7972660177591219,0.648185155380188,0.6767889918870343,0.652185534821066,0.7718772004418495,0.7710807947845186,0.9790143856074928,True,74.58301858894993,0.015325314947403967,LR,0,dedup,Spike2Vec,identity_group,1.0,2627.0,,,
0.7921419518377694,0.6431599304805298,0.7866334795152771,0.7921419518377694,0.7854383230894345,0.6747142260211869,0.6431599304805298,0.6499011252985727,0.7459361097397664,0.745441811786369,0.9800090494964546,True,74.61756778892595,0.015479310997761786,LR,1,dedup,Spike2Vec,identity_group,1.0,2627.0,,,
0.7908745247148289,0.716658739766766,0.7931971855883742,0.7908745247148289,0.7870096512312625,0.7707620378847888,0.716658739766766,0.7236451769300303,0.7430275523372336,0.7425362508009588,0.9735064427330034,True,72.8363304939121,0.020347387995570898,LR,2,dedup,Spike2Vec,identity_group,1.0,2627.0,,,
0.7984790874524715,0.6859334480082778,0.7941311191357893,0.7984790874524715,0.7932913819696452,0.6740502034727612,0.6859334480082778,0.6720920980201159,0.7549095425972014,0.7543370089471921,,True,64.14602691796608,0.015890950919128954,LR,3,dedup,Spike2Vec,identity_group,1.0,2627.0,,,
0.7896070975918885,0.6318096401035543,0.7752049950611102,0.7896070975918885,0.7776737605224191,0.6229671326695058,0.6318096401035543,0.6142430450585866,0.7431086693722737,0.7423734281167693,0.96305195802973,True,65.9209876069799,0.016529688029550016,LR,4,dedup,Spike2Vec,identity_group,1.0,2627.0,,,
0.8136882129277566,0.6826179848647084,0.7920174219731628,0.8136882129277566,0.798672838114052,0.6394758096253488,0.6826179848647084,0.6502565456481574,0.7757130981677134,0.7743262358908902,0.97189471234548,True,0.3091566850198433,0.047069253982044756,RF,0,dedup,Spike2Vec,identity_group,1.0,2627.0,,,
0.7908745247148289,0.6614075805716418,0.7794181356981779,0.7908745247148289,0.779136187400003,0.648259102668333,0.6614075805716418,0.644698623862772,0.7449677685108907,0.744017036036408,0.9523961233680935,True,0.29975236603058875,0.04825338604860008,RF,1,dedup,Spike2Vec,identity_group,1.0,2627.0,,,
0.7946768060836502,0.6678177422959879,0.7850733284013265,0.7946768060836502,0.7841703686683896,0.6967330261944273,0.6678177422959879,0.6614855192790187,0.7473668821007571,0.746655249919726,0.9565660854729344,True,0.29301354300696403,0.04812386108096689,RF,2,dedup,Spike2Vec,identity_group,1.0,2627.0,,,
0.8010139416983524,0.7123490895599739,0.7967380894974072,0.8010139416983524,0.7964602408177254,0.6809892505916488,0.7123490895599739,0.6920936275851802,0.7582323856237561,0.7577331080288202,,True,0.2882549340138212,0.04836145997978747,RF,3,dedup,Spike2Vec,identity_group,1.0,2627.0,,,
0.8022813688212928,0.645897907476543,0.79121163794654,0.8022813688212928,0.7869554882351418,0.6514866526348759,0.645897907476543,0.6257379275407557,0.7590475993441071,0.7576285070653287,0.9591109352676791,True,0.29762058693449944,0.057959115016274154,RF,4,dedup,Spike2Vec,identity_group,1.0,2627.0,,,
0.7934093789607097,0.6503760887576157,0.7917395161575226,0.7934093789607097,0.7871957492426945,0.6490759212971194,0.6503760887576157,0.6402588510221489,0.7510597066445546,0.7499557682997723,0.8201299915282081,True,0.6032807499868795,0.004081103950738907,DT,0,dedup,Spike2Vec,identity_group,1.0,2627.0,,,
0.7718631178707225,0.6465028332481854,0.7805702502165957,0.7718631178707225,0.7726280034653432,0.6482246117255448,0.6465028332481854,0.642339229634357,0.7224178570292322,0.7215921899963733,0.8176997758971379,True,0.5955262950155884,0.0025155380135402083,DT,1,dedup,Spike2Vec,identity_group,1.0,2627.0,,,
0.7820025348542459,0.7245094795470032,0.792727604982788,0.7820025348542459,0.7821737074035882,0.7267813445617528,0.7245094795470032,0.6966274768917681,0.7324758548020345,0.7320216265743048,0.8569186342843428,True,0.5916285229614004,0.006450395914725959,DT,2,dedup,Spike2Vec,identity_group,1.0,2627.0,,,
0.7820025348542459,0.6900258534612276,0.7967103636443769,0.7820025348542459,0.7851151218888611,0.6521587893633126,0.6586610419402626,0.6457115486048028,0.7361457040528386,0.7353644910113082,,True,0.5348726769443601,0.003263590973801911,DT,3,dedup,Spike2Vec,identity_group,1.0,2627.0,,,
0.7680608365019012,0.6360041944227173,0.7605635642364401,0.7680608365019012,0.7595051168537823,0.6284135000282823,0.6360041944227173,0.6072579104581277,0.7164716357276123,0.716179797809041,0.8123051059574639,True,0.527119220001623,0.002692032023333013,DT,4,dedup,Spike2Vec,identity_group,1.0,2627.0,,,
0.7843631778058008,0.677614521507448,0.7648789280917149,0.7843631778058008,0.7717988597818951,0.6342443955665643,0.677614521507448,0.6491292934191684,0.7366953672199671,0.7361994101580434,0.9688459168024967,True,142.3818943889346,0.016283797100186348,LR,0,dedup,Murmur2Vec,few_shot,,,B.1.177.21,1.0,9.0
0.7957124842370744,0.6770001483571121,0.7763804132141934,0.7957124842370744,0.784510889270267,0.6249095313829074,0.6770001483571121,0.6460484652445427,0.7485740646617777,0.748214002222575,0.9710352660090631,True,128.08032332896255,0.016353346989490092,LR,1,dedup,Murmur2Vec,few_shot,,,B.1.177.21,1.0,9.0
0.7591424968474149,0.6459799879171618,0.7433221441493417,0.7591424968474149,0.747213268250066,0.6900504380054794,0.6459799879171618,0.6515732937142347,0.7093018994901572,0.7085787289389482,0.9575313789357981,True,128.30515031097457,0.01682878192514181,LR,2,dedup,Murmur2Vec,few_shot,,,B.1.177.21,1.0,9.0
0.7906683480453972,0.6550045816402267,0.7695930140804412,0.7906683480453972,0.7762003648617682,0.6594012034423543,0.6550045816402267,0.6493062506982965,0.7476093823707123,0.7470202748150283,0.9715297977426985,True,106.76623650407419,0.014680700027383864,LR,3,dedup,Murmur2Vec,few_shot,,,B.1.177.21,1.0,9.0
0.7793190416141236,0.6456603061171138,0.7739595359342273,0.7793190416141236,0.7669514786646245,0.6501553346426496,0.6456603061171138,0.6337023285261079,0.7312060129859953,0.729517702435364,0.9662557991463838,True,110.42189379909541,0.014636263949796557,LR,4,dedup,Murmur2Vec,few_shot,,,B.1.177.21,1.0,9.0
0.7868852459016393,0.6795687316514418,0.7633255658702736,0.7868852459016393,0.7703904825918225,0.628260711805135,0.6795687316514418,0.6457009117316205,0.7401623597651183,0.7388875683384835,0.9633229491341505,True,0.3662823939230293,0.06996392901055515,RF,0,dedup,Murmur2Vec,few_shot,,,B.1.177.21,1.0,9.0
0.798234552332913,0.6070979639210317,0.7755073153427224,0.798234552332913,0.7815263959007297,0.5757570042098316,0.6070979639210317,0.5812475662399472,0.7516659814273796,0.7506877308810815,0.9638504582322119,True,0.46264670498203486,0.08826071792282164,RF,1,dedup,Murmur2Vec,few_shot,,,B.1.177.21,1.0,9.0
0.7604035308953342,0.6322977535828209,0.7350917286433989,0.7604035308953342,0.7442346261043411,0.6579680586133242,0.6322977535828209,0.626882726166959,0.7100732536589546,0.7094168085799861,0.9403650644363718,True,0.3824536460451782,0.06735101295635104,RF,2,dedup,Murmur2Vec,few_shot,,,B.1.177.21,1.0,9.0
0.7919293820933165,0.6431842222987628,0.7953899949761498,0.7919293820933165,0.7744149667903221,0.691529002400149,0.6431842222987628,0.6358919735915282,0.7488223470473334,0.7478488769837064,0.9485991132306993,True,0.3796129839029163,0.06686480902135372,RF,3,dedup,Murmur2Vec,few_shot,,,B.1.177.21,1.0,9.0
0.7944514501891551,0.6571370488616468,0.7750898393311697,0.7944514501891551,0.777666610406086,0.6554200178849053,0.6571370488616468,0.6460020486278566,0.748765927364883,0.747624812074116,0.9640448603738225,True,0.42463966994546354,0.06941635895054787,RF,4,dedup,Murmur2Vec,few_shot,,,B.1.177.21,1.0,9.0
0.7704918032786885,0.6501755843249413,0.7602085379008457,0.7704918032786885,0.762026540165565,0.6064033777670141,0.6501755843249413,0.6216053041797417,0.7208371619460251,0.7200928589021781,0.8194785534010578,True,0.5008126529864967,0.004149040090851486,DT,0,dedup,Murmur2Vec,few_shot,,,B.1.177.21,1.0,9.0
0.7730138713745272,0.6292791399425121,0.7674381647292686,0.7730138713745272,0.768203978537964,0.5909689724545933,0.6292791399425121,0.5990716082065952,0.7209416200670402,0.7203835568136183,0.8091088634473654,True,0.48681338294409215,0.004136612988077104,DT,1,dedup,Murmur2Vec,few_shot,,,B.1.177.21,1.0,9.0
0.7616645649432535,0.6723325171103866,0.7467648692728975,0.7616645649432535,0.7523994510250392,0.6315473750792779,0.6723325171103866,0.6431671617651685,0.7120577595424603,0.7118038196180383,0.8302718597376814,True,0.4601406881120056,0.004053675103932619,DT,2,dedup,Murmur2Vec,few_shot,,,B.1.177.21,1.0,9.0
0.7780580075662042,0.6576387567164225,0.7697045670274959,0.7780580075662042,0.7709664609130302,0.6302515502495959,0.6576387567164225,0.6373280976271329,0.732717166310251,0.7323571205301924,0.8234165796933269,True,0.5045148569624871,0.0040923720225691795,DT,3,dedup,Murmur2Vec,few_shot,,,B.1.177.21,1.0,9.0
0.7730138713745272,0.6418087984767817,0.759479788220379,0.7730138713745272,0.759278102157334,0.6000141571994401,0.6418087984767817,0.6006105449836078,0.7231360429089277,0.7219549252975437,0.8153404265654419,True,0.5028272269992158,0.00405886594671756,DT,4,dedup,Murmur2Vec,few_shot,,,B.1.177.21,1.0,9.0
0.7868852459016393,0.677738618982719,0.7659683437491855,0.7868852459016393,0.7737393371590996,0.6360356686621247,0.677738618982719,0.6503010930030471,0.739660375557388,0.7391665677312121,0.9687450824991607,True,52.69719084596727,0.012251539970748127,LR,0,dedup,Spike2Vec,few_shot,,,B.1.177.21,1.0,9.0
0.7957124842370744,0.6773942711558162,0.7750705520077895,0.7957124842370744,0.7839217575215526,0.6226178023774526,0.6773942711558162,0.6449501333902966,0.7484995873113278,0.7481730362099519,0.9708872734711078,True,51.28967714996543,0.012435997021384537,LR,1,dedup,Spike2Vec,few_shot,,,B.1.177.21,1.0,9.0
0.7616645649432535,0.6493005949419478,0.7437269763685016,0.7616645649432535,0.7486341723890549,0.6707032626819683,0.6493005949419478,0.6468740930581158,0.7122934387527696,0.7115370180398829,0.9574492096241339,True,50.961371982935816,0.012587270000949502,LR,2,dedup,Spike2Vec,few_shot,,,B.1.177.21,1.0,9.0
0.7944514501891551,0.6568974105486465,0.776262940050292,0.7944514501891551,0.7803973314539208,0.6592838260745126,0.6568974105486465,0.648982671601967,0.7520880475161682,0.7515014610888957,0.9713384495791012,True,56.31184999202378,0.012550662970170379,LR,3,dedup,Spike2Vec,few_shot,,,B.1.177.21,1.0,9.0
0.7805800756620429,0.6494292555798431,0.7768943527552425,0.7805800756620429,0.7688899302452952,0.6560960173626875,0.6494292555798431,0.6386232020843363,0.7328890809730073,0.7310853291808531,0.9662651772323435,True,51.434532561921515,0.012317624990828335,LR,4,dedup,Spike2Vec,few_shot,,,B.1.177.21,1.0,9.0
0.776796973518285,0.6649082380041937,0.7555616940706098,0.776796973518285,0.7616991397073234,0.6126594155190269,0.6649082380041937,0.6295198908224001,0.7279213961064822,0.7268624825836181,0.946014366159886,True,0.27611891902051866,0.047979336930438876,RF,0,dedup,Spike2Vec,few_shot,,,B.1.177.21,1.0,9.0
0.7994955863808323,0.6649024677894093,0.7798669509128758,0.7994955863808323,0.7833089942697652,0.6257398672131997,0.6649024677894093,0.6339160217575052,0.7537019983159743,0.7524303012572183,0.9104295093136177,True,0.30470324598718435,0.046534118009731174,RF,1,dedup,Spike2Vec,few_shot,,,B.1.177.21,1.0,9.0
0.7742749054224464,0.6817606269157306,0.7453621632525693,0.7742749054224464,0.7577900846578713,0.6504477559152316,0.6817606269157306,0.6617881357954102,0.7270345844519074,0.7264094211976948,0.9433089554222039,True,0.27697224693838507,0.045521043008193374,RF,2,dedup,Spike2Vec,few_shot,,,B.1.177.21,1.0,9.0
0.7957124842370744,0.6533077510825787,0.781322542834092,0.7957124842370744,0.776746475272333,0.6498099969136555,0.6533077510825787,0.6302736710065081,0.7537583745648909,0.7527550568717642,0.9361152707267635,True,0.4168362489435822,0.046032664948143065,RF,3,dedup,Spike2Vec,few_shot,,,B.1.177.21,1.0,9.0
0.7881462799495587,0.6559341812053103,0.7668718791268143,0.7881462799495587,0.7691546374607995,0.6669241818602993,0.6559341812053103,0.6475909668371346,0.7411953880552073,0.739722146788238,0.959570753838297,True,0.2714684989769012,0.04717099491972476,RF,4,dedup,Spike2Vec,few_shot,,,B.1.177.21,1.0,9.0
0.7654476670870114,0.6489095264831111,0.7489382996908903,0.7654476670870114,0.7539807684810274,0.6015877596387046,0.6489095264831111,0.619113395633245,0.7142053135547964,0.7132174521698553,0.8186684176435226,True,0.475898489006795,0.002433406072668731,DT,0,dedup,Spike2Vec,few_shot,,,B.1.177.21,1.0,9.0
0.7818411097099621,0.6504828807678683,0.7724988835867026,0.7818411097099621,0.773322490295382,0.608134076231892,0.6504828807678683,0.616632298616644,0.7320549547256353,0.73132068820321,0.8199342041016254,True,0.4471235809614882,0.0037916440051048994,DT,1,dedup,Spike2Vec,few_shot,,,B.1.177.21,1.0,9.0
0.7578814627994955,0.6568311642041812,0.7448330334976052,0.7578814627994955,0.748774615497689,0.6287179976945331,0.6568311642041812,0.6329180095079057,0.7073658954009837,0.7070822696045141,0.8224288032667068,True,0.43156163301318884,0.002961504040285945,DT,2,dedup,Spike2Vec,few_shot,,,B.1.177.21,1.0,9.0
0.7780580075662042,0.6578558452265937,0.7670000417028792,0.7780580075662042,0.7698903012995769,0.6295718438109253,0.6578558452265937,0.6362493452136108,0.7325873407787163,0.7323186215467706,0.8235153541719561,True,0.4680887470021844,0.0021020349813625216,DT,3,dedup,Spike2Vec,few_shot,,,B.1.177.21,1.0,9.0
0.7692307692307693,0.6427092259888565,0.74820398242812,0.7692307692307693,0.7532135979659152,0.6054165370282082,0.6427092259888565,0.6040871534369633,0.7182607139392541,0.7169978002433773,0.8156764284311752,True,0.46601800492499024,0.00300224800594151,DT,4,dedup,Spike2Vec,few_shot,,,B.1.177.21,1.0,9.0
0.7896070975918885,0.678505787104596,0.7722306700378634,0.7896070975918885,0.7784273989541786,0.6381122069791328,0.678505787104596,0.6519229165538809,0.7425034374960048,0.7420873020717849,0.9776981210976651,True,139.04300584702287,0.014318066067062318,LR,0,dedup,Murmur2Vec,few_shot,,,B.1.177.21,5.0,9.0
0.7972116603295311,0.6714389180767806,0.7811609915316133,0.7972116603295311,0.7879893167083648,0.6265259812309679,0.6714389180767806,0.6443653018427725,0.7497778951341436,0.749523312546255,0.9817513158716277,True,113.73777973698452,0.013747507007792592,LR,1,dedup,Murmur2Vec,few_shot,,,B.1.177.21,5.0,9.0
0.7629911280101395,0.6492209537249725,0.7499687081136905,0.7629911280101395,0.752469354863852,0.6938851270643769,0.6492209537249725,0.6548520100497252,0.713424702173874,0.7127199728964575,0.9690952171012476,True,110.33193335996475,0.014129280927591026,LR,2,dedup,Murmur2Vec,few_shot,,,B.1.177.21,5.0,9.0
0.7934093789607097,0.6536676832445046,0.7760788295045092,0.7934093789607097,0.7810742527915553,0.6619901178415789,0.6536676832445046,0.650212725714179,0.7503998275569228,0.7498735821754757,0.9724435337392006,True,114.20953330304474,0.012831397005356848,LR,3,dedup,Murmur2Vec,few_shot,,,B.1.177.21,5.0,9.0
0.7820025348542459,0.6448185552753629,0.7779529432253752,0.7820025348542459,0.7717949523301417,0.6451933307878082,0.6448185552753629,0.633861391975604,0.7339049674335053,0.73228383736758,0.9724196573265331,True,125.81088819901925,0.012831210973672569,LR,4,dedup,Murmur2Vec,few_shot,,,B.1.177.21,5.0,9.0
0.7769328263624842,0.6529296324856048,0.7594971010425579,0.7769328263624842,0.7628062454170645,0.616937475073412,0.6529296324856048,0.6266159329048678,0.7273344494315227,0.7260092340475908,0.957173343317042,True,0.3942282459465787,0.0687454049475491,RF,0,dedup,Murmur2Vec,few_shot,,,B.1.177.21,5.0,9.0
0.7959442332065906,0.6080924565360536,0.7760588092226562,0.7959442332065906,0.7816591068364638,0.578715489772358,0.6080924565360536,0.5848376080152178,0.7485615819626467,0.7473688606749082,0.9615939024353303,True,0.42679350497201085,0.07913980295415968,RF,1,dedup,Murmur2Vec,few_shot,,,B.1.177.21,5.0,9.0
0.7655259822560203,0.6248454186836775,0.7521823265830293,0.7655259822560203,0.7526478312593248,0.6748029802822055,0.6248454186836775,0.6286687053732746,0.7154815362781609,0.7149249154823123,0.9733776752983843,True,0.4437126850243658,0.07813205197453499,RF,2,dedup,Murmur2Vec,few_shot,,,B.1.177.21,5.0,9.0
0.7997465145754119,0.6436281692523341,0.807350411997899,0.7997465145754119,0.784763117684154,0.6990696131396494,0.6436281692523341,0.637561901253801,0.7580310997604819,0.7570765471360591,0.9613093009022813,True,0.46602286596316844,0.06763898301869631,RF,3,dedup,Murmur2Vec,few_shot,,,B.1.177.21,5.0,9.0
0.7972116603295311,0.6536282769318221,0.7855773249199055,0.7972116603295311,0.7811335997459996,0.6709126361300998,0.6536282769318221,0.6476015342154817,0.7517288932405447,0.7504166641953488,0.9715755711476846,True,0.3720638519152999,0.06750464905053377,RF,4,dedup,Murmur2Vec,few_shot,,,B.1.177.21,5.0,9.0
0.7731305449936628,0.6613052820963691,0.7635325982147819,0.7731305449936628,0.7656522710171794,0.6011257939498365,0.6613052820963691,0.6235603656838085,0.7235801945829637,0.7228672625413302,0.8251075327799481,True,0.5051875280914828,0.004008283955045044,DT,0,dedup,Murmur2Vec,few_shot,,,B.1.177.21,5.0,9.0
0.7820025348542459,0.6375205413328479,0.7798495100060456,0.7820025348542459,0.7762040902919459,0.6632678300029053,0.6375205413328479,0.6324989617358189,0.7315434950147933,0.7310689231500931,0.8134606744554254,True,0.4788192700361833,0.005757941980846226,DT,1,dedup,Murmur2Vec,few_shot,,,B.1.177.21,5.0,9.0
0.7655259822560203,0.6776050150725763,0.7524715606573944,0.7655259822560203,0.7570137192538552,0.6389306058655827,0.6776050150725763,0.6528176527875985,0.7164176623413412,0.716135719661537,0.8330063770926568,True,0.4404096460202709,0.00416407105512917,DT,2,dedup,Murmur2Vec,few_shot,,,B.1.177.21,5.0,9.0
0.7680608365019012,0.6341951525937013,0.7629207315375411,0.7680608365019012,0.7620417487017327,0.621585218587236,0.6341951525937013,0.6203729156182,0.7201883960376648,0.7198066414133573,0.811448243865057,True,0.5034716669470072,0.003977322950959206,DT,3,dedup,Murmur2Vec,few_shot,,,B.1.177.21,5.0,9.0
0.770595690747782,0.6464356175930668,0.7569335546017444,0.770595690747782,0.7582158341996023,0.6075519093221815,0.6464356175930668,0.6064388275668589,0.719197306930057,0.71823819210288,0.8175730993243415,True,0.49526265100575984,0.004001931985840201,DT,4,dedup,Murmur2Vec,few_shot,,,B.1.177.21,5.0,9.0
0.7908745247148289,0.677738618982719,0.7722779895558619,0.7908745247148289,0.778967416708933,0.6395150310275948,0.677738618982719,0.6521147090627183,0.7439637973332538,0.7435157365906516,0.977640141826999,True,57.882194632082246,0.011701058014295995,LR,0,dedup,Spike2Vec,few_shot,,,B.1.177.21,5.0,9.0
0.7984790874524715,0.6723437661053111,0.7811092364028172,0.7984790874524715,0.7886302631206874,0.624498679985874,0.6723437661053111,0.643820934654214,0.7512966676948686,0.751051745898191,0.9816255640665833,True,53.37631763401441,0.011531768017448485,LR,1,dedup,Spike2Vec,few_shot,,,B.1.177.21,5.0,9.0
0.7655259822560203,0.6525415607497584,0.7502043894494272,0.7655259822560203,0.7538584468159033,0.6743879388995393,0.6525415607497584,0.6501117372406084,0.716435057821004,0.7156994885259185,0.9690629386789983,True,54.397353406995535,0.01127520704176277,LR,2,dedup,Spike2Vec,few_shot,,,B.1.177.21,5.0,9.0
0.7959442332065906,0.6537423303347428,0.7804193959042076,0.7959442332065906,0.7833096314338205,0.658924143674919,0.6537423303347428,0.6472994005267351,0.7533959049585569,0.7528383055972262,0.9720721330108443,True,51.401944210985675,0.011615650961175561,LR,3,dedup,Spike2Vec,few_shot,,,B.1.177.21,5.0,9.0
0.7832699619771863,0.6485875047380922,0.7828970526508313,0.7832699619771863,0.7737761965907552,0.6534674447335561,0.6485875047380922,0.6388456253548879,0.7356809159131659,0.7338608025659386,0.9720993539150072,True,56.41079636896029,0.011684540077112615,LR,4,dedup,Spike2Vec,few_shot,,,B.1.177.21,5.0,9.0
0.7832699619771863,0.6677029509306865,0.764337402080281,0.7832699619771863,0.7704496641887201,0.6218204030787833,0.6677029509306865,0.6378374092537121,0.7352188374440166,0.734189559790061,0.9629408792951994,True,0.25679597607813776,0.06621485494542867,RF,0,dedup,Spike2Vec,few_shot,,,B.1.177.21,5.0,9.0
0.8073510773130546,0.671067092698892,0.7909199872228594,0.8073510773130546,0.7948347000289058,0.6393557733122539,0.671067092698892,0.6467343564592222,0.762444568749093,0.7616551066240038,0.9454124838001728,True,0.29951415094546974,0.056540681049227715,RF,1,dedup,Spike2Vec,few_shot,,,B.1.177.21,5.0,9.0
0.7807351077313055,0.6832326970111139,0.7564120211680003,0.7807351077313055,0.7663832606773173,0.6841198611718714,0.6832326970111139,0.6747498665284327,0.7343729217532317,0.7337739974371527,0.9541352253927133,True,0.34268318000249565,0.055302910041064024,RF,2,dedup,Spike2Vec,few_shot,,,B.1.177.21,5.0,9.0
0.8022813688212928,0.655932195264729,0.7726266035751063,0.8022813688212928,0.7827967015365916,0.637470949151315,0.655932195264729,0.636539011120875,0.7610193685781755,0.7600360285186781,0.9573123542919322,True,0.26951094798278064,0.046826577046886086,RF,3,dedup,Spike2Vec,few_shot,,,B.1.177.21,5.0,9.0
0.7984790874524715,0.6555782886620248,0.7870683028181242,0.7984790874524715,0.7825893007760949,0.6675903702679246,0.6555782886620248,0.645282912723964,0.7533264261008527,0.7520015656691457,0.9757531112577645,True,0.25972310407087207,0.04668116196990013,RF,4,dedup,Spike2Vec,few_shot,,,B.1.177.21,5.0,9.0
0.7743979721166033,0.6469655049116534,0.7688431720388382,0.7743979721166033,0.7680752976698749,0.6131552891834553,0.6469655049116534,0.6226013967605132,0.7244740967023642,0.7237769871193481,0.817933236863228,True,0.46909631392918527,0.002021356951445341,DT,0,dedup,Spike2Vec,few_shot,,,B.1.177.21,5.0,9.0
0.7782002534854245,0.6452444806787881,0.7747726201036508,0.7782002534854245,0.7721682426731651,0.652883359924177,0.6452444806787881,0.6317557742513,0.7270621864350767,0.7263798915229785,0.8172197130381061,True,0.43091391201596707,0.001979665015824139,DT,1,dedup,Spike2Vec,few_shot,,,B.1.177.21,5.0,9.0
0.7604562737642585,0.6702320394127136,0.748751580785237,0.7604562737642585,0.7526679464221278,0.6332084664448884,0.6702320394127136,0.6443763184620152,0.7098392584685913,0.7096220165478511,0.8291611792386202,True,0.4134857780300081,0.001997136976569891,DT,2,dedup,Spike2Vec,few_shot,,,B.1.177.21,5.0,9.0
0.7832699619771863,0.6625158796027857,0.7790447702166182,0.7832699619771863,0.7779202314417815,0.6441052840565459,0.6625158796027857,0.6440990282695143,0.7384893920184192,0.738217061032044,0.8259687414161352,True,0.4665048769675195,0.001994724036194384,DT,3,dedup,Spike2Vec,few_shot,,,B.1.177.21,5.0,9.0
0.7718631178707225,0.6543875686310225,0.7638592411591806,0.7718631178707225,0.7619777213053264,0.6376862600984571,0.6543875686310225,0.6282013888956419,0.7215641268978163,0.7201890625092354,0.8215963612810264,True,0.46947385801468045,0.0020004549296572804,DT,4,dedup,Spike2Vec,few_shot,,,B.1.177.21,5.0,9.0
0.7672955974842768,0.6042785617744371,0.7616527192223053,0.7672955974842768,0.7583326609821183,0.6305264894865729,0.6042785617744371,0.5984346878061092,0.7164110953262455,0.7154886746792175,0.9680055947809708,True,134.18504005204886,0.014679625048302114,LR,0,dedup,Murmur2Vec,few_shot,,,R.1,1.0,11.0
0.7874213836477988,0.6297050363672825,0.7806923502578302,0.7874213836477988,0.779135335763995,0.6144795819742469,0.6297050363672825,0.6121191089102644,0.7447406215797552,0.7438275900860105,0.970945553649713,True,122.38501796894707,0.013921729056164622,LR,1,dedup,Murmur2Vec,few_shot,,,R.1,1.0,11.0
0.7974842767295598,0.6207179691938755,0.7998200239689264,0.7974842767295598,0.792291507599103,0.6842167975444379,0.6207179691938755,0.6336477643448865,0.7512409996663706,0.7507540956791146,0.9759765656891566,True,117.13169353699777,0.012548165046609938,LR,2,dedup,Murmur2Vec,few_shot,,,R.1,1.0,11.0
0.779874213836478,0.6195638899868068,0.7669860751633496,0.779874213836478,0.7637618219763235,0.625212073704673,0.6195638899868068,0.5912933055392675,0.731346462431464,0.7300692652451446,0.9785847110578672,True,119.69967912393622,0.013218297972343862,LR,3,dedup,Murmur2Vec,few_shot,,,R.1,1.0,11.0
0.7786163522012579,0.6510419589148803,0.7716757165863423,0.7786163522012579,0.769939480803513,0.6474134721443334,0.6510419589148803,0.6333526554873385,0.7304106156525985,0.729815841457975,0.9652027192707688,True,123.33737505006138,0.012954343925230205,LR,4,dedup,Murmur2Vec,few_shot,,,R.1,1.0,11.0
0.7849056603773585,0.6350391310874316,0.7781264419746392,0.7849056603773585,0.7744304899049335,0.6470672071112747,0.6350391310874316,0.6296461949491364,0.7386550876810668,0.7369169675928613,0.9353510039027814,True,0.3790210160659626,0.06638248497620225,RF,0,dedup,Murmur2Vec,few_shot,,,R.1,1.0,11.0
0.7861635220125787,0.6144565228327927,0.7643424876291209,0.7861635220125787,0.7728028527090761,0.5958634304994495,0.6144565228327927,0.5999027911524661,0.7429715577447908,0.7416917043187083,0.9308491842199207,True,0.37460916896816343,0.06701027706731111,RF,1,dedup,Murmur2Vec,few_shot,,,R.1,1.0,11.0
0.8037735849056604,0.6226555634407083,0.7912443034763779,0.8037735849056604,0.7908510223857331,0.6536470085932066,0.6226555634407083,0.6239796669353519,0.7590124393200607,0.7580343067630211,0.9697674470528881,True,0.44897184800356627,0.06684800097718835,RF,2,dedup,Murmur2Vec,few_shot,,,R.1,1.0,11.0
0.7635220125786164,0.6039827540261502,0.7572418518328586,0.7635220125786164,0.7449569353131965,0.6198554657627248,0.6039827540261502,0.5697429924846988,0.7137968702668922,0.710491908068687,0.974219165599617,True,0.4003990760538727,0.07161368301603943,RF,3,dedup,Murmur2Vec,few_shot,,,R.1,1.0,11.0
0.7849056603773585,0.6834586239302228,0.7697276652243378,0.7849056603773585,0.7703418694387503,0.6815154873174712,0.6834586239302228,0.6650915129142547,0.7378530812232151,0.7367666906125168,0.9552215645904615,True,0.43917813105508685,0.06713412201497704,RF,4,dedup,Murmur2Vec,few_shot,,,R.1,1.0,11.0
0.7471698113207547,0.5663510306353896,0.7472850217107805,0.7471698113207547,0.7423927693392735,0.5825664133075199,0.5663510306353896,0.5658783017187154,0.6930540543634245,0.6915672464277236,0.7770397363576119,True,0.5388663680059835,0.004424386075697839,DT,0,dedup,Murmur2Vec,few_shot,,,R.1,1.0,11.0
0.7672955974842768,0.591931371192201,0.7711571871589,0.7672955974842768,0.766377190293038,0.593008971660529,0.591931371192201,0.5881064862750139,0.7210495940630678,0.7201018538078137,0.7903216921247226,True,0.488297892967239,0.004471727996133268,DT,1,dedup,Murmur2Vec,few_shot,,,R.1,1.0,11.0
0.7823899371069183,0.6088943064652453,0.7824468192980699,0.7823899371069183,0.7806271620357231,0.6281331346302276,0.6088943064652453,0.6133700386020833,0.7337554823246535,0.73328873116528,0.7991873326729039,True,0.5410246290266514,0.004439875017851591,DT,2,dedup,Murmur2Vec,few_shot,,,R.1,1.0,11.0
0.7610062893081762,0.6095815079542839,0.761683143097397,0.7610062893081762,0.7503431223523651,0.6556539362714512,0.6095815079542839,0.5944170235360406,0.7088331042545557,0.7074143017361441,0.7989366787474267,True,0.5478673280449584,0.004022389999590814,DT,3,dedup,Murmur2Vec,few_shot,,,R.1,1.0,11.0
0.7836477987421384,0.6717626085929032,0.78251680227056,0.7836477987421384,0.7783927409532452,0.6743851957835009,0.6717626085929032,0.6575569799013419,0.7370969851824221,0.7364068518025886,0.830586571282922,True,0.4978367410367355,0.0040013749385252595,DT,4,dedup,Murmur2Vec,few_shot,,,R.1,1.0,11.0
0.7685534591194969,0.6054747340232409,0.7626769053768777,0.7685534591194969,0.7594174170265965,0.630300642294589,0.6054747340232409,0.5988026389995901,0.7179996228881372,0.7170687174091325,0.967959230126604,True,58.57124294398818,0.01207240391522646,LR,0,dedup,Spike2Vec,few_shot,,,R.1,1.0,11.0
0.789937106918239,0.6325861394181648,0.7824222765160584,0.789937106918239,0.7815754013621555,0.616770220628522,0.6325861394181648,0.6155993316445194,0.7477516283997213,0.7468534241952183,0.9705058408053208,True,58.06794282293413,0.011548940907232463,LR,1,dedup,Spike2Vec,few_shot,,,R.1,1.0,11.0
0.8025157232704403,0.6244811732080954,0.8049227358841677,0.8025157232704403,0.7965494329340677,0.6958398603666939,0.6244811732080954,0.6389484826069339,0.7573374609596595,0.7568812075007159,0.9755576786721569,True,54.517922473023646,0.011516302940435708,LR,2,dedup,Spike2Vec,few_shot,,,R.1,1.0,11.0
0.779874213836478,0.6215459703352576,0.7623997024063616,0.779874213836478,0.7615664364759597,0.620944280277675,0.6215459703352576,0.5908397140764727,0.731524591730424,0.7300525051515587,0.9788249177269862,True,56.949906458030455,0.011927707004360855,LR,3,dedup,Spike2Vec,few_shot,,,R.1,1.0,11.0
0.7786163522012579,0.6538248902692402,0.7714262525632933,0.7786163522012579,0.7702113761018896,0.6491491102436079,0.6538248902692402,0.6362905316309562,0.7303708713107319,0.7298257538309441,0.9654236679159568,True,49.642818438005634,0.011404520948417485,LR,4,dedup,Spike2Vec,few_shot,,,R.1,1.0,11.0
0.8012578616352202,0.6569883222471492,0.7920071443696576,0.8012578616352202,0.789558230218039,0.6700756269776129,0.6569883222471492,0.6509040434220597,0.7592609979697988,0.7570175896748434,0.9398886407311496,True,0.2704293680144474,0.05757303594145924,RF,0,dedup,Spike2Vec,few_shot,,,R.1,1.0,11.0
0.7937106918238994,0.620706881798372,0.8046811144591863,0.7937106918238994,0.78192341694744,0.6466065868832384,0.620706881798372,0.6095535612100341,0.7526918393750508,0.7511057829057513,0.935215474010774,True,0.2645595909561962,0.04646577103994787,RF,1,dedup,Spike2Vec,few_shot,,,R.1,1.0,11.0
0.8125786163522013,0.6371210761380387,0.8000533036888818,0.8125786163522013,0.8009853870643534,0.6609875536320262,0.6371210761380387,0.6380446584866544,0.7698391155643787,0.769051699430891,0.9590693044158322,True,0.2610496609704569,0.057597356964834034,RF,2,dedup,Spike2Vec,few_shot,,,R.1,1.0,11.0
0.779874213836478,0.6462452356313126,0.8008876980089032,0.779874213836478,0.7600570252495984,0.6901446813703184,0.6462452356313126,0.6113073699309296,0.7346536351226483,0.7306446522920131,0.9634104170258163,True,0.2923396349651739,0.05750098393764347,RF,3,dedup,Spike2Vec,few_shot,,,R.1,1.0,11.0
0.7911949685534592,0.6750135838081641,0.7884247275003239,0.7911949685534592,0.7797523693215053,0.6696973290464988,0.6750135838081641,0.6518149019363171,0.7469666398406009,0.7453231079187782,0.9456676776569459,True,0.3355569749837741,0.05763192102313042,RF,4,dedup,Spike2Vec,few_shot,,,R.1,1.0,11.0
0.7433962264150943,0.5640653399195718,0.7428336404526603,0.7433962264150943,0.7381410375711649,0.5718101966754514,0.5640653399195718,0.5591131147782554,0.6884764403894331,0.6870078740157479,0.7758062529766355,True,0.45671688904985785,0.002416940056718886,DT,0,dedup,Spike2Vec,few_shot,,,R.1,1.0,11.0
0.769811320754717,0.5962766674729811,0.7680778027285666,0.769811320754717,0.766690005475854,0.599081219321679,0.5962766674729811,0.5940575824594607,0.7237093725678297,0.722987549339005,0.792542201445734,True,0.4501560019562021,0.002099625999107957,DT,1,dedup,Spike2Vec,few_shot,,,R.1,1.0,11.0
0.7874213836477988,0.6109307678372476,0.7882974749728099,0.7874213836477988,0.7854195397177437,0.6303366990396744,0.6109307678372476,0.6133394406778536,0.7398562793163557,0.739409984871407,0.8003267694706898,True,0.48233121901284903,0.0020906380377709866,DT,2,dedup,Spike2Vec,few_shot,,,R.1,1.0,11.0
0.7622641509433963,0.6171810786080417,0.763125676745096,0.7622641509433963,0.7538920838469937,0.6224874363294418,0.6171810786080417,0.5964032117914005,0.7112120579264424,0.7094253291458453,0.8027938987373275,True,0.48775924707297236,0.002133565954864025,DT,3,dedup,Spike2Vec,few_shot,,,R.1,1.0,11.0
0.779874213836478,0.6707060422713599,0.7755542364922072,0.779874213836478,0.7739667304187763,0.67108317573099,0.6707060422713599,0.6577782057874495,0.7319719866342426,0.7314520985824144,0.8299309469668908,True,0.45909274904988706,0.002126842038705945,DT,4,dedup,Spike2Vec,few_shot,,,R.1,1.0,11.0
0.7762326169405815,0.6376118951077704,0.7618983319742941,0.7762326169405815,0.7677527473455602,0.6318000774066426,0.6376118951077704,0.6323662149091908,0.7267011421548281,0.7259509515877411,0.9716723520365302,True,136.880963533069,0.012949659954756498,LR,0,dedup,Murmur2Vec,few_shot,,,R.1,5.0,11.0
0.8002528445006322,0.6756483403751026,0.7983716709314436,0.8002528445006322,0.7940076561502415,0.6653286991051073,0.6756483403751026,0.6598298919791443,0.7597049896031906,0.7589670401728028,0.971945983904201,True,130.61827294295654,0.013021687977015972,LR,1,dedup,Murmur2Vec,few_shot,,,R.1,5.0,11.0
0.8053097345132744,0.6449603934362996,0.8010356168798142,0.8053097345132744,0.8002073943433881,0.6864943412339995,0.6449603934362996,0.6577869407965387,0.7602587927284472,0.7599369364930778,0.9754145281692782,True,120.25244421197567,0.014183380058966577,LR,2,dedup,Murmur2Vec,few_shot,,,R.1,5.0,11.0
0.7888748419721872,0.6598301893440153,0.7685105608835853,0.7888748419721872,0.7720224217328066,0.6251080569756778,0.6598301893440153,0.6270357296525714,0.7425171215063543,0.740784493026925,0.9811357127947908,True,125.59515139297582,0.013503576046787202,LR,3,dedup,Murmur2Vec,few_shot,,,R.1,5.0,11.0
0.7850821744627055,0.6819860148589362,0.7724265312296281,0.7850821744627055,0.7761070375601714,0.6477748326536855,0.6819860148589362,0.658049823644259,0.7378757322711245,0.7373037641340616,0.9688331651406226,True,128.57733837899286,0.014064333983696997,LR,4,dedup,Murmur2Vec,few_shot,,,R.1,5.0,11.0
0.7876106194690266,0.652226460042002,0.7711634476415079,0.7876106194690266,0.7741156698632261,0.6392300066947392,0.652226460042002,0.6382553704139333,0.7417103407651586,0.739786836998643,0.9605342971435378,True,0.374045567936264,0.10274829110130668,RF,0,dedup,Murmur2Vec,few_shot,,,R.1,5.0,11.0
0.8040455120101138,0.664627890023448,0.7848818513946895,0.8040455120101138,0.7917020214685379,0.6483979190357231,0.664627890023448,0.6502597114579928,0.7642501644131002,0.7630143499976805,0.954593782215283,True,0.4108530320227146,0.06751046900171787,RF,1,dedup,Murmur2Vec,few_shot,,,R.1,5.0,11.0
0.8027812895069533,0.6253412666793124,0.7885597981995082,0.8027812895069533,0.7912945256547428,0.660191982067026,0.6253412666793124,0.6326285950456257,0.7569978660716613,0.7562981395899988,0.9642479525079886,True,0.49048472102731466,0.06805537396576256,RF,2,dedup,Murmur2Vec,few_shot,,,R.1,5.0,11.0
0.7812895069532237,0.6609529416952444,0.7790593417323541,0.7812895069532237,0.7635889396858939,0.6674054151200411,0.6609529416952444,0.6314387020016771,0.7354956830725534,0.7317787399522137,0.9735765738205729,True,0.36364090093411505,0.06778468890115619,RF,3,dedup,Murmur2Vec,few_shot,,,R.1,5.0,11.0
0.7888748419721872,0.6855661295615714,0.7746274354236308,0.7888748419721872,0.775219246820406,0.6625974133979953,0.6855661295615714,0.6599650305269604,0.7424821430307462,0.7413716814159292,0.9463013146665218,True,0.4137217140523717,0.0666949690785259,RF,4,dedup,Murmur2Vec,few_shot,,,R.1,5.0,11.0
0.7711757269279393,0.64228395124555,0.7784177938518646,0.7711757269279393,0.770267281264703,0.6383949727971261,0.64228395124555,0.6340035567274229,0.722155505723214,0.7209843918390892,0.815617053300186,True,0.5236163400113583,0.004179420066066086,DT,0,dedup,Murmur2Vec,few_shot,,,R.1,5.0,11.0
0.7724399494310998,0.6232942736614153,0.7804927516570891,0.7724399494310998,0.7734349753178861,0.6403630371614237,0.6232942736614153,0.6270329358748012,0.7264768574446896,0.7258274472952467,0.8061187721747799,True,0.4588356079766527,0.00398717203643173,DT,1,dedup,Murmur2Vec,few_shot,,,R.1,5.0,11.0
0.7926675094816688,0.6508990782963705,0.795057553378205,0.7926675094816688,0.793069158444641,0.668031570077082,0.6508990782963705,0.6570201119016151,0.7455636201066587,0.7454445556405879,0.8204281790773709,True,0.4938807520084083,0.004017049097456038,DT,2,dedup,Murmur2Vec,few_shot,,,R.1,5.0,11.0
0.7737041719342604,0.6613556575155148,0.7644920976442052,0.7737041719342604,0.760270739626619,0.6438090392983552,0.6613556575155148,0.6271513710676455,0.7252474516449041,0.7229145547697233,0.8251552250787433,True,0.5050699110142887,0.004001784021966159,DT,3,dedup,Murmur2Vec,few_shot,,,R.1,5.0,11.0
0.7825537294563844,0.6759532910432029,0.7709053368407849,0.7825537294563844,0.7729449633683422,0.6516073911139911,0.6759532910432029,0.6539125601620275,0.7349880126871896,0.7342225660380307,0.8326367428442232,True,0.48126960603985935,0.00400665495544672,DT,4,dedup,Murmur2Vec,few_shot,,,R.1,5.0,11.0
0.7800252844500632,0.6425294921306306,0.7653740277915808,0.7800252844500632,0.7712150943063512,0.6355937118838463,0.6425294921306306,0.6363431654126828,0.7314095845718036,0.7306406663430978,0.9716361521521031,True,61.93815680593252,0.011377710965462029,LR,0,dedup,Spike2Vec,few_shot,,,R.1,5.0,11.0
0.8015170670037927,0.6780406848727103,0.7987264007840965,0.8015170670037927,0.7951853431225124,0.6671205652476229,0.6780406848727103,0.6628348063752033,0.7611885115373512,0.7604828646316508,0.9715150933892207,True,51.28799048997462,0.012003463925793767,LR,1,dedup,Spike2Vec,few_shot,,,R.1,5.0,11.0
0.809102402022756,0.6456932944202166,0.8059342871805998,0.809102402022756,0.8036554855942659,0.6977814403813635,0.6456932944202166,0.6613498215780402,0.7648776228848875,0.7645392447734419,0.9749236063888205,True,59.551515299943276,0.013306051027029753,LR,2,dedup,Spike2Vec,few_shot,,,R.1,5.0,11.0
0.7901390644753477,0.6624550612443485,0.7660872097289889,0.7901390644753477,0.7723154382385122,0.6241821748181421,0.6624550612443485,0.6291171246459254,0.7439169158661947,0.7422810519477205,0.981368992661735,True,58.52011179598048,0.01217097498010844,LR,3,dedup,Spike2Vec,few_shot,,,R.1,5.0,11.0
0.7876106194690266,0.6867794357237856,0.7749418561422717,0.7876106194690266,0.7787172543529686,0.6521089411104155,0.6867794357237856,0.6628743896530355,0.7409609641706748,0.7403953223960023,0.9689343377247442,True,60.09930929902475,0.011952718952670693,LR,4,dedup,Spike2Vec,few_shot,,,R.1,5.0,11.0
0.8065739570164349,0.6709541406594286,0.7931250001571778,0.8065739570164349,0.7933715006530728,0.6552529711782722,0.6709541406594286,0.6520977771988465,0.7649580540077779,0.7631379625515957,0.9422467305266959,True,0.34620345500297844,0.04847714595962316,RF,0,dedup,Spike2Vec,few_shot,,,R.1,5.0,11.0
0.8065739570164349,0.6644366433730601,0.7864714312523357,0.8065739570164349,0.7946924994881222,0.6457780317811547,0.6644366433730601,0.650907238024523,0.7670965292240253,0.7661011642469502,0.9343891186616808,True,0.31895038101356477,0.04895927291363478,RF,1,dedup,Spike2Vec,few_shot,,,R.1,5.0,11.0
0.8103666245259166,0.6440802524605608,0.7965867932025518,0.8103666245259166,0.7979241238133207,0.6690483199984018,0.6440802524605608,0.6451163789483274,0.7665842090680547,0.7658132782785647,0.9638860244003419,True,0.34945809794589877,0.046635092003270984,RF,2,dedup,Spike2Vec,few_shot,,,R.1,5.0,11.0
0.7812895069532237,0.6572870693576987,0.7654497027164394,0.7812895069532237,0.7594624940492928,0.6443230066540157,0.6572870693576987,0.6226111516909212,0.7355749790109134,0.7317566574209293,0.9661987823100397,True,0.2790172869572416,0.04676303802989423,RF,3,dedup,Spike2Vec,few_shot,,,R.1,5.0,11.0
0.7951959544879899,0.6970531353984069,0.7843415342909655,0.7951959544879899,0.7797994657429015,0.6682695082695083,0.6970531353984069,0.6648542936369469,0.751439461831112,0.7497133682695256,0.9532884054180152,True,0.3453692459734157,0.06716137903276831,RF,4,dedup,Spike2Vec,few_shot,,,R.1,5.0,11.0
0.7699115044247787,0.6297249595442962,0.7703948335496671,0.7699115044247787,0.7650258353959625,0.6272078594375166,0.6297249595442962,0.622406897289583,0.7208582696878741,0.7192201621931573,0.8093020252933133,True,0.47325034299865365,0.0021105430787429214,DT,0,dedup,Spike2Vec,few_shot,,,R.1,5.0,11.0
0.7812895069532237,0.6422986696781952,0.7871002628473994,0.7812895069532237,0.7806840894892182,0.6596103512368038,0.6422986696781952,0.6434965625443809,0.7372375261986764,0.736531822846372,0.8158342810833686,True,0.43777682597283274,0.0037370959762483835,DT,1,dedup,Spike2Vec,few_shot,,,R.1,5.0,11.0
0.7926675094816688,0.6426218458504249,0.7927632630232133,0.7926675094816688,0.7912434567916046,0.6454168795864749,0.6426218458504249,0.6403122467915694,0.7455478329293042,0.7453661083554322,0.816294490833505,True,0.46857311204075813,0.0025091939605772495,DT,2,dedup,Spike2Vec,few_shot,,,R.1,5.0,11.0
0.7749683944374209,0.6622860370918627,0.7614184172217657,0.7749683944374209,0.7614841357822623,0.627975861795317,0.6622860370918627,0.633841110381532,0.7264655041923146,0.7243783743574284,0.8256476205831963,True,0.48225876805372536,0.0025561649817973375,DT,3,dedup,Spike2Vec,few_shot,,,R.1,5.0,11.0
0.7699115044247787,0.6575366495800776,0.7600626976128457,0.7699115044247787,0.7610446275538634,0.6148514877114452,0.6575366495800776,0.6235701261000053,0.7199923725836458,0.7191670324311144,0.8231562992199983,True,0.4626750029856339,0.004269200027920306,DT,4,dedup,Spike2Vec,few_shot,,,R.1,5.0,11.0
0.77735368956743,0.6463838249323318,0.7617500199953419,0.77735368956743,0.7683081730256222,0.6329822139693803,0.6463838249323318,0.6376948850105882,0.7273275554053381,0.7265826106142798,0.9717269237034525,True,146.86243598198052,0.014470146968960762,LR,0,dedup,Murmur2Vec,few_shot,,,R.1,10.0,11.0
0.7989821882951654,0.6756483403751026,0.7970890479729922,0.7989821882951654,0.7926972722835128,0.6653286991051073,0.6756483403751026,0.6598298919791443,0.7575560474437576,0.756808835624486,0.9721311003245406,True,108.98444110003766,0.01293836603872478,LR,1,dedup,Murmur2Vec,few_shot,,,R.1,10.0,11.0
0.806615776081425,0.6601119085878149,0.8006065643410507,0.806615776081425,0.8009596049542241,0.6884339766343405,0.6601119085878149,0.668026561271648,0.761178782990837,0.7608699568264109,0.9787525012008882,True,115.94430039299186,0.0128462869906798,LR,2,dedup,Murmur2Vec,few_shot,,,R.1,10.0,11.0
0.787531806615776,0.6598301893440153,0.767037981754346,0.787531806615776,0.7705721826853054,0.6251080569756778,0.6598301893440153,0.6270357296525714,0.7401475014446197,0.7383931934637162,0.9811865028140065,True,119.99689496704377,0.012941602966748178,LR,3,dedup,Murmur2Vec,few_shot,,,R.1,10.0,11.0
0.7837150127226463,0.6819860148589362,0.7709788628532263,0.7837150127226463,0.774682782073913,0.6477748326536855,0.6819860148589362,0.658049823644259,0.7354778653891261,0.734898836189622,0.9687526380661261,True,109.18101544003002,0.012792776920832694,LR,4,dedup,Murmur2Vec,few_shot,,,R.1,10.0,11.0
0.787531806615776,0.6589635697489187,0.7858162397261914,0.787531806615776,0.7759497276635253,0.637990783028171,0.6589635697489187,0.6307712502558641,0.7411857277224936,0.7390972496904238,0.9488980072673207,True,0.424813074991107,0.06777879293076694,RF,0,dedup,Murmur2Vec,few_shot,,,R.1,10.0,11.0
0.8027989821882952,0.6633968046871613,0.7835134480594727,0.8027989821882952,0.7912938186418075,0.6474295350455045,0.6633968046871613,0.6498162535061877,0.7616826044412884,0.7607982423589146,0.9553722018554303,True,0.45310715097002685,0.06650607008486986,RF,1,dedup,Murmur2Vec,few_shot,,,R.1,10.0,11.0
0.8002544529262087,0.6255013503290484,0.7857197829068232,0.8002544529262087,0.7880048939380322,0.6540584145421547,0.6255013503290484,0.6284787050702724,0.7531026250177966,0.752384812646229,0.9560368345342254,True,0.4146270719356835,0.06847483199089766,RF,2,dedup,Murmur2Vec,few_shot,,,R.1,10.0,11.0
0.7735368956743003,0.6533955421949194,0.7621258698560001,0.7735368956743003,0.7552866904845518,0.6505873085619075,0.6533955421949194,0.6260354901829026,0.7247017230330205,0.7214574963267939,0.9793940915791438,True,0.3922480900073424,0.06654767598956823,RF,3,dedup,Murmur2Vec,few_shot,,,R.1,10.0,11.0
0.787531806615776,0.6794922944216674,0.7702360872138022,0.787531806615776,0.771653929712153,0.6561980549182559,0.6794922944216674,0.6529012440441275,0.7400482105256457,0.7387966441670911,0.9493163827522785,True,0.46155114902649075,0.07765668106731027,RF,4,dedup,Murmur2Vec,few_shot,,,R.1,10.0,11.0
0.7709923664122137,0.6428232602380844,0.7715708729681309,0.7709923664122137,0.7667039942111536,0.6232111593534382,0.6428232602380844,0.6277918008000698,0.7211353153637856,0.719792755965396,0.815863320869635,True,0.5058617199538276,0.004224230069667101,DT,0,dedup,Murmur2Vec,few_shot,,,R.1,10.0,11.0
0.77735368956743,0.6499770612706235,0.7856925519566523,0.77735368956743,0.778041249283147,0.6556336245520756,0.6499770612706235,0.6475191962028138,0.7319181619809038,0.7312101114242053,0.8195782821990542,True,0.47325584397185594,0.00416457699611783,DT,1,dedup,Murmur2Vec,few_shot,,,R.1,10.0,11.0
0.7989821882951654,0.664077465326305,0.7988574148420217,0.7989821882951654,0.7975947274276747,0.6863698037841789,0.664077465326305,0.6704118087997329,0.7525266899232348,0.7523614675496372,0.8271543246514433,True,0.47973572998307645,0.0040139988996088505,DT,2,dedup,Murmur2Vec,few_shot,,,R.1,10.0,11.0
0.7709923664122137,0.6533063257050756,0.7626316590280606,0.7709923664122137,0.7607614339767835,0.6323374326959175,0.6533063257050756,0.6282687203684719,0.7203009076226101,0.7186493258561031,0.8210486380452281,True,0.537247083033435,0.004048379953019321,DT,3,dedup,Murmur2Vec,few_shot,,,R.1,10.0,11.0
0.7786259541984732,0.669276813259983,0.772436047331196,0.7786259541984732,0.7720550101897652,0.6407126179482495,0.669276813259983,0.6422505927817013,0.7297501506946267,0.7290686064755384,0.8292191257807608,True,0.473004178958945,0.003937165020033717,DT,4,dedup,Murmur2Vec,few_shot,,,R.1,10.0,11.0
0.7786259541984732,0.6475799971811357,0.7628525373719832,0.7786259541984732,0.7694529063512431,0.6328123181933617,0.6475799971811357,0.6381053112003424,0.7289342012614439,0.7281865989339248,0.9716836288904358,True,64.37275335995946,0.01159129396546632,LR,0,dedup,Spike2Vec,few_shot,,,R.1,10.0,11.0
0.8002544529262087,0.6780406848727103,0.7974460343768707,0.8002544529262087,0.7938824509031901,0.6671205652476229,0.6780406848727103,0.6628348063752033,0.7590526044189658,0.7583380822851369,0.9716525001939335,True,61.38279045303352,0.011533150915056467,LR,1,dedup,Spike2Vec,few_shot,,,R.1,10.0,11.0
0.8104325699745547,0.6608448095717319,0.805710979809102,0.8104325699745547,0.8045232816238654,0.6998635152832059,0.6608448095717319,0.6716641089929387,0.7658440563005426,0.7655154739284777,0.9784580917319111,True,56.00320996704977,0.011110185063444078,LR,2,dedup,Spike2Vec,few_shot,,,R.1,10.0,11.0
0.7900763358778626,0.6634651622544495,0.7657773952211536,0.7900763358778626,0.7717381475715265,0.6250089655923604,0.6634651622544495,0.6297810767302031,0.743222597427454,0.741474684692407,0.9814494883485204,True,59.92313575593289,0.012051452067680657,LR,3,dedup,Spike2Vec,few_shot,,,R.1,10.0,11.0
0.7849872773536896,0.6856430720874219,0.7722282606556746,0.7849872773536896,0.7761760102890437,0.6511080940207734,0.6856430720874219,0.6619216935995555,0.7369907794441483,0.7364530260463787,0.9689123990406343,True,62.796629695920274,0.013865054002963006,LR,4,dedup,Spike2Vec,few_shot,,,R.1,10.0,11.0
0.7989821882951654,0.6714336636571004,0.787143719239379,0.7989821882951654,0.7859207124780763,0.646144575938424,0.6714336636571004,0.6449266780782925,0.755356853720856,0.753154442456768,0.9389050980711923,True,0.27220526698511094,0.0680406839819625,RF,0,dedup,Spike2Vec,few_shot,,,R.1,10.0,11.0
0.8040712468193384,0.6661584445337158,0.7856289844888014,0.8040712468193384,0.792399452271838,0.6500025809505551,0.6661584445337158,0.6544417358039237,0.7637791885562732,0.7624655356809953,0.9323398390090929,True,0.2939806958893314,0.05722576298285276,RF,1,dedup,Spike2Vec,few_shot,,,R.1,10.0,11.0
0.8091603053435115,0.6472451030323263,0.7933537471346331,0.8091603053435115,0.7970973944709033,0.6665441031348426,0.6472451030323263,0.6474978995602944,0.764305528191607,0.7636497766801114,0.9536442805748003,True,0.29912190104369074,0.0507532519986853,RF,2,dedup,Spike2Vec,few_shot,,,R.1,10.0,11.0
0.7811704834605598,0.6619598659660552,0.7665349276962266,0.7811704834605598,0.7593197381459089,0.6451470891522203,0.6619598659660552,0.6245663609497275,0.7349661528015707,0.7309729723275797,0.958367953335271,True,0.2644725809805095,0.06755768903531134,RF,3,dedup,Spike2Vec,few_shot,,,R.1,10.0,11.0
0.7938931297709924,0.6795037365126025,0.7868223547633504,0.7938931297709924,0.7786954520309791,0.6262637445797471,0.6795037365126025,0.626197584008631,0.7493167416765306,0.747417782635518,0.9354767849500903,True,0.31314925104379654,0.04738895606715232,RF,4,dedup,Spike2Vec,few_shot,,,R.1,10.0,11.0
0.7608142493638677,0.6294395888076797,0.7606714330470488,0.7608142493638677,0.7574104213210366,0.6255261288070767,0.6294395888076797,0.6227643883851649,0.7079340550539547,0.7070553880374211,0.8089202071605706,True,0.4526314429240301,0.002171883941628039,DT,0,dedup,Spike2Vec,few_shot,,,R.1,10.0,11.0
0.7748091603053435,0.6376864174653237,0.7784761363929428,0.7748091603053435,0.772648423365573,0.6510796211733102,0.6376864174653237,0.6375640530648526,0.7288218913995479,0.7278569039277478,0.813360101728967,True,0.4514456558972597,0.0022063329815864563,DT,1,dedup,Spike2Vec,few_shot,,,R.1,10.0,11.0
0.7977099236641222,0.6588299631828168,0.799659668696073,0.7977099236641222,0.7960244317728167,0.6904319323158165,0.6588299631828168,0.6608667062274235,0.7510566552380076,0.7508512691286354,0.8245147361913129,True,0.47932160494383425,0.0023567930329591036,DT,2,dedup,Spike2Vec,few_shot,,,R.1,10.0,11.0
0.7659033078880407,0.6331413094753483,0.7582117781410592,0.7659033078880407,0.7521909948550096,0.6236191349239429,0.6331413094753483,0.6051504184149443,0.714710588558438,0.7122540339428185,0.8108405837115853,True,0.4589754880871624,0.0021387559827417135,DT,3,dedup,Spike2Vec,few_shot,,,R.1,10.0,11.0
0.767175572519084,0.6542133441204269,0.7607814478733659,0.767175572519084,0.7602201604244921,0.6180532654172486,0.6542133441204269,0.6243565074547516,0.7161992199293272,0.7153002511742247,0.8214392341307857,True,0.4596599140204489,0.0021830140613019466,DT,4,dedup,Spike2Vec,few_shot,,,R.1,10.0,11.0
0.7839195979899497,0.6637839493783815,0.7639489237400687,0.7839195979899497,0.7712153619141963,0.6516702585308054,0.6637839493783815,0.6535409882216946,0.7388618888896002,0.7380792503869162,0.9778928703074101,True,114.95602104405407,0.013968319981358945,LR,0,dedup,Murmur2Vec,few_shot,,,B.1.1.214,1.0,13.0
0.785175879396985,0.6711866639245957,0.7740960928430834,0.785175879396985,0.7750466632263763,0.6551260345531027,0.6711866639245957,0.6548535906401036,0.7350088207239456,0.7339728179931283,0.9748880405741166,True,100.64590585499536,0.01281021605245769,LR,1,dedup,Murmur2Vec,few_shot,,,B.1.1.214,1.0,13.0
0.7826633165829145,0.6656774511552445,0.7681290822172281,0.7826633165829145,0.7724555986881552,0.6572320131864883,0.6656774511552445,0.6512022922887685,0.7371301704027717,0.7366879292674345,0.9503458422380667,True,118.21824670699425,0.012487190077081323,LR,2,dedup,Murmur2Vec,few_shot,,,B.1.1.214,1.0,13.0
0.792713567839196,0.6644920674314524,0.7855571752764117,0.792713567839196,0.7844085478407581,0.6724317285148717,0.6644920674314524,0.6574374826707263,0.746369207965264,0.7459446703315834,0.9759000144377804,True,121.12002578703687,0.012606490985490382,LR,3,dedup,Murmur2Vec,few_shot,,,B.1.1.214,1.0,13.0
0.7952261306532663,0.657940090592191,0.7755100370743774,0.7952261306532663,0.7830695428285704,0.6317002753319344,0.657940090592191,0.6362320179563773,0.743410517148798,0.7430361220532868,0.9798410984972844,True,118.61738757404964,0.012642137007787824,LR,4,dedup,Murmur2Vec,few_shot,,,B.1.1.214,1.0,13.0
0.7801507537688442,0.6441928117937945,0.7750146846320322,0.7801507537688442,0.7688738713304176,0.6515502578563513,0.6441928117937945,0.6356072424208952,0.7346727271650444,0.7332378377136204,0.9472518011678727,True,0.38233984902035445,0.0678609210299328,RF,0,dedup,Murmur2Vec,few_shot,,,B.1.1.214,1.0,13.0
0.7826633165829145,0.6546600111347533,0.7687239765331837,0.7826633165829145,0.769165931291056,0.6504167087022391,0.6546600111347533,0.6422387278257543,0.7319379508714575,0.7300795797561646,0.9520860620483181,True,0.44768322503659874,0.06663831206969917,RF,1,dedup,Murmur2Vec,few_shot,,,B.1.1.214,1.0,13.0
0.7902010050251256,0.6732778758320811,0.7797651140518014,0.7902010050251256,0.7750732242912343,0.6396932901303046,0.6732778758320811,0.6332946525703563,0.7470835517113589,0.7456065984747725,0.9381815006539157,True,0.38316436600871384,0.06650652305688709,RF,2,dedup,Murmur2Vec,few_shot,,,B.1.1.214,1.0,13.0
0.7864321608040201,0.6400160996184184,0.7768322431464556,0.7864321608040201,0.7737241279309156,0.6489027758424477,0.6400160996184184,0.6329482413051554,0.7395647789968394,0.7378789346246973,0.9620304655851551,True,0.44433339999523014,0.07587993599008769,RF,3,dedup,Murmur2Vec,few_shot,,,B.1.1.214,1.0,13.0
0.8190954773869347,0.6885345899273069,0.805395227315678,0.8190954773869347,0.8075321490811678,0.6622647124428122,0.6885345899273069,0.6619806106796804,0.7738819077352758,0.7729934625507737,0.9544443887335593,True,0.4495070470729843,0.06681737105827779,RF,4,dedup,Murmur2Vec,few_shot,,,B.1.1.214,1.0,13.0
0.7650753768844221,0.6423776856584493,0.761149200271415,0.7650753768844221,0.7595256400202317,0.6114328277675063,0.6423776856584493,0.6224769590310855,0.7171099191010243,0.7159849570405591,0.8154539252510808,True,0.5081434469902888,0.00402086996473372,DT,0,dedup,Murmur2Vec,few_shot,,,B.1.1.214,1.0,13.0
0.7487437185929648,0.63927799066621,0.7400433084527475,0.7487437185929648,0.7397502843381122,0.5915269362419312,0.63927799066621,0.603543268827888,0.6900502342734709,0.6891353589002578,0.8135161251352456,True,0.49503352504689246,0.0039865500293672085,DT,1,dedup,Murmur2Vec,few_shot,,,B.1.1.214,1.0,13.0
0.7751256281407035,0.662535851820364,0.7702188736178615,0.7751256281407035,0.7669391365215159,0.6556465811306615,0.662535851820364,0.6414558071956673,0.7289475788870446,0.7277847404780828,0.8258125517937713,True,0.49588067701552063,0.004092713003046811,DT,2,dedup,Murmur2Vec,few_shot,,,B.1.1.214,1.0,13.0
0.7826633165829145,0.6602918341556987,0.7853217867841542,0.7826633165829145,0.7763001520359898,0.6672371807303787,0.6602918341556987,0.6510497083098131,0.7356818825217302,0.7342575564308058,0.8248913407521061,True,0.4662663989001885,0.0041747980285435915,DT,3,dedup,Murmur2Vec,few_shot,,,B.1.1.214,1.0,13.0
0.7952261306532663,0.7007661142666819,0.7912498589735878,0.7952261306532663,0.7910942401820257,0.6613999217164358,0.7007661142666819,0.6765004158719075,0.7448868897220648,0.7442643371860168,0.8453845794389673,True,0.4809785269899294,0.004123246064409614,DT,4,dedup,Murmur2Vec,few_shot,,,B.1.1.214,1.0,13.0
0.7826633165829145,0.6661408517352837,0.7633426971831087,0.7826633165829145,0.7708284529204752,0.6500596658105121,0.6661408517352837,0.6552447498759387,0.7373410051174686,0.7366189344110228,0.9778926829544268,True,58.28590733197052,0.011818106984719634,LR,0,dedup,Spike2Vec,few_shot,,,B.1.1.214,1.0,13.0
0.7864321608040201,0.6736478037829172,0.7752181290618363,0.7864321608040201,0.7761736470279273,0.6608137342991346,0.6736478037829172,0.6585633192785184,0.7361734328950145,0.735249118605734,0.975030298957098,True,51.75272977806162,0.011691859923303127,LR,1,dedup,Spike2Vec,few_shot,,,B.1.1.214,1.0,13.0
0.7839195979899497,0.6638968858364731,0.7669752722933008,0.7839195979899497,0.7731604307829739,0.6449259725018207,0.6638968858364731,0.6476053450937728,0.7386316255605314,0.7381654060566653,0.9505997326087257,True,52.453541505965404,0.011676704976707697,LR,2,dedup,Spike2Vec,few_shot,,,B.1.1.214,1.0,13.0
0.7939698492462312,0.6638684003184235,0.7856223884585224,0.7939698492462312,0.7849499359144066,0.6710293648777783,0.6638684003184235,0.6563439803196746,0.7479155268494984,0.7474506921000958,0.97557203199712,True,56.038290668977425,0.013093630084767938,LR,3,dedup,Spike2Vec,few_shot,,,B.1.1.214,1.0,13.0
0.7952261306532663,0.6647582724103729,0.773904480117168,0.7952261306532663,0.7819465722342478,0.6328908200301435,0.6647582724103729,0.6392956936899071,0.7434265351630741,0.7429938753357472,0.9802651441497345,True,55.7873997699935,0.012924178037792444,LR,4,dedup,Spike2Vec,few_shot,,,B.1.1.214,1.0,13.0
0.7801507537688442,0.6361766554569,0.7587787288723556,0.7801507537688442,0.7663705445780307,0.6085575817798557,0.6361766554569,0.616812554725074,0.7346880894933011,0.7333113805012903,0.9411832344680899,True,0.25462369492743164,0.04722679196856916,RF,0,dedup,Spike2Vec,few_shot,,,B.1.1.214,1.0,13.0
0.7839195979899497,0.6548186734053889,0.7660214854414285,0.7839195979899497,0.7702949725021909,0.6343176537493145,0.6548186734053889,0.6381692073797361,0.733346998457374,0.7318810353302432,0.9623531762376202,True,0.3082283859839663,0.04786696296650916,RF,1,dedup,Spike2Vec,few_shot,,,B.1.1.214,1.0,13.0
0.7977386934673367,0.6667804592970706,0.7837535290841063,0.7977386934673367,0.7823372819345131,0.6513034806375186,0.6667804592970706,0.6402639144777976,0.7561890598370675,0.7546929642383395,0.940059929546739,True,0.2862044039648026,0.04551119601819664,RF,2,dedup,Spike2Vec,few_shot,,,B.1.1.214,1.0,13.0
0.7914572864321608,0.6626949845943358,0.7845078951729239,0.7914572864321608,0.7796547353803093,0.6658938610010727,0.6626949845943358,0.6517472619390576,0.746085462635249,0.7443826908530959,0.95071922105594,True,0.2979748279321939,0.04679998802021146,RF,3,dedup,Spike2Vec,few_shot,,,B.1.1.214,1.0,13.0
0.8178391959798995,0.6966616329155113,0.8023295682787996,0.8178391959798995,0.805672642240693,0.6693493189816718,0.6966616329155113,0.6720986456459879,0.7721026472205355,0.7712480478195036,0.9531198856045525,True,0.24429660302121192,0.04555344604887068,RF,4,dedup,Spike2Vec,few_shot,,,B.1.1.214,1.0,13.0
0.7688442211055276,0.6567085535666259,0.7685639692564467,0.7688442211055276,0.7637593893744978,0.62667748547557,0.6567085535666259,0.6343091917587901,0.7219034331960476,0.720555744229441,0.822703687742171,True,0.48544364294502884,0.0021529640071094036,DT,0,dedup,Spike2Vec,few_shot,,,B.1.1.214,1.0,13.0
0.7537688442211056,0.6473110487956723,0.7451186581650979,0.7537688442211056,0.7455268830369618,0.6115248528080843,0.6473110487956723,0.6201781280169599,0.696011141913006,0.6951246441042958,0.8176407417657682,True,0.4859136180020869,0.0023683710023760796,DT,1,dedup,Spike2Vec,few_shot,,,B.1.1.214,1.0,13.0
0.7751256281407035,0.6667854106560611,0.7700165919565813,0.7751256281407035,0.7664401015583295,0.6474746239667749,0.6667854106560611,0.6442391647238781,0.7292460762595587,0.7277993015596462,0.8279218034246342,True,0.5051023990381509,0.002565678092651069,DT,2,dedup,Spike2Vec,few_shot,,,B.1.1.214,1.0,13.0
0.7876884422110553,0.6650376831632382,0.7910193090044403,0.7876884422110553,0.7830260894237885,0.6896670141656309,0.6650376831632382,0.6637675952009953,0.7411496932229199,0.7402996542451018,0.8273612665948675,True,0.4991985330125317,0.0024086079793050885,DT,3,dedup,Spike2Vec,few_shot,,,B.1.1.214,1.0,13.0
0.7914572864321608,0.6863878307379129,0.791656755491216,0.7914572864321608,0.7894524231687404,0.6652111690242446,0.6863878307379129,0.667226474666856,0.7400557794345112,0.7396078431372549,0.8381044260257521,True,0.4800511449575424,0.002114385017193854,DT,4,dedup,Spike2Vec,few_shot,,,B.1.1.214,1.0,13.0
0.7891414141414141,0.6694657675601996,0.7807234291763766,0.7891414141414141,0.7790869411605601,0.6986632925340175,0.6694657675601996,0.6646788177569711,0.7446078588460743,0.744010776537805,0.9785978730773158,True,140.68400794500485,0.013029361027292907,LR,0,dedup,Murmur2Vec,few_shot,,,B.1.1.214,5.0,13.0
0.7891414141414141,0.6747039799419117,0.7816116029262323,0.7891414141414141,0.7808603779483543,0.6684716196931247,0.6747039799419117,0.6617873771222557,0.739166104632945,0.7383879281528087,0.9755625531541898,True,113.26375966798514,0.012513661989942193,LR,1,dedup,Murmur2Vec,few_shot,,,B.1.1.214,5.0,13.0
0.7891414141414141,0.6676086594818016,0.775920908594295,0.7891414141414141,0.7795688366793251,0.6604338452459758,0.6676086594818016,0.6537092136509275,0.7444478341156937,0.7440726930764721,0.950842382397451,True,116.14177417603787,0.012889939942397177,LR,2,dedup,Murmur2Vec,few_shot,,,B.1.1.214,5.0,13.0
0.7954545454545454,0.6636179415573265,0.7904522328898674,0.7954545454545454,0.7883737848780944,0.6731264353750548,0.6636179415573265,0.6574637348591734,0.7491496074300301,0.7488229501713941,0.9765112831280078,True,116.20907732192427,0.012553411070257425,LR,3,dedup,Murmur2Vec,few_shot,,,B.1.1.214,5.0,13.0
0.8005050505050505,0.6670309996831002,0.7826493493354406,0.8005050505050505,0.789247211921914,0.6373771870180911,0.6670309996831002,0.6429240176768811,0.7494137046849612,0.749121375485925,0.9802692317712228,True,115.30841689801309,0.012560504954308271,LR,4,dedup,Murmur2Vec,few_shot,,,B.1.1.214,5.0,13.0
0.7853535353535354,0.6419497099727026,0.7902550659151155,0.7853535353535354,0.7753733939461912,0.6931839185724944,0.6419497099727026,0.637501040375252,0.7402502143352785,0.7391925895363229,0.9658541120489317,True,0.557958543067798,0.06663423799909651,RF,0,dedup,Murmur2Vec,few_shot,,,B.1.1.214,5.0,13.0
0.7790404040404041,0.6353579766153274,0.7629370996956117,0.7790404040404041,0.7655298365034563,0.6391836762055181,0.6353579766153274,0.6262295000136113,0.7258754002631205,0.7247755610229771,0.97258427479178,True,0.3999788729706779,0.0673070449847728,RF,1,dedup,Murmur2Vec,few_shot,,,B.1.1.214,5.0,13.0
0.7954545454545454,0.6756892092772491,0.7751079546913321,0.7954545454545454,0.7799373632172787,0.6311262080765452,0.6756892092772491,0.6374806185055661,0.7527552858837997,0.7514490282986703,0.9462619624562266,True,0.49825506506022066,0.06688451499212533,RF,2,dedup,Murmur2Vec,few_shot,,,B.1.1.214,5.0,13.0
0.7853535353535354,0.6420862004147231,0.774386192946727,0.7853535353535354,0.772151839045428,0.6389691162707591,0.6420862004147231,0.6289899926183516,0.7377897189484631,0.7363241661721766,0.9707175652744298,True,0.45372809492982924,0.06798071891535074,RF,3,dedup,Murmur2Vec,few_shot,,,B.1.1.214,5.0,13.0
0.821969696969697,0.6873193893985106,0.8060932417276993,0.821969696969697,0.8087146517904192,0.662886711604058,0.6873193893985106,0.6597832951901603,0.776586839283949,0.7758630033056956,0.9688385080996033,True,0.400393967051059,0.06638785696122795,RF,4,dedup,Murmur2Vec,few_shot,,,B.1.1.214,5.0,13.0
0.7651515151515151,0.6453023670453488,0.7699929638474384,0.7651515151515151,0.7598736715991647,0.6419160588786853,0.6453023670453488,0.6212440949161302,0.7167113211749979,0.7156018209267576,0.8169114202514823,True,0.5225879660574719,0.003996726009063423,DT,0,dedup,Murmur2Vec,few_shot,,,B.1.1.214,5.0,13.0
0.7664141414141414,0.668024700536992,0.7630429909113294,0.7664141414141414,0.7595128478956747,0.6671887360288614,0.668024700536992,0.6527394950723017,0.7105181445632702,0.7099911722674606,0.8282837793291224,True,0.4968797570327297,0.003946187091059983,DT,1,dedup,Murmur2Vec,few_shot,,,B.1.1.214,5.0,13.0
0.7765151515151515,0.6607896610660425,0.7748285786871776,0.7765151515151515,0.7702923668927771,0.6419181237494894,0.6607896610660425,0.6404952341783785,0.7302094891806952,0.7292370450634202,0.8249849954532493,True,0.4929854479851201,0.003962617018260062,DT,2,dedup,Murmur2Vec,few_shot,,,B.1.1.214,5.0,13.0
0.7828282828282829,0.6485485144336556,0.784175829039911,0.7828282828282829,0.7780714954366268,0.6344874451157874,0.6485485144336556,0.6235217342485286,0.7345640376470635,0.733762781825573,0.8190144254064311,True,0.471201388980262,0.003981535090133548,DT,3,dedup,Murmur2Vec,few_shot,,,B.1.1.214,5.0,13.0
0.7929292929292929,0.6340348617802001,0.7976111371375555,0.7929292929292929,0.7926673711427666,0.6401240165069914,0.6340348617802001,0.6318437330435192,0.7415408592442204,0.740876473040883,0.811971826624879,True,0.48157356993760914,0.003983017988502979,DT,4,dedup,Murmur2Vec,few_shot,,,B.1.1.214,5.0,13.0
0.7904040404040404,0.673756905893891,0.7815433307615133,0.7904040404040404,0.7804731212894609,0.6992915793170504,0.673756905893891,0.6683257390586778,0.7461661935814188,0.7455534954654363,0.9786236484019515,True,53.344378903042525,0.011484041926451027,LR,0,dedup,Spike2Vec,few_shot,,,B.1.1.214,5.0,13.0
0.7916666666666666,0.6782737672503442,0.7836452615806255,0.7916666666666666,0.7829515560217373,0.674753220373008,0.6782737672503442,0.6662940141281198,0.7419742601171094,0.7412446315389292,0.9756990161984667,True,51.25715804193169,0.01162394299171865,LR,1,dedup,Spike2Vec,few_shot,,,B.1.1.214,5.0,13.0
0.7878787878787878,0.6638968858364731,0.7727057003274624,0.7878787878787878,0.777966797477918,0.6466592664311219,0.6638968858364731,0.6483625268078922,0.7428936453649795,0.7424958487674032,0.9511478278516683,True,52.966952153947204,0.011565614957362413,LR,2,dedup,Spike2Vec,few_shot,,,B.1.1.214,5.0,13.0
0.7967171717171717,0.6629942744442977,0.7904308244187165,0.7967171717171717,0.788873200896012,0.6716218017034362,0.6629942744442977,0.6563084045594612,0.7507084938853203,0.7503397018455502,0.9761684596719391,True,48.45247213204857,0.01150639308616519,LR,3,dedup,Spike2Vec,few_shot,,,B.1.1.214,5.0,13.0
0.7992424242424242,0.6647582724103729,0.7799919087279339,0.7992424242424242,0.7871714995568236,0.634459570520378,0.6647582724103729,0.64021419928131,0.7478088774334533,0.7474834166178723,0.9806421442411097,True,57.70854251901619,0.011632262961938977,LR,4,dedup,Spike2Vec,few_shot,,,B.1.1.214,5.0,13.0
0.7904040404040404,0.6568071114487772,0.7793341720764069,0.7904040404040404,0.778478083345789,0.6723732627945029,0.6568071114487772,0.6439054790577338,0.7464935834692383,0.7453682004640515,0.9465799733566946,True,0.29272404802031815,0.04609864891972393,RF,0,dedup,Spike2Vec,few_shot,,,B.1.1.214,5.0,13.0
0.7904040404040404,0.66611306083614,0.7751004876142785,0.7904040404040404,0.7766690907933905,0.6549099608344974,0.66611306083614,0.6509293826173242,0.7407419885345148,0.7392799420939387,0.9659680882118337,True,0.30243200005497783,0.1787029370898381,RF,1,dedup,Spike2Vec,few_shot,,,B.1.1.214,5.0,13.0
0.7941919191919192,0.6770661564349272,0.786917419820905,0.7941919191919192,0.7831568043501245,0.6558467734104402,0.6770661564349272,0.6496068238944435,0.7512053909117383,0.7500266246352425,0.9513170049448761,True,0.32587443199008703,0.045893961912952363,RF,2,dedup,Spike2Vec,few_shot,,,B.1.1.214,5.0,13.0
0.803030303030303,0.6631582936816651,0.7928810167442429,0.803030303030303,0.7911686257543599,0.6649437801948339,0.6631582936816651,0.654109672004285,0.7593302248094445,0.7578741083326801,0.9560579404570018,True,0.3388897990807891,0.056361987022683024,RF,3,dedup,Spike2Vec,few_shot,,,B.1.1.214,5.0,13.0
0.8244949494949495,0.6936474073720982,0.8098136840234698,0.8244949494949495,0.8129570687858076,0.673045446412421,0.6936474073720982,0.6714203802185639,0.7797973822274473,0.7792124183989652,0.9573708207077686,True,0.290539811947383,0.05719216191209853,RF,4,dedup,Spike2Vec,few_shot,,,B.1.1.214,5.0,13.0
0.7676767676767676,0.6470492800468826,0.7798124355675254,0.7676767676767676,0.7638613808605863,0.6611929809785431,0.6470492800468826,0.6328349582284575,0.7201400122779129,0.718507701401203,0.8178267751649759,True,0.5184319240506738,0.002459982060827315,DT,0,dedup,Spike2Vec,few_shot,,,B.1.1.214,5.0,13.0
0.7664141414141414,0.6598589010740751,0.7578689653739759,0.7664141414141414,0.7582446273427842,0.6436940874471596,0.6598589010740751,0.6400723074655081,0.710425863156665,0.7099308878466744,0.8242086479429791,True,0.49892630393151194,0.0027224740479141474,DT,1,dedup,Spike2Vec,few_shot,,,B.1.1.214,5.0,13.0
0.7790404040404041,0.6633762523613241,0.7757984668592027,0.7790404040404041,0.773501427944959,0.6286748488168882,0.6633762523613241,0.6339446767251532,0.7329943020272763,0.7323130585260995,0.8263474189420283,True,0.4690770439337939,0.002067880006507039,DT,2,dedup,Spike2Vec,few_shot,,,B.1.1.214,5.0,13.0
0.7853535353535354,0.6602971233897112,0.7914360035511779,0.7853535353535354,0.7825085317718837,0.6906119240619845,0.6602971233897112,0.6627295571524782,0.7375076099391793,0.7367690472932023,0.8249322149595805,True,0.4528463470051065,0.00217517395503819,DT,3,dedup,Spike2Vec,few_shot,,,B.1.1.214,5.0,13.0
0.7941919191919192,0.6438719573438609,0.7956650120172598,0.7941919191919192,0.792580125733263,0.6373608173632686,0.6438719573438609,0.6361163961873724,0.7430358677095632,0.7423804306830224,0.8169239367963992,True,0.4605532980058342,0.0022171869641169906,DT,4,dedup,Spike2Vec,few_shot,,,B.1.1.214,5.0,13.0
0.7941550190597204,0.6789354645298966,0.7793885139933029,0.7941550190597204,0.7845445905396136,0.6783306370192471,0.6789354645298966,0.6740258906359368,0.7499679293822674,0.7495043883002237,0.9791099717651516,True,128.87403075105976,0.012668841984122992,LR,0,dedup,Murmur2Vec,few_shot,,,B.1.1.214,10.0,13.0
0.7941550190597204,0.6841736769116086,0.7857021255928652,0.7941550190597204,0.7859541403921975,0.6707039154977206,0.6841736769116086,0.6698145081562392,0.7444996067577674,0.7437867884222351,0.9763465188871698,True,112.7770281219855,0.012958945939317346,LR,1,dedup,Murmur2Vec,few_shot,,,B.1.1.214,10.0,13.0
0.7916137229987293,0.6656774511552445,0.7814555183066623,0.7916137229987293,0.7837288266483332,0.6608606482885594,0.6656774511552445,0.6530992523623341,0.7468027862891201,0.7465229089337968,0.9514625292803655,True,106.29415682295803,0.012543626013211906,LR,2,dedup,Murmur2Vec,few_shot,,,B.1.1.214,10.0,13.0
0.8005082592121983,0.6636179415573265,0.7989377663475334,0.8005082592121983,0.7952114729159326,0.6757035525846583,0.6636179415573265,0.6588190853297508,0.7547175020314686,0.7544530096442957,0.9767975927738903,True,122.48204557097051,0.012351876008324325,LR,3,dedup,Murmur2Vec,few_shot,,,B.1.1.214,10.0,13.0
0.806861499364676,0.6821825148346153,0.7947954545575634,0.806861499364676,0.7976112304062802,0.6864704677768532,0.6821825148346153,0.6670355961739772,0.7566998118966626,0.7564256320769508,0.9809227003222172,True,110.23854189901613,0.012751906062476337,LR,4,dedup,Murmur2Vec,few_shot,,,B.1.1.214,10.0,13.0
0.7890724269377383,0.6494070991434185,0.7734654292833257,0.7890724269377383,0.7793979155477172,0.6364215473122804,0.6494070991434185,0.6393148667007045,0.7438879131898538,0.7430679156448082,0.9680821550535875,True,0.38225865294225514,0.06698802404571325,RF,0,dedup,Murmur2Vec,few_shot,,,B.1.1.214,10.0,13.0
0.7750952986022872,0.6412065041656289,0.7639781773894961,0.7750952986022872,0.7620437428052965,0.6532672097047123,0.6412065041656289,0.632139681969354,0.7205178044810995,0.7192452419486496,0.9624242326107697,True,0.39122978202067316,0.06960668391548097,RF,1,dedup,Murmur2Vec,few_shot,,,B.1.1.214,10.0,13.0
0.795425667090216,0.6685285536867981,0.7784104767099771,0.795425667090216,0.7808225957749231,0.6399916213818287,0.6685285536867981,0.6382660535118538,0.7517212955311253,0.7505924823633157,0.957269440973655,True,0.45626716897822917,0.06814962497446686,RF,2,dedup,Murmur2Vec,few_shot,,,B.1.1.214,10.0,13.0
0.7916137229987293,0.6457022698622594,0.7845862558270045,0.7916137229987293,0.779109432506953,0.6527129495170909,0.6457022698622594,0.6362496992740373,0.7450083943768343,0.7433183581825378,0.9652492876068794,True,0.4433546740328893,0.20437268307432532,RF,3,dedup,Murmur2Vec,few_shot,,,B.1.1.214,10.0,13.0
0.8284625158831004,0.7044754857293641,0.8192471072482622,0.8284625158831004,0.8182020896136714,0.7092560819373198,0.7044754857293641,0.6848359409508603,0.7841823093169209,0.7835335105895297,0.9789483410230511,True,0.3826633000280708,0.06838698300998658,RF,4,dedup,Murmur2Vec,few_shot,,,B.1.1.214,10.0,13.0
0.7687420584498094,0.6597061843474379,0.7755180402710716,0.7687420584498094,0.7670657736160144,0.6291764128521189,0.6597061843474379,0.6385403859754977,0.7211109167911337,0.7198740514746147,0.8242076440833828,True,0.5134877840755507,0.00407025997992605,DT,0,dedup,Murmur2Vec,few_shot,,,B.1.1.214,10.0,13.0
0.7687420584498094,0.6657504503968882,0.7607529948722678,0.7687420584498094,0.7611516994943242,0.6155676383191353,0.6657504503968882,0.6293715013870623,0.7129388747026617,0.7123826811940515,0.8272342149165763,True,0.503395572071895,0.003988674026913941,DT,1,dedup,Murmur2Vec,few_shot,,,B.1.1.214,10.0,13.0
0.7814485387547649,0.6612097818809001,0.7816156350547239,0.7814485387547649,0.7765811113169284,0.6626861508003418,0.6612097818809001,0.6461289408022021,0.7352390140602852,0.7344231289901079,0.8252932700792706,True,0.5017414989415556,0.003985407995060086,DT,2,dedup,Murmur2Vec,few_shot,,,B.1.1.214,10.0,13.0
0.7827191867852605,0.6566628911916494,0.788941398288941,0.7827191867852605,0.7792635063753676,0.6719312803498668,0.6566628911916494,0.6500460932071038,0.7337379318915144,0.733202356784876,0.8230501476380698,True,0.481436055037193,0.003940452006645501,DT,3,dedup,Murmur2Vec,few_shot,,,B.1.1.214,10.0,13.0
0.8017789072426937,0.7000450439659767,0.8078443056939197,0.8017789072426937,0.8011489538585048,0.7063846608426538,0.7000450439659767,0.6870120219908792,0.7518892434459394,0.7513659763541292,0.8451828917227282,True,0.5115967779420316,0.003955011954531074,DT,4,dedup,Murmur2Vec,few_shot,,,B.1.1.214,10.0,13.0
0.7928843710292249,0.6781272534702348,0.778684595000473,0.7928843710292249,0.7836928951772166,0.6758736609774526,0.6781272534702348,0.6732482748672202,0.7485204097699613,0.7479977290898483,0.9790406542382436,True,55.5570708559826,0.011553429998457432,LR,0,dedup,Spike2Vec,few_shot,,,B.1.1.214,10.0,13.0
0.7966963151207116,0.6877434642200412,0.7891355850641442,0.7966963151207116,0.7885372695226457,0.6775401043915635,0.6877434642200412,0.6743138444132079,0.7475141383589191,0.7468120272329885,0.9765104295174726,True,45.25050655193627,0.011539768078364432,LR,1,dedup,Spike2Vec,few_shot,,,B.1.1.214,10.0,13.0
0.7916137229987293,0.6615045413388656,0.7799188460223854,0.7916137229987293,0.7832104365849267,0.6491587109827205,0.6615045413388656,0.6480819597248471,0.7468156986702049,0.7464292871147854,0.9516687287727662,True,53.634348819963634,0.011321718920953572,LR,2,dedup,Spike2Vec,few_shot,,,B.1.1.214,10.0,13.0
0.8017789072426937,0.6629942744442977,0.7982442524274029,0.8017789072426937,0.7953842837062765,0.6738482122984908,0.6629942744442977,0.6574835947641872,0.7562754572479518,0.7559680221348524,0.9764294882532194,True,50.52363758394495,0.010290101985447109,LR,3,dedup,Spike2Vec,few_shot,,,B.1.1.214,10.0,13.0
0.8055908513341804,0.679909787561888,0.792130390352801,0.8055908513341804,0.795518485541004,0.6835732440359655,0.679909787561888,0.6643260941469024,0.7550818855529308,0.7547737363040201,0.9810825234409933,True,57.1230606129393,0.011406956007704139,LR,4,dedup,Spike2Vec,few_shot,,,B.1.1.214,10.0,13.0
0.8005082592121983,0.6655076891047531,0.7825403602443538,0.8005082592121983,0.7896725955107321,0.6453352486951806,0.6655076891047531,0.6524223602294434,0.7581409504787688,0.7572085437503684,0.9603788618449925,True,0.27805367100518197,0.047609410947188735,RF,0,dedup,Spike2Vec,few_shot,,,B.1.1.214,10.0,13.0
0.7903430749682337,0.6729243051473843,0.7793920671557824,0.7903430749682337,0.7790333552427956,0.6479699469204697,0.6729243051473843,0.6524871280509883,0.739795181226514,0.7386471358962438,0.9545589650541211,True,0.2570709070423618,0.057801224989816546,RF,1,dedup,Spike2Vec,few_shot,,,B.1.1.214,10.0,13.0
0.7992376111817027,0.6690047733735441,0.792343310903851,0.7992376111817027,0.7889399757726906,0.6567145016174017,0.6690047733735441,0.6468967268518165,0.7566472800796696,0.755596787571692,0.9617958036481705,True,0.29303571698255837,0.06700348691083491,RF,2,dedup,Spike2Vec,few_shot,,,B.1.1.214,10.0,13.0
0.7979669631512071,0.6612524578228617,0.7948311135245795,0.7979669631512071,0.7890676609105094,0.6742439098768404,0.6612524578228617,0.6583137842027883,0.7525832430367518,0.7511845938180408,0.971400664807902,True,0.30253570911008865,0.045831645955331624,RF,3,dedup,Spike2Vec,few_shot,,,B.1.1.214,10.0,13.0
0.8335451080050826,0.7096379081301397,0.8210605131222994,0.8335451080050826,0.8235664155939019,0.7105548550051511,0.7096379081301397,0.6937358725191821,0.7905709257596277,0.7900859023616532,0.9730024430106753,True,0.3598000219790265,0.07852395402733237,RF,4,dedup,Spike2Vec,few_shot,,,B.1.1.214,10.0,13.0
0.7750952986022872,0.6601729717697021,0.7786451771102455,0.7750952986022872,0.7724549371651577,0.6346378271471672,0.6601729717697021,0.64206717609459,0.7281558612928372,0.7270825047462124,0.8245921985655665,True,0.4793667240301147,0.0021954450057819486,DT,0,dedup,Spike2Vec,few_shot,,,B.1.1.214,10.0,13.0
0.7636594663278272,0.6725816142414522,0.7627780685228777,0.7636594663278272,0.7597726896767506,0.6427722618556978,0.6725816142414522,0.6494669018905278,0.7069130108311644,0.7063968822895836,0.8305241653183301,True,0.4841776549583301,0.00229505798779428,DT,1,dedup,Spike2Vec,few_shot,,,B.1.1.214,10.0,13.0
0.7941550190597204,0.6758125111929317,0.7956309738586959,0.7941550190597204,0.7906306966466585,0.6737072936963722,0.6758125111929317,0.6582083084928998,0.7506273351009343,0.7500681218940828,0.8329263801790471,True,0.4769261529436335,0.0020482069812715054,DT,2,dedup,Spike2Vec,few_shot,,,B.1.1.214,10.0,13.0
0.7903430749682337,0.6566870209785896,0.7951641241364592,0.7903430749682337,0.7883268338317098,0.6844670624705818,0.6566870209785896,0.660451815840947,0.7427487753640805,0.7422770439908306,0.8232414359390468,True,0.4540653619915247,0.002164592035114765,DT,3,dedup,Spike2Vec,few_shot,,,B.1.1.214,10.0,13.0
0.8119440914866582,0.710514310166865,0.8128852231785806,0.8119440914866582,0.8091099836709992,0.7150466404283885,0.710514310166865,0.6979322299139418,0.7645809907581911,0.7640289868578595,0.8506508493787192,True,0.4663225110853091,0.002080279984511435,DT,4,dedup,Spike2Vec,few_shot,,,B.1.1.214,10.0,13.0
