accuracy,balanced_accuracy,precision_weighted,recall_weighted,f1_weighted,precision_macro,recall_macro,f1_macro,mcc,kappa,roc_auc_ovr_macro,roc_auc_available,train_time,test_time,classifier,split,corpus,embedding,protocol,identity,n_clusters
0.8585714285714285,0.6925559144554252,0.8523549539198476,0.8585714285714285,0.8431374605323008,0.7481705484054103,0.6925559144554252,0.6854604515601964,0.809291389637296,0.8074396168675115,0.9805904745046252,True,340.551082356018,0.05251822795253247,LR,0,raw,Murmur2Vec,stratified,,
0.861904761904762,0.7004733381976634,0.8544037483014353,0.861904761904762,0.8475582368301832,0.7566717891621315,0.7004733381976634,0.6993231918128276,0.8136461887993155,0.8120050662936814,0.9854205231148594,True,372.42704227997456,0.050373996957205236,LR,1,raw,Murmur2Vec,stratified,,
0.8533333333333334,0.6687538586557081,0.8418382375725039,0.8533333333333334,0.8389681339442634,0.7119755419408402,0.6687538586557081,0.6711465137653025,0.8017408096779827,0.8002380589118596,0.9813519652967233,True,357.15339697909076,0.049180306028574705,LR,2,raw,Murmur2Vec,stratified,,
0.8485714285714285,0.6623975620922747,0.8445958844074561,0.8485714285714285,0.8352398723853331,0.7324641194569249,0.6623975620922747,0.6589791255239167,0.7958966078734959,0.7941517900903106,0.9857814467697342,True,373.60263220302295,0.04961024003569037,LR,3,raw,Murmur2Vec,stratified,,
0.8471428571428572,0.6875067372106175,0.8445978859981105,0.8471428571428572,0.8350394042878564,0.763750742751533,0.6875067372106175,0.6874802209848215,0.793498157634416,0.7921616483514451,0.9870907329528255,True,347.1951442450518,0.050020996015518904,LR,4,raw,Murmur2Vec,stratified,,
0.8495238095238096,0.6743749314170895,0.8473753021674126,0.8495238095238096,0.8411159377193559,0.7317619257685547,0.6743749314170895,0.6797239946927172,0.7963610250935887,0.7953883443506864,0.9858129156919456,True,322.11072106391657,0.04785216704476625,LR,5,raw,Murmur2Vec,stratified,,
0.8595238095238096,0.6948947884868306,0.8560872575446248,0.8595238095238096,0.8478558143521409,0.7750799041549015,0.6948947884868306,0.7047682401339426,0.8101224822667507,0.8088211967453621,0.9863743644725607,True,338.01154136203695,0.04731155396439135,LR,6,raw,Murmur2Vec,stratified,,
0.8514285714285714,0.67398348194115,0.8445444324261507,0.8514285714285714,0.8382956163689352,0.734276078951736,0.67398348194115,0.6797116538157845,0.7997079330694246,0.7978910585918509,0.9837673181133901,True,346.7463906840421,0.047248804941773415,LR,7,raw,Murmur2Vec,stratified,,
0.840952380952381,0.6447771550741723,0.8360070089872268,0.840952380952381,0.8292864749819352,0.722316013642362,0.6447771550741723,0.6501930212592041,0.785230571442037,0.7838241671266645,0.9835797764648031,True,352.41644553199876,0.04818805889226496,LR,8,raw,Murmur2Vec,stratified,,
0.8576190476190476,0.6831908595657807,0.8514576148778776,0.8576190476190476,0.8454598763333134,0.7594206503850658,0.6831908595657807,0.6877252448497516,0.807574679779604,0.8063503753638448,0.97925046914953,True,295.1656894290354,0.047967860009521246,LR,9,raw,Murmur2Vec,stratified,,
0.8504761904761905,0.6571520933949618,0.837390043850306,0.8504761904761905,0.8324889192701614,0.6977977847610795,0.6571520933949618,0.6500476270916259,0.7982670771828512,0.7962439547583711,0.9786647019251884,True,1.5210601559374481,0.1101850860286504,RF,0,raw,Murmur2Vec,stratified,,
0.8566666666666667,0.6844377766769604,0.8469637462505685,0.8566666666666667,0.839799201921783,0.7567462212086628,0.6844377766769604,0.6813871438650458,0.8067646847506188,0.8046766968267766,0.9809153508412198,True,1.4243493559770286,0.09483573806937784,RF,1,raw,Murmur2Vec,stratified,,
0.8504761904761905,0.6714160774715373,0.8438132634495003,0.8504761904761905,0.8384128503776064,0.7174060577346459,0.6714160774715373,0.6713877106370488,0.7975095047906151,0.796173413953126,0.9784112371764722,True,1.4190410249866545,0.1095509089063853,RF,2,raw,Murmur2Vec,stratified,,
0.8504761904761905,0.6540051278593245,0.8427802158545831,0.8504761904761905,0.8344096801657156,0.696218450347822,0.6540051278593245,0.6463749682119584,0.7985252455248858,0.796550051649259,0.9827512849116669,True,1.537828461965546,0.10953419795259833,RF,3,raw,Murmur2Vec,stratified,,
0.8442857142857143,0.6716378259080029,0.8365527907763187,0.8442857142857143,0.8289014813116183,0.726188669253058,0.6716378259080029,0.6683301441632497,0.7900402848296366,0.7880433876759592,0.9838476748126421,True,1.428298543090932,0.09956915292423218,RF,4,raw,Murmur2Vec,stratified,,
0.8485714285714285,0.6749861766940248,0.8493010723262949,0.8485714285714285,0.8387392109180597,0.755868581785819,0.6749861766940248,0.6766017391404053,0.7950737626201242,0.7940452619307563,0.9802541110935067,True,1.3388692999724299,0.09925951401237398,RF,5,raw,Murmur2Vec,stratified,,
0.8538095238095238,0.6814532684966085,0.85141864880057,0.8538095238095238,0.8403169042798458,0.7561423323453458,0.6814532684966085,0.688526930254763,0.8025901113866918,0.8008361975808719,0.9798536097137539,True,1.4786208720179275,0.0905821219785139,RF,6,raw,Murmur2Vec,stratified,,
0.8542857142857143,0.6611630363519369,0.8507403358322246,0.8542857142857143,0.8403065104789472,0.7405230332271597,0.6611630363519369,0.6654523423939854,0.803460694207826,0.8016190307425672,0.9835351315625246,True,1.4993971430230886,0.10180906893219799,RF,7,raw,Murmur2Vec,stratified,,
0.8442857142857143,0.6543001911197589,0.8349405584460388,0.8442857142857143,0.831283392130514,0.7225735938416036,0.6543001911197589,0.658955745622893,0.7897611459484292,0.7881974763206506,0.9766054332952556,True,1.465720470994711,0.1850272089941427,RF,8,raw,Murmur2Vec,stratified,,
0.8609523809523809,0.6796712388478435,0.8540795115551074,0.8609523809523809,0.8467678055064235,0.7545555397327156,0.6796712388478435,0.680776800647362,0.8121061285166119,0.8107516050004537,0.978587126047273,True,1.4275833220453933,0.1095931779127568,RF,9,raw,Murmur2Vec,stratified,,
0.8485714285714285,0.6681782867827392,0.8423748984349185,0.8485714285714285,0.8364798606015494,0.7135549475517533,0.6681782867827392,0.6670333093165043,0.7958384621438674,0.7941040628528334,0.9261657541120244,True,1.2491463570622727,0.009244535001926124,DT,0,raw,Murmur2Vec,stratified,,
0.849047619047619,0.6900138141212186,0.8517034667172708,0.849047619047619,0.8422383094222227,0.7483814159931396,0.6900138141212186,0.6930044071715773,0.7963259968402788,0.7950196897490446,0.9255794735250423,True,1.2839028530288488,0.009311830974183977,DT,1,raw,Murmur2Vec,stratified,,
0.84,0.6662167255155146,0.839280009901859,0.84,0.8307769139046214,0.6866966309390474,0.6662167255155146,0.6618700492855494,0.7844622575910499,0.7825451828950336,0.9276750405531864,True,1.2417617960600182,0.009294057032093406,DT,2,raw,Murmur2Vec,stratified,,
0.84,0.6568984888165476,0.8397532728856927,0.84,0.8303781764465981,0.69956420261952,0.6568984888165476,0.6500668958859821,0.7846525072094195,0.7828538895343022,0.9323843728982378,True,1.3391260310309008,0.009282835992053151,DT,3,raw,Murmur2Vec,stratified,,
0.8428571428571429,0.6904138969053489,0.8477049243244911,0.8428571428571429,0.8356241788517847,0.7511415761235689,0.6904138969053489,0.6822030761156921,0.7879165041814338,0.786809245034009,0.9351290276915871,True,1.2602732769446447,0.009323922917246819,DT,4,raw,Murmur2Vec,stratified,,
0.8466666666666667,0.6837641331299844,0.8524315924955768,0.8466666666666667,0.8399520965481437,0.7653050193409896,0.6837641331299844,0.6877469821391325,0.7930130763417629,0.7917901520621612,0.932279166708856,True,1.2194392679957673,0.00921715295407921,DT,5,raw,Murmur2Vec,stratified,,
0.8466666666666667,0.6791448547333443,0.845273461871259,0.8466666666666667,0.8364868999805117,0.7378709261472672,0.6791448547333443,0.6840027373525118,0.7932145855648457,0.7915966158643608,0.9308390954421008,True,1.3137085059424862,0.009309835964813828,DT,6,raw,Murmur2Vec,stratified,,
0.8438095238095238,0.6660750133962305,0.8419776218363436,0.8438095238095238,0.8349960432463285,0.7229236172237632,0.6660750133962305,0.669466478975142,0.7888656493506608,0.7876035463547243,0.9240097859960869,True,1.2047866060165688,0.00926369905937463,DT,7,raw,Murmur2Vec,stratified,,
0.8428571428571429,0.6622742698970607,0.8436993393361099,0.8428571428571429,0.8331750189974375,0.7307365792837764,0.6622742698970607,0.661427815875398,0.7880351579671784,0.7866047522782945,0.9266479562339758,True,1.3331738529959694,0.009150557918474078,DT,8,raw,Murmur2Vec,stratified,,
0.8547619047619047,0.6788406851633634,0.8488572311079609,0.8547619047619047,0.8434084685539492,0.7403083474852123,0.6788406851633634,0.6808593072319163,0.8037627752657575,0.8025095014359301,0.9192778536750589,True,1.282184595009312,0.00909195898566395,DT,9,raw,Murmur2Vec,stratified,,
0.8580952380952381,0.6916668024729965,0.8529640983042212,0.8580952380952381,0.8433853425317916,0.7498436305418927,0.6916668024729965,0.6860749561845009,0.808567131659986,0.8067864335548178,0.9806426669057139,True,179.9582640340086,0.03527695999946445,LR,0,raw,Spike2Vec,stratified,,
0.861904761904762,0.7007543930207031,0.8554676517321974,0.861904761904762,0.8475024340007072,0.7572870546147044,0.7007543930207031,0.6990940944925615,0.8137815717505659,0.8120701567717541,0.9852185917792275,True,189.29647611198016,0.03436729800887406,LR,1,raw,Spike2Vec,stratified,,
0.8533333333333334,0.670082694553064,0.8437022694744993,0.8533333333333334,0.8388384932966613,0.7190648237246777,0.670082694553064,0.6727047736658848,0.8017598182025313,0.8002329380305154,0.9813173471994232,True,198.77495119499508,0.03432622004766017,LR,2,raw,Spike2Vec,stratified,,
0.8485714285714285,0.6623156901088675,0.8443288692165752,0.8485714285714285,0.8351037393982613,0.7327200681524869,0.6623156901088675,0.659109824085676,0.7958767401188778,0.7941296428343521,0.9857453024946103,True,204.28545148600824,0.03481130790896714,LR,3,raw,Spike2Vec,stratified,,
0.85,0.6920782339613702,0.8484307535693524,0.85,0.8386474999848713,0.7687935975533342,0.6920782339613702,0.6930296640156826,0.7973138816367843,0.7960548404371918,0.9871725263850142,True,196.12533263501246,0.03522588906344026,LR,4,raw,Spike2Vec,stratified,,
0.8509523809523809,0.6756876159804418,0.8486293273745975,0.8509523809523809,0.8424396164822947,0.7322425024027908,0.6756876159804418,0.6808933687918868,0.7983811806277196,0.7973278604969398,0.9861044010646381,True,194.94607229193207,0.03456307202577591,LR,5,raw,Spike2Vec,stratified,,
0.86,0.695349333941376,0.8559440136530027,0.86,0.8481051051945387,0.7747746616302453,0.695349333941376,0.704923365509329,0.8107274672366512,0.8094715535845054,0.9864566653347616,True,186.4487911539618,0.035015050088986754,LR,6,raw,Spike2Vec,stratified,,
0.8523809523809524,0.6744942071709764,0.8457554127003117,0.8523809523809524,0.8394181442080502,0.7382370210858652,0.6744942071709764,0.6812230234371885,0.8009855861776586,0.7991925752457192,0.9838935303058183,True,178.64999431290198,0.03464184096083045,LR,7,raw,Spike2Vec,stratified,,
0.8419047619047619,0.6458543655349444,0.8361088234740719,0.8419047619047619,0.8298311724103327,0.7185178841634119,0.6458543655349444,0.6495835537815876,0.7865372470996449,0.7851341955907515,0.9837718739538204,True,161.40332321706228,0.03463680297136307,LR,8,raw,Spike2Vec,stratified,,
0.8566666666666667,0.6811551939205646,0.851086461897505,0.8566666666666667,0.8447936349987821,0.7581732841715856,0.6811551939205646,0.6855108341903888,0.8062569274131987,0.8050681660063059,0.9795009800541773,True,176.4352447129786,0.03459788009058684,LR,9,raw,Spike2Vec,stratified,,
0.8590476190476191,0.6798313062738431,0.8465765939748929,0.8590476190476191,0.841914935437348,0.716798988002727,0.6798313062738431,0.6730168435978545,0.8098145809864071,0.8079311221723064,0.9774497451282987,True,0.943687689024955,0.06951441895216703,RF,0,raw,Spike2Vec,stratified,,
0.8576190476190476,0.6911989826804411,0.8515593191420133,0.8576190476190476,0.8424905869139718,0.7664441425320961,0.6911989826804411,0.6876104469320256,0.8080487317946883,0.8062162039547449,0.9801645685745485,True,0.9303937990916893,0.06934153393376619,RF,1,raw,Spike2Vec,stratified,,
0.8523809523809524,0.6842460943543899,0.849872446788978,0.8523809523809524,0.8410847822251143,0.7295791037717518,0.6842460943543899,0.6825143772836181,0.8003938082623534,0.7989333895043229,0.9809765714148266,True,0.9078152399742976,0.06908832094632089,RF,2,raw,Spike2Vec,stratified,,
0.8533333333333334,0.6635748199368211,0.8467950811114902,0.8533333333333334,0.8370408519800449,0.6998133264407047,0.6635748199368211,0.6513814215801726,0.8026666974695019,0.8006012175410505,0.9840987609019002,True,0.9515457639936358,0.06956832890864462,RF,3,raw,Spike2Vec,stratified,,
0.8523809523809524,0.6871493444515306,0.8465618894516527,0.8523809523809524,0.8364487646920856,0.7274213257784043,0.6871493444515306,0.678062503420306,0.8013567840802194,0.7992234171495893,0.9850311117691362,True,0.9149449699325487,0.06987149803899229,RF,4,raw,Spike2Vec,stratified,,
0.8495238095238096,0.6812202290695327,0.8510627279783233,0.8495238095238096,0.8390515211826991,0.7595364155386032,0.6812202290695327,0.6810358113370744,0.7965465347356688,0.7954015291238339,0.9817287351609333,True,0.8757572789909318,0.06896106200292706,RF,5,raw,Spike2Vec,stratified,,
0.8561904761904762,0.6919913780038225,0.8549011011155921,0.8561904761904762,0.8452869195298698,0.7540775857458173,0.6919913780038225,0.6978527764747017,0.8058804134189391,0.8043485705136452,0.981014308287115,True,0.9603038360364735,0.07114467397332191,RF,6,raw,Spike2Vec,stratified,,
0.85,0.6571994034911927,0.8449551581842994,0.85,0.8361281121896952,0.7300943920677018,0.6571994034911927,0.6606457847707019,0.7979288558691195,0.7959315884944286,0.9829928266831061,True,0.9465014419984072,0.07091058499645442,RF,7,raw,Spike2Vec,stratified,,
0.8457142857142858,0.6604943374059651,0.839590202881764,0.8457142857142858,0.8327131481573734,0.7293097802167506,0.6604943374059651,0.6626284863551946,0.7919151303890395,0.7902282885970391,0.9806223238144127,True,0.9475339360069484,0.0711343539878726,RF,8,raw,Spike2Vec,stratified,,
0.861904761904762,0.6794590217941532,0.8569445212677399,0.861904761904762,0.8489884729230542,0.7595961586503656,0.6794590217941532,0.6821382491156714,0.8132369622378206,0.8120678370304126,0.9791811904648842,True,0.9170931359985843,0.07021114509552717,RF,9,raw,Spike2Vec,stratified,,
0.8471428571428572,0.6503134656256588,0.8389656628864764,0.8471428571428572,0.8331058047549745,0.6965893615306974,0.6503134656256588,0.6464348439923598,0.7939430246792948,0.7921091530259822,0.921749225073977,True,1.1960763650713488,0.005826137028634548,DT,0,raw,Spike2Vec,stratified,,
0.849047619047619,0.683306687240873,0.8507806433851861,0.849047619047619,0.8412040335211617,0.7342585034390766,0.683306687240873,0.6822055985264776,0.7965547356257493,0.7950352784404331,0.9264278402738132,True,1.2551940829725936,0.005718624917790294,DT,1,raw,Spike2Vec,stratified,,
0.840952380952381,0.6629820575683323,0.8428561375219873,0.840952380952381,0.8317477556671552,0.7021134321488067,0.6629820575683323,0.6628786096298654,0.7859143734201024,0.7837499194534737,0.9284457696175582,True,1.1238564170198515,0.005747278919443488,DT,2,raw,Spike2Vec,stratified,,
0.84,0.6520365498224212,0.8379016031175349,0.84,0.8305975491137029,0.6756541218606099,0.6520365498224212,0.6449005039756937,0.7848395639045884,0.7829996727772843,0.9326062620597532,True,1.211101460037753,0.0058247450506314635,DT,3,raw,Spike2Vec,stratified,,
0.8461904761904762,0.6973571889355186,0.8556312073619535,0.8461904761904762,0.8403170732167231,0.7730564947956232,0.6973571889355186,0.6927091710174934,0.7924314346646628,0.7913307670370907,0.9383015279534206,True,1.2184538759756833,0.005791742936708033,DT,4,raw,Spike2Vec,stratified,,
0.8476190476190476,0.6911472308773099,0.8531755862681553,0.8476190476190476,0.8414195381820813,0.7619423365634006,0.6911472308773099,0.6946152455008595,0.7942192241740957,0.7930847188754154,0.937109583154253,True,1.1654142290353775,0.005709619028493762,DT,5,raw,Spike2Vec,stratified,,
0.849047619047619,0.6763645673846481,0.8473786929395911,0.849047619047619,0.8387102285595093,0.7437587809083347,0.6763645673846481,0.6843846842144573,0.79640792441189,0.7947955692858565,0.9289416139140972,True,1.2075398459564894,0.005992138059809804,DT,6,raw,Spike2Vec,stratified,,
0.8514285714285714,0.6735273689100164,0.8491715905277557,0.8514285714285714,0.8413111844245115,0.7346840016402322,0.6735273689100164,0.6767699180042315,0.7993752663876754,0.7979442866526658,0.9294794164112458,True,1.195536192972213,0.005808273912407458,DT,7,raw,Spike2Vec,stratified,,
0.8433333333333334,0.6666491474084584,0.8418961946841054,0.8433333333333334,0.8327960170365807,0.7231009537065174,0.6666491474084584,0.666368397232347,0.7888542788274415,0.787211172814772,0.931307161802794,True,1.2797513589030132,0.005774089018814266,DT,8,raw,Spike2Vec,stratified,,
0.8557142857142858,0.6776898413235348,0.8509254858107865,0.8557142857142858,0.8449153905011462,0.7440633471470012,0.6776898413235348,0.6803578542019879,0.8049925269618541,0.8038278692062474,0.9209473751769355,True,1.224334064987488,0.005833080969750881,DT,9,raw,Spike2Vec,stratified,,
0.8444700460829493,0.6987402360045891,0.8335789912481845,0.8444700460829493,0.8297189375030875,0.6899416002313417,0.6987402360045891,0.6815832045321236,0.8096302745863376,0.806497397300822,0.9821299022762218,True,339.2726575869601,0.03945076500531286,LR,0,raw,Murmur2Vec,identity_group,1.0,2627.0
0.8258471237194641,0.6530116166642019,0.8154153122134672,0.8258471237194641,0.8163139939666068,0.6811020635751148,0.6530116166642019,0.6573934303039595,0.7821009960450495,0.7812156015012666,0.9832594715306606,True,327.4189621870173,0.028821306070312858,LR,1,raw,Murmur2Vec,identity_group,1.0,2627.0
0.8262295081967214,0.6853449284098864,0.8210999306753467,0.8262295081967214,0.8059879039054156,0.7776489250425361,0.6853449284098864,0.6889167744295911,0.7924762817439716,0.7910645689971616,0.9784885579818419,True,332.2793296580203,0.03523657692130655,LR,2,raw,Murmur2Vec,identity_group,1.0,2627.0
0.7962510187449062,0.6562996354852851,0.7641063572248572,0.7962510187449062,0.7753936441707794,0.6399145556680744,0.6562996354852851,0.6363615244204548,0.7486160964646024,0.747609178057508,0.9828938664178644,True,342.9566549489973,0.027901306049898267,LR,3,raw,Murmur2Vec,identity_group,1.0,2627.0
0.9330431871442919,0.6410953847305927,0.9328314966269827,0.9330431871442919,0.9305456417738173,0.6622151929349606,0.6410953847305927,0.6346446794779715,0.8469727831079861,0.8467449462901836,0.9784014479436896,True,288.0073232400464,0.07131104695145041,LR,4,raw,Murmur2Vec,identity_group,1.0,2627.0
0.8601258581235698,0.6854254648167623,0.8562972626133204,0.8601258581235698,0.845351327805447,0.6831300832615831,0.6542697618705458,0.6417446321797327,0.7735228358617159,0.7691500280942384,,True,306.495823158999,0.08394779404625297,LR,5,raw,Murmur2Vec,identity_group,1.0,2627.0
0.8526989935956084,0.6191933163389172,0.8516091975894649,0.8526989935956084,0.8324001393659729,0.7129026966608444,0.6191933163389172,0.6196213769863592,0.7419165379848207,0.7361727653869526,0.9797809617288816,True,290.41530471807346,0.07536743604578078,LR,6,raw,Murmur2Vec,identity_group,1.0,2627.0
0.7176648213387016,0.6213274461965191,0.6851208659332916,0.7176648213387016,0.6712467826292322,0.6799673048117864,0.6213274461965191,0.6156928900943663,0.6870392514009059,0.6745676523971109,0.9572107090006186,True,355.69462637009565,0.054378548986278474,LR,7,raw,Murmur2Vec,identity_group,1.0,2627.0
0.8032544378698225,0.6228478074928097,0.8005464437147585,0.8032544378698225,0.7876837350094524,0.6041302852663362,0.6228478074928097,0.5856158364596367,0.7652441522453268,0.7639041888178272,0.9705580115570789,True,395.45382771792356,0.03198122000321746,LR,8,raw,Murmur2Vec,identity_group,1.0,2627.0
0.7367178276269185,0.6331371026243575,0.7294505547947997,0.7367178276269185,0.702517549658337,0.7040404625691109,0.6331371026243575,0.6265310797877425,0.691235386374518,0.6783895725760793,0.9565191616568653,True,332.3053217220586,0.03928065102081746,LR,9,raw,Murmur2Vec,identity_group,1.0,2627.0
0.841589861751152,0.6620894096100816,0.824545178290605,0.841589861751152,0.825548117555401,0.6508165331835072,0.6620894096100816,0.6420377095699108,0.8055739019403011,0.8031342641637969,0.9794144992962,True,1.4650521050207317,0.09134312893729657,RF,0,raw,Murmur2Vec,identity_group,1.0,2627.0
0.817966903073286,0.644900660926393,0.801154807708016,0.817966903073286,0.8054305870685367,0.6544458501602664,0.644900660926393,0.6390802339797514,0.7717332338757172,0.7711923344409242,0.9776255378522932,True,1.5093359439633787,0.06881336297374219,RF,1,raw,Murmur2Vec,identity_group,1.0,2627.0
0.8216393442622951,0.685747075585475,0.7975062184728525,0.8216393442622951,0.8026111829664356,0.7082514367087144,0.685747075585475,0.6713597380694402,0.7866874191474615,0.78577013776199,0.9786832703194236,True,1.3275562160415575,0.07999290595762432,RF,2,raw,Murmur2Vec,identity_group,1.0,2627.0
0.8027709861450693,0.6574508362988503,0.7727665905197518,0.8027709861450693,0.7823910559852748,0.6354314553764792,0.6574508362988503,0.6342829168528172,0.7565727903643262,0.7554307270346179,0.9840970261764608,True,1.6962196070235223,0.0688561430433765,RF,3,raw,Murmur2Vec,identity_group,1.0,2627.0
0.933712755272849,0.6349340463889768,0.9312147795090837,0.933712755272849,0.9300349415681541,0.6445263793339684,0.6349340463889768,0.6257539264749444,0.8477385730194277,0.8474363389426518,0.9831084518099664,True,1.5119041580474004,0.1311188479885459,RF,4,raw,Murmur2Vec,identity_group,1.0,2627.0
0.8606979405034325,0.660399580834043,0.852487559315091,0.8606979405034325,0.8373273563071256,0.6972525587568588,0.660399580834043,0.6396726769900206,0.775270676319671,0.7695388847430468,,True,1.1383793120039627,0.14433406596072018,RF,5,raw,Murmur2Vec,identity_group,1.0,2627.0
0.8472095150960659,0.5945707260294839,0.829945135146389,0.8472095150960659,0.8212892998526157,0.6675755111382683,0.5945707260294839,0.590790651971666,0.7333472959923439,0.7260411337119133,0.9623085737486723,True,1.25511689693667,0.1513671779539436,RF,6,raw,Murmur2Vec,identity_group,1.0,2627.0
0.7141419224962254,0.6102696757319175,0.6943263804800008,0.7141419224962254,0.6668943975254501,0.6459704492253167,0.6102696757319175,0.5999666720662881,0.6838773186817919,0.6707717996094591,0.9560586151649256,True,1.4253678580280393,0.09997553797438741,RF,7,raw,Murmur2Vec,identity_group,1.0,2627.0
0.8002958579881657,0.6210704603893431,0.7956082142116203,0.8002958579881657,0.7827408577260859,0.5940729700773046,0.6210704603893431,0.5733903549363,0.761595833702814,0.760188254585158,0.9676957002263878,True,1.5958617440192029,0.08849347697105259,RF,8,raw,Murmur2Vec,identity_group,1.0,2627.0
0.7408500590318772,0.6064956472002968,0.7400221737813553,0.7408500590318772,0.698914780965279,0.6997936304810404,0.6064956472002968,0.6065137582399468,0.699972354449988,0.6827912912695155,0.9499358575136195,True,1.5666777960723266,0.08985390700399876,RF,9,raw,Murmur2Vec,identity_group,1.0,2627.0
0.8387096774193549,0.6861180603594139,0.8328721390684364,0.8387096774193549,0.8268313565705138,0.6678358304581924,0.6861180603594139,0.6667118027573605,0.802737327089266,0.7998008222466229,0.890848841450967,True,1.2300431319745257,0.0075375569285824895,DT,0,raw,Murmur2Vec,identity_group,1.0,2627.0
0.8163908589440504,0.6687672045639128,0.8051634391224881,0.8163908589440504,0.8068540368054191,0.6475463585225995,0.6687672045639128,0.6511792889922603,0.7709499871780394,0.7700350301925416,0.8989960445511109,True,1.4738474399782717,0.005700114066712558,DT,1,raw,Murmur2Vec,identity_group,1.0,2627.0
0.8262295081967214,0.7023959259938376,0.810025415532873,0.8262295081967214,0.8119052323505344,0.7472200518160105,0.7023959259938376,0.7017861979723742,0.792412570292016,0.7915123268900991,0.8776901356942086,True,1.2873532550875098,0.006615558988414705,DT,2,raw,Murmur2Vec,identity_group,1.0,2627.0
0.784841075794621,0.6651790412067787,0.7624953126976065,0.784841075794621,0.7703194976321001,0.6478628563330414,0.6651790412067787,0.650205606758849,0.7345421926714184,0.7336545537516599,0.8851783110520784,True,1.3160607900936157,0.005313228000886738,DT,3,raw,Murmur2Vec,identity_group,1.0,2627.0
0.9240040174087714,0.6251672364335321,0.9243904026660386,0.9240040174087714,0.9227498164795737,0.5993804305353069,0.6251672364335321,0.6031981055061523,0.8263239638937747,0.8261608946682939,0.8734763171558613,True,1.0624723139917478,0.012432049959897995,DT,4,raw,Murmur2Vec,identity_group,1.0,2627.0
0.8532608695652174,0.6631138058457686,0.8527753718589877,0.8532608695652174,0.8376123788959013,0.6747268063345526,0.6631138058457686,0.6397587965978342,0.7628137423058591,0.7580060360590232,,True,0.9153623569291085,0.014962524059228599,DT,5,raw,Murmur2Vec,identity_group,1.0,2627.0
0.8499542543458372,0.619343766176816,0.8389451104904917,0.8499542543458372,0.8297730401358256,0.5958954796125975,0.619343766176816,0.5854638789580761,0.7383727507684731,0.7320320192625842,0.841045337673637,True,0.9814977090572938,0.01428802008740604,DT,6,raw,Murmur2Vec,identity_group,1.0,2627.0
0.7166582788122798,0.6436944045039902,0.6979060167924969,0.7166582788122798,0.6721957042637347,0.66017274727076,0.6436944045039902,0.6256771085189577,0.6872276878497836,0.6742380120930309,0.8435046314913948,True,1.1360946099739522,0.008636106038466096,DT,7,raw,Murmur2Vec,identity_group,1.0,2627.0
0.7862426035502958,0.6099412135930534,0.7911704004859912,0.7862426035502958,0.7740742899405131,0.5898199844870912,0.6099412135930534,0.5737072480965204,0.7457615250594564,0.7439565091460019,0.8702874496736609,True,1.3744554449804127,0.005945604061707854,DT,8,raw,Murmur2Vec,identity_group,1.0,2627.0
0.743801652892562,0.6264425219140353,0.7369367509165636,0.743801652892562,0.7080650606769644,0.6574296212337312,0.6264425219140353,0.6110640570517816,0.7022243668155367,0.6869314903411111,0.8355750358731793,True,1.201608469011262,0.007441396941430867,DT,9,raw,Murmur2Vec,identity_group,1.0,2627.0
0.842741935483871,0.6957911525677007,0.8317317851283902,0.842741935483871,0.8283340477453642,0.690272286306616,0.6957911525677007,0.6822900778219307,0.8074268359925052,0.8043686090228668,0.9819799095624684,True,204.6605042440351,0.028797653038054705,LR,0,raw,Spike2Vec,identity_group,1.0,2627.0
0.8274231678486997,0.654731828332152,0.8173359862911865,0.8274231678486997,0.8180023687073913,0.6821638761466089,0.654731828332152,0.6589533873952669,0.7840858325035446,0.7831818500979115,0.9836787185372488,True,222.3842992989812,0.021267288946546614,LR,1,raw,Spike2Vec,identity_group,1.0,2627.0
0.8268852459016394,0.68542852382217,0.8214593563142515,0.8268852459016394,0.8066331459386874,0.7773048694833264,0.68542852382217,0.6888041094248899,0.7932329597875543,0.7918761389043256,0.9784795368711019,True,213.60461547900923,0.02994052495341748,LR,2,raw,Spike2Vec,identity_group,1.0,2627.0
0.7962510187449062,0.6561581060235689,0.7652148597119162,0.7962510187449062,0.7759583339899518,0.6396379734276514,0.6561581060235689,0.6359117427699538,0.7486357282484418,0.7476380401409771,0.9829874763792522,True,222.60124621295836,0.02172591898124665,LR,3,raw,Spike2Vec,identity_group,1.0,2627.0
0.9323736190157349,0.6416491642057788,0.9330973837639919,0.9323736190157349,0.9299103646226793,0.667007733338144,0.6416491642057788,0.6343352929190144,0.8455460055119964,0.8452980397335033,0.9784007463218084,True,173.19271463900805,0.05480513593647629,LR,4,raw,Spike2Vec,identity_group,1.0,2627.0
0.8604118993135011,0.6872059695510361,0.8550925227972064,0.8604118993135011,0.8449979398283856,0.683227843649102,0.6559693345714434,0.6433059174020012,0.7740563041380999,0.7696066826767061,,True,149.96326282201335,0.06591851299162954,LR,5,raw,Spike2Vec,identity_group,1.0,2627.0
0.8517840805123513,0.619085756764317,0.8504044063650709,0.8517840805123513,0.8316720862942713,0.7149088362592325,0.619085756764317,0.6206074479502021,0.7401914710390398,0.7345401894273436,0.9798860337664536,True,175.3232098679291,0.06027392391115427,LR,6,raw,Spike2Vec,identity_group,1.0,2627.0
0.7176648213387016,0.6211822527423027,0.683941489883308,0.7176648213387016,0.6705950070086711,0.6836655760486805,0.6211822527423027,0.6155876245050653,0.6869526188486799,0.6745187158592804,0.9577387517833114,True,211.33019747002982,0.038271608063951135,LR,7,raw,Spike2Vec,identity_group,1.0,2627.0
0.8062130177514792,0.6238157747307711,0.8032230979635356,0.8062130177514792,0.789627496560221,0.6084937217988494,0.6238157747307711,0.5863136929042732,0.7687928756768023,0.7673995295773945,0.9705684640115215,True,250.41809571697377,0.02249865303747356,LR,8,raw,Spike2Vec,identity_group,1.0,2627.0
0.7361275088547816,0.6333901659294942,0.7261904777829677,0.7361275088547816,0.7012290671442942,0.7050042516197877,0.6333901659294942,0.6282311794126602,0.69077434659756,0.6776241481531309,0.956363816916171,True,193.3917663040338,0.027160370023921132,LR,9,raw,Spike2Vec,identity_group,1.0,2627.0
0.8369815668202765,0.6675199778478769,0.8217257766512871,0.8369815668202765,0.8225046246930046,0.6440510742238325,0.6675199778478769,0.6434813295312424,0.7999179926864889,0.7975462650844698,0.977430595135035,True,0.98555739200674,0.06879239005502313,RF,0,raw,Spike2Vec,identity_group,1.0,2627.0
0.8156028368794326,0.6522921494874884,0.8009788852213041,0.8156028368794326,0.8009231250126745,0.6438559223159962,0.6522921494874884,0.6370329683849711,0.7698720401580095,0.7686001033306604,0.9810125594031208,True,1.0755335709545761,0.06873566401191056,RF,1,raw,Spike2Vec,identity_group,1.0,2627.0
0.8157377049180328,0.6986666857441782,0.8032270047335759,0.8157377049180328,0.8028799488291305,0.7204832566262113,0.6986666857441782,0.6859642102711715,0.7803808274135167,0.7794064655616184,0.9775370750428741,True,0.8897787680616602,0.07063777802977711,RF,2,raw,Spike2Vec,identity_group,1.0,2627.0
0.8076609616951915,0.6736993494578148,0.7712929556062674,0.8076609616951915,0.7840706592935613,0.6479277980421915,0.6736993494578148,0.6525485327744095,0.7629629874777469,0.7617183610628586,0.9851475012675178,True,1.1324921139748767,0.047920154058374465,RF,3,raw,Spike2Vec,identity_group,1.0,2627.0
0.9343823234014061,0.6510357826328709,0.9338040252203118,0.9343823234014061,0.9324286306643369,0.6429593421883356,0.6510357826328709,0.6363733947271648,0.8500716606106737,0.8498713993748189,0.9875800434999974,True,0.9400530339917168,0.09015814098529518,RF,4,raw,Spike2Vec,identity_group,1.0,2627.0
0.8627002288329519,0.6939954226882472,0.8602603109581213,0.8627002288329519,0.8408206760684054,0.7093909410549739,0.6939954226882472,0.6612186124884925,0.77947358893824,0.7732504498291217,,True,0.6948341820389032,0.10092622099909931,RF,5,raw,Spike2Vec,identity_group,1.0,2627.0
0.854833790789875,0.6299756173958079,0.847618551979683,0.854833790789875,0.8314887854656512,0.6760622341397495,0.6299756173958079,0.615835612523138,0.7472545236175828,0.7401070939858125,0.9541043407080988,True,0.7615217479178682,0.09135871008038521,RF,6,raw,Spike2Vec,identity_group,1.0,2627.0
0.7221942627075993,0.61169562058776,0.7044836883738483,0.7221942627075993,0.6725719402139283,0.6451007690604157,0.61169562058776,0.5953385598157678,0.6932024493281133,0.6799357551036845,0.9512262400475241,True,0.9113943859701976,0.06925385491922498,RF,7,raw,Spike2Vec,identity_group,1.0,2627.0
0.8136094674556213,0.6575021474739957,0.8089278497067411,0.8136094674556213,0.7972907411546074,0.6354700642959302,0.6575021474739957,0.6162799618525597,0.7775974208202763,0.77624435117206,0.9681498763213082,True,1.0899386469973251,0.05842509202193469,RF,8,raw,Spike2Vec,identity_group,1.0,2627.0
0.7502951593860685,0.6340663942485424,0.7537494093083938,0.7502951593860685,0.7075454722079817,0.7072455556901658,0.6340663942485424,0.6224223598138235,0.7118677059149919,0.6945209082665764,0.9486730423670767,True,1.063590198988095,0.069087443058379,RF,9,raw,Spike2Vec,identity_group,1.0,2627.0
0.8352534562211982,0.6845671431851628,0.830800781950919,0.8352534562211982,0.8225529946401464,0.6566387746920241,0.6845671431851628,0.6531077087330965,0.7984124906738397,0.7954409118176364,0.8957752739818298,True,1.2106368010863662,0.004743189085274935,DT,0,raw,Spike2Vec,identity_group,1.0,2627.0
0.8116627265563435,0.6664395043548619,0.8033858181936065,0.8116627265563435,0.804418634255826,0.6618370183124079,0.6664395043548619,0.6590204044087984,0.7647922394609179,0.7641087822892005,0.8926867031864227,True,1.3787082850467414,0.003702388028614223,DT,1,raw,Spike2Vec,identity_group,1.0,2627.0
0.8216393442622951,0.6899771787533916,0.811479313117732,0.8216393442622951,0.8096163859605052,0.7069462615694665,0.6899771787533916,0.6846398173610853,0.7868635658215128,0.7860901896979839,0.8686248434942239,True,1.236165673006326,0.004258551052771509,DT,2,raw,Spike2Vec,identity_group,1.0,2627.0
0.7872860635696821,0.672711958010093,0.7672203148579695,0.7872860635696821,0.7725346840570023,0.6469969219370841,0.672711958010093,0.6502729165944419,0.7379515059088485,0.7370610664459682,0.8636335905608672,True,1.2498937899945304,0.003379694069735706,DT,3,raw,Spike2Vec,identity_group,1.0,2627.0
0.9240040174087714,0.6253301421471096,0.9277922765111444,0.9240040174087714,0.9239725772004466,0.6143809704632479,0.6253301421471096,0.6068417660512941,0.8263583709761235,0.826167535210708,0.8634485986251139,True,0.9999326809775084,0.007757146959193051,DT,4,raw,Spike2Vec,identity_group,1.0,2627.0
0.8532608695652174,0.6646753846643618,0.8512609727421158,0.8532608695652174,0.8375676325970833,0.6812851933285367,0.6646753846643618,0.6428379578470667,0.7628979599488952,0.7579884349258116,,True,0.8744774920633063,0.013288282905705273,DT,5,raw,Spike2Vec,identity_group,1.0,2627.0
0.8511741384568466,0.6168286219304187,0.8420330046343327,0.8511741384568466,0.8318373164497453,0.6299855178023056,0.6168286219304187,0.5956125014789685,0.7404542734011875,0.7341130171550603,0.8374596651101982,True,0.9469903149874881,0.008815891924314201,DT,6,raw,Spike2Vec,identity_group,1.0,2627.0
0.7226975339708103,0.6468670887307343,0.7148098913376099,0.7226975339708103,0.6805215700392371,0.6870537193240968,0.6468670887307343,0.6377794588904835,0.6943921325224081,0.6810279828178134,0.8457223431240543,True,1.0873459180584177,0.005514964926987886,DT,7,raw,Spike2Vec,identity_group,1.0,2627.0
0.7825443786982249,0.6083284622189012,0.7940039998211936,0.7825443786982249,0.7695477458161815,0.5982941742636926,0.6083284622189012,0.5688165148221253,0.7415513408395241,0.739535907779167,0.8710833956924714,True,1.2891271749977022,0.0038577000377699733,DT,8,raw,Spike2Vec,identity_group,1.0,2627.0
0.7479338842975206,0.6341490335361941,0.7544697957219653,0.7479338842975206,0.7120508812032782,0.7125288542192983,0.6341490335361941,0.6265652178411512,0.7072652809594269,0.6920077375105331,0.8388854247045714,True,1.132229221984744,0.004734823014587164,DT,9,raw,Spike2Vec,identity_group,1.0,2627.0
0.8741391593445738,0.6335144753471228,0.913292159334027,0.8741391593445738,0.8742128218344905,0.6049197200109683,0.6033471193782122,0.5877221951500918,0.7677100505593585,0.7570030797197309,,True,248.85860415699426,0.10054454603232443,LR,0,raw,Murmur2Vec,identity_group,0.999,1377.0
0.7972602739726027,0.6180662617243367,0.8194390205779577,0.7972602739726027,0.7879680963121926,0.5909685713743306,0.5886345349755587,0.5571629631402336,0.7618344368456385,0.7606907275409444,,True,357.9559324099682,0.01740835001692176,LR,1,raw,Murmur2Vec,identity_group,0.999,1377.0
0.9601887348864642,0.6425837012799066,0.9578938838367334,0.9601887348864642,0.9585514963819365,0.545452829866045,0.5813852535389631,0.5563473899126021,0.8514712065869997,0.8514174711905005,,True,317.81977494002786,0.0778989209793508,LR,2,raw,Murmur2Vec,identity_group,0.999,1377.0
0.9538413878562577,0.6367942834108247,0.9475875725792403,0.9538413878562577,0.950090114929638,0.5673856296253216,0.6078490887103327,0.5797978390816023,0.7843413066024045,0.7840177286413206,,True,274.346342314966,0.07189247291535139,LR,3,raw,Murmur2Vec,identity_group,0.999,1377.0
0.7827329902801601,0.6683926164196333,0.7611536293125295,0.7827329902801601,0.7663050633758868,0.5809332960514552,0.577248168726047,0.5687559130019231,0.7064171684386591,0.7048363458720078,,True,341.272791513009,0.041752920020371675,LR,4,raw,Murmur2Vec,identity_group,0.999,1377.0
0.8686114352392066,0.609747887951557,0.9123336502068052,0.8686114352392066,0.8676403208026817,0.6778178027107097,0.609747887951557,0.5979732096676835,0.7477691918624385,0.7367074911362902,,True,249.63488214300014,0.10273030691314489,LR,5,raw,Murmur2Vec,identity_group,0.999,1377.0
0.7757404795486601,0.6743961683983895,0.7859752276845001,0.7757404795486601,0.7617916516042978,0.633020386499185,0.6422820651413232,0.6207104446302318,0.7372266921103333,0.7332378901535768,,True,420.96313815400936,0.017060489975847304,LR,6,raw,Murmur2Vec,identity_group,0.999,1377.0
0.8576271186440678,0.582794661135521,0.8465000476339921,0.8576271186440678,0.8319767053524756,0.5994580484570664,0.5563039947202701,0.5325147598126169,0.7506749765310393,0.7434694324884059,,True,228.65632557298522,0.10357021098025143,LR,7,raw,Murmur2Vec,identity_group,0.999,1377.0
0.8641862588450125,0.634556325234032,0.84492138165799,0.8641862588450125,0.8428447439105448,0.660526678253408,0.634556325234032,0.6035247020889728,0.7526042113978831,0.748929381666021,0.9538509087639231,True,242.99144761206117,0.10350964905228466,LR,8,raw,Murmur2Vec,identity_group,0.999,1377.0
0.8590971272229823,0.6646667822676744,0.8552497649706474,0.8590971272229823,0.8513432634440692,0.6338760331136142,0.6330159831120709,0.6213722013534514,0.8322194508016276,0.8315995947278839,,True,377.8049467150122,0.01756657799705863,LR,9,raw,Murmur2Vec,identity_group,0.999,1377.0
0.9187841367846117,0.6231330524498754,0.9065845133334381,0.9187841367846117,0.9053704211754522,0.6214721672697502,0.6231330524498754,0.5981913401484055,0.8416388204454291,0.839159641116178,,True,1.064301560050808,0.18152898596599698,RF,0,raw,Murmur2Vec,identity_group,0.999,1377.0
0.7958904109589041,0.6080526737141734,0.8140492163207608,0.7958904109589041,0.7735027536389356,0.6090257955334846,0.5790977844896888,0.5463027082278795,0.7611627479950994,0.7587124825306684,,True,2.0593312750570476,0.04803420789539814,RF,1,raw,Murmur2Vec,identity_group,0.999,1377.0
0.9519315836036567,0.6167758697363961,0.9519604395929893,0.9519315836036567,0.9483472095219554,0.5591599535688684,0.5859370762495762,0.5539318925947603,0.8205386050816363,0.8199844128249947,,True,1.5763769549084827,0.14339705894235522,RF,2,raw,Murmur2Vec,identity_group,0.999,1377.0
0.9488847583643123,0.595168663711344,0.9422687496523279,0.9488847583643123,0.9441846952084325,0.5872414928759617,0.5681155426335557,0.5654953760948866,0.7600370332804368,0.759546559581773,,True,1.627385257044807,0.13294412603136152,RF,3,raw,Murmur2Vec,identity_group,0.999,1377.0
0.7901658090337336,0.693820679946999,0.7654808479661641,0.7901658090337336,0.7691567889327107,0.629575280375096,0.6277425199520467,0.6160938717847311,0.7163906349229238,0.7122887211412656,,True,1.2948225979926065,0.08961811405606568,RF,4,raw,Murmur2Vec,identity_group,0.999,1377.0
0.9138856476079347,0.5371434564438216,0.905256893635419,0.9138856476079347,0.9043845599119972,0.5551298602596692,0.5127278447872844,0.5074271262188872,0.8247508920503361,0.8231881782600513,,True,0.9986641260329634,0.1718611940741539,RF,5,raw,Murmur2Vec,identity_group,0.999,1377.0
0.7729196050775741,0.6600214876133573,0.7732941038439404,0.7729196050775741,0.7566922869584255,0.6556311549900026,0.6285918929651022,0.6180895053809484,0.732584543768993,0.7291761568538131,,True,1.884101646952331,0.0477487820899114,RF,6,raw,Murmur2Vec,identity_group,0.999,1377.0
0.8601129943502824,0.6018336355295881,0.8382915646526292,0.8601129943502824,0.8402035076881831,0.5573882740466009,0.5744775611873341,0.5420898689311467,0.7524071873628602,0.7481613940609091,,True,0.8873149690916762,0.18107400194276124,RF,7,raw,Murmur2Vec,identity_group,0.999,1377.0
0.8545994065281899,0.6172791894492637,0.838172608206868,0.8545994065281899,0.828154792954372,0.6308249645594523,0.6172791894492637,0.5998703046577121,0.7393882038137058,0.7314667137011783,0.9363547027490898,True,0.8573200659593567,0.1713051920523867,RF,8,raw,Murmur2Vec,identity_group,0.999,1377.0
0.8563611491108071,0.6455061863980268,0.8453101010910467,0.8563611491108071,0.8426956419030485,0.601240312478693,0.6147677965695494,0.5874326121745619,0.8292119702372093,0.828165961838538,,True,2.05946415301878,0.05804681498557329,RF,9,raw,Murmur2Vec,identity_group,0.999,1377.0
0.9152220375207789,0.6345011117683241,0.9130254668343633,0.9152220375207789,0.9086522715465589,0.6308633167999013,0.6345011117683241,0.6246764546500496,0.8349350029874115,0.8329139307133757,,True,0.9840479689883068,0.017699857940897346,DT,0,raw,Murmur2Vec,identity_group,0.999,1377.0
0.810958904109589,0.6409618175123764,0.8282309521750804,0.810958904109589,0.8018536547753211,0.6108259851438022,0.6104398262022631,0.5788746399724675,0.7800402306679808,0.7771017026031353,,True,1.693572000018321,0.0033538469579070807,DT,1,raw,Murmur2Vec,identity_group,0.999,1377.0
0.9504570923031554,0.6767134258074574,0.9590658650661115,0.9504570923031554,0.9502203268679448,0.5766865927426605,0.6122645281115091,0.5743353579283921,0.8161482638260013,0.8155934749077867,,True,1.1110158540541306,0.014195258030667901,DT,2,raw,Murmur2Vec,identity_group,0.999,1377.0
0.9457868649318464,0.6312236053295469,0.9452272809691139,0.9457868649318464,0.9447577339895818,0.5520753763253513,0.602531623269113,0.5675501355575258,0.7505852463234772,0.7501973348191484,,True,1.2658166389446706,0.013473595026880503,DT,3,raw,Murmur2Vec,identity_group,0.999,1377.0
0.7930245854774156,0.7214045524779759,0.7954435240632185,0.7930245854774156,0.7842941371477372,0.6261743157318629,0.6526993570038829,0.6208415408056934,0.7227413811005466,0.7169848514851929,,True,1.3258335259743035,0.007524013053625822,DT,4,raw,Murmur2Vec,identity_group,0.999,1377.0
0.86487747957993,0.6544654725725704,0.9009333357079315,0.86487747957993,0.8689461323494173,0.6641387462627697,0.6247170420010899,0.6245342952301537,0.7374053927646725,0.729194254630521,,True,0.8936135650146753,0.018156043021008372,DT,5,raw,Murmur2Vec,identity_group,0.999,1377.0
0.7602256699576869,0.6651997328812904,0.7862456121948596,0.7602256699576869,0.7528283367059647,0.627625944927621,0.604727029892082,0.6009154112571212,0.7200645109616821,0.7154848654377728,,True,1.6454608789645135,0.003224082989618182,DT,6,raw,Murmur2Vec,identity_group,0.999,1377.0
0.8499435028248588,0.6401738221965476,0.8654979843233038,0.8499435028248588,0.8349219774287362,0.6097334865830711,0.6110750120967046,0.5786249156003108,0.7404216990614974,0.731671796488464,,True,0.7026643319986761,0.01883319194894284,DT,7,raw,Murmur2Vec,identity_group,0.999,1377.0
0.8386213193334855,0.6116148034317651,0.850046916570351,0.8386213193334855,0.8214626002450601,0.5939889240990452,0.6116148034317651,0.5584137343430172,0.7137712454964281,0.7041770654843047,0.8065930423572993,True,0.675475658965297,0.018468868918716908,DT,8,raw,Murmur2Vec,identity_group,0.999,1377.0
0.8522571819425444,0.6610154950969908,0.8520473486799321,0.8522571819425444,0.8486966947320121,0.6631465504445558,0.6610154950969908,0.6568905775650025,0.8240878203100688,0.8235629345389612,,True,1.7516990560106933,0.0033412129851058125,DT,9,raw,Murmur2Vec,identity_group,0.999,1377.0
0.8739016860603183,0.6312648619404265,0.9136418518937738,0.8739016860603183,0.8740152818697917,0.6032688884053582,0.6012046304194539,0.586033959676896,0.7673306874898741,0.7565163088070117,,True,136.07739941496402,0.07346544601023197,LR,0,raw,Spike2Vec,identity_group,0.999,1377.0
0.7986301369863014,0.618751193231186,0.8207127653953552,0.7986301369863014,0.7892349745152272,0.5916982396379298,0.5892868506963675,0.557828335349121,0.7634607893229205,0.7622992579466165,,True,238.42512214800809,0.01207285700365901,LR,1,raw,Spike2Vec,identity_group,0.999,1377.0
0.9601887348864642,0.6424491319019161,0.9583021109817346,0.9601887348864642,0.9585906227138304,0.5465722418210047,0.5812635002922099,0.5562392426170586,0.8514895386037739,0.8514192072769974,,True,168.45787974796258,0.05497396399732679,LR,2,raw,Spike2Vec,identity_group,0.999,1377.0
0.9538413878562577,0.6373766375646076,0.9479630190626188,0.9538413878562577,0.9499672591670357,0.5728116570310353,0.6084049722207617,0.578740906524141,0.7843545761648526,0.7840146249920853,,True,184.56300898292102,0.0562247569905594,LR,3,raw,Spike2Vec,identity_group,0.999,1377.0
0.7827329902801601,0.6534901618091025,0.7642872216313049,0.7827329902801601,0.766187279873712,0.5814553885628544,0.5643778670169521,0.5586661411793876,0.7064101622544439,0.7047437709740675,,True,207.19842860708013,0.029429671936668456,LR,4,raw,Spike2Vec,identity_group,0.999,1377.0
0.8683780630105018,0.6096840554480463,0.9113239071219557,0.8683780630105018,0.8674424530081157,0.6500788462507272,0.6096840554480463,0.595955020659557,0.7473612874622556,0.7362557204398379,,True,124.67433605005499,0.07341244700364769,LR,5,raw,Spike2Vec,identity_group,0.999,1377.0
0.7827926657263752,0.6856493653293357,0.7902442761996576,0.7827926657263752,0.770194711589048,0.6391675492903218,0.6529993955517482,0.6325882051768809,0.7452640431543114,0.7417134260003975,,True,264.78752789099235,0.011652305955067277,LR,6,raw,Spike2Vec,identity_group,0.999,1377.0
0.8571751412429378,0.5845557933170072,0.844673549055311,0.8571751412429378,0.8310783884977482,0.5987271201912233,0.5579850754389614,0.5326746914071094,0.7499063758246756,0.7426584834407829,,True,119.93151377001777,0.080899469088763,LR,7,raw,Spike2Vec,identity_group,0.999,1377.0
0.8648710340104999,0.6353176057394682,0.8454298761040713,0.8648710340104999,0.8435739862990553,0.6615541685377312,0.6353176057394682,0.6045486476080565,0.7537713873144333,0.7501981711809885,0.9540512923434286,True,123.02068554004654,0.07981580798514187,LR,8,raw,Spike2Vec,identity_group,0.999,1377.0
0.853625170998632,0.6586317698199813,0.8497786186550016,0.853625170998632,0.8458992522820201,0.6203080163820034,0.6272683522095059,0.6101089043384148,0.8257179046945549,0.8251637895000369,,True,232.97598038206343,0.011704675038345158,LR,9,raw,Spike2Vec,identity_group,0.999,1377.0
0.9187841367846117,0.6273830060100084,0.9086603013506799,0.9187841367846117,0.9073174028409348,0.6054225685546017,0.5975076247714366,0.5754393838080579,0.8414310667416667,0.8394590646599523,,True,0.5970902419649065,0.11483574495650828,RF,0,raw,Spike2Vec,identity_group,0.999,1377.0
0.8,0.6465872398149795,0.8038272623135043,0.8,0.7818676526340552,0.6264389567124925,0.6157973712523614,0.5897854263602335,0.7657959523722841,0.7636875212022713,,True,1.416846517007798,0.04853484593331814,RF,1,raw,Spike2Vec,identity_group,0.999,1377.0
0.9640224122677676,0.7154486368302158,0.9615770581916965,0.9640224122677676,0.9602666739877633,0.6105577854124266,0.6473106714178143,0.6096990064137651,0.865545305360255,0.8653185784586295,,True,0.8955003200098872,0.09406190400477499,RF,2,raw,Spike2Vec,identity_group,0.999,1377.0
0.9522924411400248,0.6324695465230626,0.9482303498946856,0.9522924411400248,0.948549454387772,0.6359939491210967,0.6037209307720143,0.6035212846842407,0.776601273338895,0.7761595654241293,,True,0.9420260610058904,0.11128745507448912,RF,3,raw,Spike2Vec,identity_group,0.999,1377.0
0.8004574042309891,0.6958864752417853,0.7889481977750973,0.8004574042309891,0.7806308051323569,0.6227125419638254,0.6296115728378057,0.6134951350995488,0.7338051697358797,0.7250677533018615,,True,0.8833693260094151,0.07040030299685895,RF,4,raw,Spike2Vec,identity_group,0.999,1377.0
0.8728121353558926,0.658554074759504,0.9058281338341839,0.8728121353558926,0.8719925218891807,0.6515771290928125,0.6286197986340719,0.5994704829765349,0.7523803215997785,0.7442982335601993,,True,0.5666533340699971,0.12177861598320305,RF,5,raw,Spike2Vec,identity_group,0.999,1377.0
0.7813822284908322,0.6795056895289093,0.7745471711275624,0.7813822284908322,0.7638634549505205,0.6718295991877061,0.6471482757418184,0.637376557984784,0.7422054779814984,0.7391643861302244,,True,1.2848527180030942,0.04825026204343885,RF,6,raw,Spike2Vec,identity_group,0.999,1377.0
0.8664406779661017,0.6284547049708172,0.8419209850060344,0.8664406779661017,0.8403018022584399,0.5813383789230032,0.5998885820175983,0.5666662102439958,0.76597831564171,0.7594647727310354,,True,0.513363266014494,0.11474727897439152,RF,7,raw,Spike2Vec,identity_group,0.999,1377.0
0.8557406984706688,0.6251017899522485,0.845159786167785,0.8557406984706688,0.8316695579256004,0.6291387806475827,0.6251017899522485,0.604565542280427,0.7416843352202217,0.7336912084469607,0.9369289709836305,True,0.4812068840255961,0.11100471497047693,RF,8,raw,Spike2Vec,identity_group,0.999,1377.0
0.8604651162790697,0.6504837926040814,0.8474532413975724,0.8604651162790697,0.8494111247461428,0.5956139875667239,0.619508373908649,0.5944631966604943,0.8338403275650449,0.8332151524980148,,True,1.419026983086951,0.048464071936905384,RF,9,raw,Spike2Vec,identity_group,0.999,1377.0
0.9164094039420565,0.6505146508823191,0.9136082598760961,0.9164094039420565,0.9104709617704265,0.6294552852515061,0.6195377627450657,0.6169524069563931,0.8370392460636078,0.8353403059064547,,True,0.9318627041066065,0.010950892930850387,DT,0,raw,Spike2Vec,identity_group,0.999,1377.0
0.8013698630136986,0.6625124074835682,0.7936969106322801,0.8013698630136986,0.7924423851063533,0.6032064228442381,0.6309641976033983,0.6039742817553494,0.7682993959007541,0.7659107696526589,,True,1.6468321160646155,0.0022372029488906264,DT,1,raw,Spike2Vec,identity_group,0.999,1377.0
0.9436744323208494,0.6368392915227024,0.9504468609032714,0.9436744323208494,0.9447710420108216,0.5695499553246012,0.6049973269465673,0.5730038873997139,0.7926133322800704,0.7920763250266293,,True,1.075172842014581,0.00874937605112791,DT,2,raw,Spike2Vec,identity_group,0.999,1377.0
0.9439281288723668,0.6123137570079338,0.9437164583859894,0.9439281288723668,0.9433081171376373,0.5339736146364897,0.5844813135075733,0.5454197317289783,0.7420120864820327,0.7416515221861113,,True,1.1825917370151728,0.008240933995693922,DT,3,raw,Spike2Vec,identity_group,0.999,1377.0
0.8021726700971984,0.7311632150371367,0.8011423613446869,0.8021726700971984,0.7924119324329835,0.6584075390059855,0.6615286231288379,0.647120557290962,0.735399091513635,0.729462245222759,,True,1.279295763000846,0.004754369962029159,DT,4,raw,Spike2Vec,identity_group,0.999,1377.0
0.9192532088681447,0.6492862425767478,0.9165407914116879,0.9192532088681447,0.9132984771102791,0.6673206437509758,0.619773231550532,0.6284667025527294,0.8359941165527285,0.8345047370550727,,True,0.8448694469407201,0.011257456033490598,DT,5,raw,Spike2Vec,identity_group,0.999,1377.0
0.7348377997179125,0.6374503754051863,0.7584489647578164,0.7348377997179125,0.7233002722200216,0.6003724276847617,0.5795003412774421,0.5702800692784057,0.691095538640378,0.6857024959030407,,True,1.5691519710235298,0.0021420340053737164,DT,6,raw,Spike2Vec,identity_group,0.999,1377.0
0.8447457627118644,0.6251921921418735,0.8519981437080726,0.8447457627118644,0.8298120699137788,0.5918081751155068,0.5967743652263338,0.5684356115080209,0.7310290781428439,0.722291954311535,,True,0.6560397349530831,0.011715185013599694,DT,7,raw,Spike2Vec,identity_group,0.999,1377.0
0.8397626112759644,0.6186403544833692,0.848207515985135,0.8397626112759644,0.8227686035144337,0.6113496646880194,0.6186403544833692,0.5735243443235519,0.7160334775311131,0.7063002736010772,0.8105997364692681,True,0.6250838730484247,0.011297160992398858,DT,8,raw,Spike2Vec,identity_group,0.999,1377.0
0.8495212038303693,0.6522738003500123,0.8527217549780969,0.8495212038303693,0.8492023336860555,0.6616389668910185,0.6522738003500123,0.6531336568848601,0.8208204113352355,0.8204829390700208,,True,1.7564315870404243,0.0021935109980404377,DT,9,raw,Spike2Vec,identity_group,0.999,1377.0
0.8429936953426886,0.5651053561036862,0.8336431119673829,0.8429936953426886,0.821935443898684,0.5807564056305824,0.5651053561036862,0.526568082128029,0.7411011377605135,0.7369064317684775,0.938421001712446,True,184.9602882459294,0.08391047897748649,LR,0,raw,Murmur2Vec,identity_group,0.99,585.0
0.9243864691576388,0.4665755815821605,0.9133412292896843,0.9243864691576388,0.916650436962471,0.47811381616375925,0.44435769674491477,0.4465133670964266,0.8476435140317126,0.8470501909665179,,True,212.4360607509734,0.10796596703585237,LR,1,raw,Murmur2Vec,identity_group,0.99,585.0
0.6511961722488038,0.5736760219698582,0.6051913603998309,0.6511961722488038,0.59745539375266,0.5831704396560463,0.5736760219698582,0.5418916009258011,0.6296814473083368,0.6155373761027111,0.9209687153251047,True,324.5878431349993,0.04684448894113302,LR,2,raw,Murmur2Vec,identity_group,0.99,585.0
0.7685897435897436,0.6358398812728636,0.7519424688191267,0.7685897435897436,0.757050431228328,0.6842719315843048,0.6358398812728636,0.6435602743191388,0.6453255687008151,0.6438074576785754,,True,302.7911525670206,0.03599204996135086,LR,3,raw,Murmur2Vec,identity_group,0.99,585.0
0.7450628366247756,0.5704653262719112,0.7313958724570492,0.7450628366247756,0.7346546076646395,0.5760174130005561,0.5704653262719112,0.5690870942910702,0.7003275359377357,0.6995696416972754,,True,444.4095090350602,0.01308472699020058,LR,4,raw,Murmur2Vec,identity_group,0.99,585.0
0.9581151832460733,0.6081505602240896,0.9595410106993891,0.9581151832460733,0.9570112744436232,0.6058259260501773,0.5791910097372283,0.5699216210574827,0.7833791886558374,0.7832351754422996,,True,278.7479285299778,0.07433237007353455,LR,5,raw,Murmur2Vec,identity_group,0.99,585.0
0.647887323943662,0.5872042470505663,0.6256059458373301,0.647887323943662,0.6275867969910776,0.5839845840222234,0.5872042470505663,0.5751642409675493,0.6063438458409036,0.6024992161956375,,True,425.46502889390104,0.009259660029783845,LR,6,raw,Murmur2Vec,identity_group,0.99,585.0
0.8516816377689576,0.5869539945068566,0.8515599747137294,0.8516816377689576,0.8332678762862726,0.6837939103553691,0.5869539945068566,0.5713295613517023,0.7591409640299331,0.7548002594286365,0.9516325769696703,True,210.29633508599363,0.11356334097217768,LR,7,raw,Murmur2Vec,identity_group,0.99,585.0
0.9191556254210644,0.6641619581749836,0.9105365134303822,0.9191556254210644,0.9104468959301378,0.5885566238444587,0.6325351982618891,0.5956185873352717,0.8436772113589642,0.8412593260443016,,True,218.03583446494304,0.10565079294610769,LR,8,raw,Murmur2Vec,identity_group,0.99,585.0
0.7745222929936306,0.5549926547421812,0.7571992953754277,0.7745222929936306,0.752824189657307,0.519696465458887,0.5272430220050721,0.5068408282730086,0.6553208310779987,0.6464497069650896,,True,341.26781829306856,0.03639134997501969,LR,9,raw,Murmur2Vec,identity_group,0.99,585.0
0.773032336790726,0.3643251676412303,0.7963273828448509,0.773032336790726,0.7441029966287317,0.46540199250155356,0.3643251676412303,0.33869794841475087,0.6451313925963301,0.6185327541152499,0.90202946272315,True,0.8106860970146954,0.2080204440280795,RF,0,raw,Murmur2Vec,identity_group,0.99,585.0
0.9239442847667477,0.5937173414304993,0.9166255197130476,0.9239442847667477,0.9143624320805067,0.659311539646676,0.5937173414304993,0.5958732539047258,0.8474741638991109,0.8456419510175162,,True,0.9122654980747029,0.17403158289380372,RF,1,raw,Murmur2Vec,identity_group,0.99,585.0
0.47129186602870815,0.40449019211165854,0.5730117548128436,0.47129186602870815,0.3968775642640177,0.551585856696767,0.40449019211165854,0.3742549776135504,0.4937191987639314,0.41647150022500246,0.878499728861755,True,1.0555110359564424,0.10944805399049073,RF,2,raw,Murmur2Vec,identity_group,0.99,585.0
0.7621794871794871,0.6064409246763213,0.7403172532312232,0.7621794871794871,0.7364940842069826,0.6725961207261699,0.6064409246763213,0.6079730361669767,0.6359381041443122,0.6240722132621783,,True,1.2113522680010647,0.09168477298226207,RF,3,raw,Murmur2Vec,identity_group,0.99,585.0
0.718132854578097,0.5529186436473941,0.7084556145910931,0.718132854578097,0.698493772105747,0.5803699298690282,0.5529186436473941,0.5494481994484043,0.6690935111735785,0.6663576290327504,,True,1.944667472038418,0.04822566802613437,RF,4,raw,Murmur2Vec,identity_group,0.99,585.0
0.9593470896211888,0.5970185574229692,0.9565753758246986,0.9593470896211888,0.9569610074969035,0.6013842286590262,0.5970185574229692,0.5892373052389395,0.7895445054695169,0.7892892486899528,,True,1.5398518709698692,0.13326033600606024,RF,5,raw,Murmur2Vec,identity_group,0.99,585.0
0.6591549295774648,0.5629958323341067,0.6523663110128711,0.6591549295774648,0.6338042324057236,0.5677746393983476,0.5629958323341067,0.5400246075304124,0.6205082352623175,0.6138355733357306,,True,2.0716724400408566,0.04774539789650589,RF,6,raw,Murmur2Vec,identity_group,0.99,585.0
0.749112178817631,0.34922927407157506,0.8099123284367755,0.749112178817631,0.7189644274813093,0.5511705110247509,0.34922927407157506,0.3161790289045863,0.6145006579246306,0.5839189808264464,0.922552183475278,True,0.8151828849222511,0.1928298840066418,RF,7,raw,Murmur2Vec,identity_group,0.99,585.0
0.9162362452279362,0.5648086879613546,0.907149950665021,0.9162362452279362,0.9062128097071014,0.5871005315156825,0.5648086879613546,0.5598813711797755,0.8385113573813281,0.8353100952631385,,True,0.944209452951327,0.17969119199551642,RF,8,raw,Murmur2Vec,identity_group,0.99,585.0
0.7732484076433122,0.5030103153608322,0.7535685085571002,0.7732484076433122,0.7444691362372666,0.487645255127103,0.47785979959279057,0.45853382157458744,0.6580288564072593,0.6405340152373651,,True,1.3292058989172801,0.07865236804354936,RF,9,raw,Murmur2Vec,identity_group,0.99,585.0
0.8509253609924751,0.5750275910323411,0.8378518210262873,0.8509253609924751,0.8212675223453034,0.5845481566747242,0.5750275910323411,0.5289365464565257,0.7586805222558646,0.75082735243143,0.7857430909619783,True,0.5332123440457508,0.020942091941833496,DT,0,raw,Murmur2Vec,identity_group,0.99,585.0
0.9246075613530842,0.6004001197795057,0.922940208574406,0.9246075613530842,0.9208661704704976,0.6152079590459052,0.5718096378852435,0.56976631759558,0.8488393364632466,0.8478504981196155,,True,0.858332728035748,0.019038566970266402,DT,1,raw,Murmur2Vec,identity_group,0.99,585.0
0.6277511961722488,0.5733434748458514,0.6221155970503359,0.6277511961722488,0.5660443702063808,0.5585375403204175,0.5733434748458514,0.5207558817618058,0.6193992902889529,0.5934225275655385,0.7804065558437799,True,0.9116253319662064,0.009042491088621318,DT,2,raw,Murmur2Vec,identity_group,0.99,585.0
0.7730769230769231,0.6940497454005374,0.7761022177317409,0.7730769230769231,0.7602306274564378,0.7307545398493744,0.6940497454005374,0.6855864955363355,0.6561446742351369,0.6461954996662101,,True,1.3653069540159777,0.0067781409015879035,DT,3,raw,Murmur2Vec,identity_group,0.99,585.0
0.7199281867145422,0.6055429274398829,0.7187490328550153,0.7199281867145422,0.7068025863258772,0.6124207206478908,0.6055429274398829,0.5916137212041641,0.6756208955290991,0.6714920322867242,,True,1.8118675420992076,0.0026180719723924994,DT,4,raw,Murmur2Vec,identity_group,0.99,585.0
0.9522636279642747,0.6185759618878437,0.9573650111346632,0.9522636279642747,0.9537675758715347,0.5829434582855106,0.5623417835344034,0.5574491865043552,0.7574315545332835,0.7571328956479987,,True,1.2255723759299144,0.013532979064621031,DT,5,raw,Murmur2Vec,identity_group,0.99,585.0
0.6338028169014085,0.5693358147062397,0.6109975248993254,0.6338028169014085,0.6117190127399625,0.5907536513357191,0.5693358147062397,0.5682190019356043,0.5894209759815289,0.5852766469864036,,True,1.957366353017278,0.0017810749122872949,DT,6,raw,Murmur2Vec,identity_group,0.99,585.0
0.8335074159181115,0.5840635231314697,0.8463815223117206,0.8335074159181115,0.8110546957816797,0.6219932212066892,0.5840635231314697,0.5569709429277004,0.7344141289864795,0.7251603569046451,0.7900663097545066,True,0.5720535300206393,0.020253302063792944,DT,7,raw,Murmur2Vec,identity_group,0.99,585.0
0.9211767347855379,0.6944521511181243,0.9235423128021427,0.9211767347855379,0.9202144354615074,0.6273531061674957,0.6613830010648802,0.6323489020331914,0.8474476109260809,0.8464437652702442,,True,0.8808632540749386,0.01881997799500823,DT,8,raw,Murmur2Vec,identity_group,0.99,585.0
0.7929936305732485,0.611154238574901,0.7801966601242802,0.7929936305732485,0.7786542727438808,0.4857850941528627,0.5278150242237781,0.47648160692275426,0.6837132797552069,0.6794199212638992,,True,1.3064849469810724,0.006844195071607828,DT,9,raw,Murmur2Vec,identity_group,0.99,585.0
0.843400447427293,0.5654449864039806,0.8332510786276924,0.843400447427293,0.8224401142123724,0.579635890575979,0.5654449864039806,0.5280212283190084,0.7418548564257,0.7375886033267097,0.9383911372762271,True,92.98043831402902,0.09155883302446455,LR,0,raw,Spike2Vec,identity_group,0.99,585.0
0.9241653769621933,0.46650891491549384,0.9130261628901318,0.9241653769621933,0.916390919895884,0.47362312468985673,0.44429420468142267,0.4440799391942467,0.8471906841614983,0.8466070189107577,,True,116.27365926199127,0.07987383508589119,LR,1,raw,Spike2Vec,identity_group,0.99,585.0
0.65311004784689,0.5793888514441555,0.6110828422365835,0.65311004784689,0.6034808672707601,0.5867140308638672,0.5793888514441555,0.5468220039577179,0.6307407084086752,0.6193242827016834,0.9213746834244606,True,211.68209684093017,0.04176206898409873,LR,2,raw,Spike2Vec,identity_group,0.99,585.0
0.7705128205128206,0.6393184482315619,0.7537168542340631,0.7705128205128206,0.7588595968829271,0.6851797115782331,0.6393184482315619,0.6455204367178197,0.6483872548231517,0.6468666752239489,,True,200.7599214699585,0.03074396902229637,LR,3,raw,Spike2Vec,identity_group,0.99,585.0
0.7450628366247756,0.5724320763943991,0.733364581115733,0.7450628366247756,0.7347160992960371,0.5765260621118288,0.5724320763943991,0.5693954057420199,0.7006190366930425,0.6996643275919682,,True,272.0884997919202,0.009914873982779682,LR,4,raw,Spike2Vec,identity_group,0.99,585.0
0.9574992300585156,0.6072338935574229,0.9590725953220465,0.9574992300585156,0.9564284612363214,0.6031948640206843,0.5783179938642123,0.56793024122807,0.7802107870183439,0.7800570662004248,,True,160.02653765503783,0.060149942990392447,LR,5,raw,Spike2Vec,identity_group,0.99,585.0
0.6563380281690141,0.6011273080370445,0.6323872579477565,0.6563380281690141,0.6358326623469518,0.5922136929641304,0.6011273080370445,0.587789006345474,0.6157909913490426,0.6120427102368411,,True,250.97567156294826,0.00590015493799001,LR,6,raw,Spike2Vec,identity_group,0.99,585.0
0.8516816377689576,0.5877615838267698,0.851304735924126,0.8516816377689576,0.8332188207796164,0.6855582607391274,0.5877615838267698,0.5724259322266744,0.759142743903163,0.7547989327007742,0.9518170132031383,True,105.66629755694885,0.08896785299293697,LR,7,raw,Spike2Vec,identity_group,0.99,585.0
0.925668088928812,0.6693223348501012,0.9158388607626027,0.925668088928812,0.9178632097877667,0.5933449234430525,0.6374498427143821,0.6013159762373219,0.8556964894968897,0.8541863779880583,,True,104.63702223298606,0.07932732405606657,LR,8,raw,Spike2Vec,identity_group,0.99,585.0
0.7764331210191083,0.5546844449464368,0.755442694798553,0.7764331210191083,0.7541958449897364,0.5167844945068565,0.526950222699115,0.5063912030199511,0.658006034462431,0.6495600343145891,,True,194.12737476394977,0.02960656408686191,LR,9,raw,Spike2Vec,identity_group,0.99,585.0
0.823672971323978,0.4652368246302356,0.8264250775226059,0.823672971323978,0.7927945291374315,0.5381912170527783,0.4652368246302356,0.42310643100990214,0.7168776714406851,0.7041687672943973,0.907858501751286,True,0.43661811703350395,0.12155577400699258,RF,0,raw,Spike2Vec,identity_group,0.99,585.0
0.9230599159849657,0.5932729741019215,0.916279902043894,0.9230599159849657,0.9138818975723532,0.678933964109778,0.5932729741019215,0.5995757708452908,0.8457817479977436,0.8440201397829685,,True,0.5018496010452509,0.11143067001830786,RF,1,raw,Spike2Vec,identity_group,0.99,585.0
0.47703349282296653,0.4080831734518202,0.5739134605009258,0.47703349282296653,0.41158279771431233,0.5463915701752607,0.4080831734518202,0.3923555642155004,0.5066584706187108,0.4220923799132217,0.8826566743840508,True,0.7207495659822598,0.06915531994309276,RF,2,raw,Spike2Vec,identity_group,0.99,585.0
0.7717948717948718,0.6555024864304266,0.7565750794727941,0.7717948717948718,0.7437906633771789,0.6866599077898228,0.6555024864304266,0.6401435643111328,0.6516064568865332,0.6386294780897648,,True,0.8687965429853648,0.06936148600652814,RF,3,raw,Spike2Vec,identity_group,0.99,585.0
0.7540394973070018,0.6081081651614783,0.7422902360697703,0.7540394973070018,0.7320919203552314,0.5931411381254096,0.6081081651614783,0.586532517578811,0.7144841605595854,0.7101635882301554,,True,1.3979715970344841,0.04840534599497914,RF,4,raw,Spike2Vec,identity_group,0.99,585.0
0.9621188789651987,0.6516994631185808,0.9595780483243431,0.9621188789651987,0.9599916755374518,0.5936976395108441,0.592454057380528,0.5831924245284981,0.8038654873144604,0.8036777034802413,,True,0.946254935930483,0.09050109900999814,RF,5,raw,Spike2Vec,identity_group,0.99,585.0
0.6732394366197183,0.6257608685689667,0.6598068343727372,0.6732394366197183,0.6499473264755996,0.6314435276460332,0.6257608685689667,0.5951027337117324,0.6358070482098376,0.6319303545731626,,True,1.4766503849532455,0.048102037981152534,RF,6,raw,Spike2Vec,identity_group,0.99,585.0
0.7685397952788803,0.400840232762284,0.8431229294972399,0.7685397952788803,0.7387350287324221,0.6129451180527032,0.400840232762284,0.36498978644721486,0.6414320161189656,0.6167579227627902,0.9303168083672388,True,0.4384896010160446,0.12243630294688046,RF,7,raw,Spike2Vec,identity_group,0.99,585.0
0.9227487087356838,0.694783256354449,0.9121980336425652,0.9227487087356838,0.9133781612019618,0.6704651070238342,0.694783256354449,0.6658134402190015,0.8506846798203311,0.8481974141577184,,True,0.5114594410406426,0.12117340904660523,RF,8,raw,Spike2Vec,identity_group,0.99,585.0
0.7859872611464969,0.5718481488108541,0.767750320030693,0.7859872611464969,0.7576750218972965,0.5400594136896483,0.5718481488108541,0.5362472450767949,0.6770517545733492,0.6613148958655019,,True,0.8823399660177529,0.06879743002355099,RF,9,raw,Spike2Vec,identity_group,0.99,585.0
0.8511287370347773,0.5814789006249685,0.8392334859188584,0.8511287370347773,0.819864325000844,0.594015934069604,0.5814789006249685,0.5315714955972596,0.7586683929408784,0.7508256326896823,0.7879348441951816,True,0.49448522506281734,0.012932209996506572,DT,0,raw,Spike2Vec,identity_group,0.99,585.0
0.9261552067212028,0.6291816167912658,0.9251311149370375,0.9261552067212028,0.9217017003410618,0.6949739339524312,0.6291816167912658,0.6238320392283858,0.8520973491981256,0.8508713964435756,,True,0.796892527025193,0.01195267599541694,DT,1,raw,Spike2Vec,identity_group,0.99,585.0
0.6282296650717704,0.5658976174365704,0.621739549233627,0.6282296650717704,0.5683432612174898,0.5825003073024552,0.5658976174365704,0.5213529299287071,0.6175899410292744,0.5933426521312117,0.776685145991104,True,0.8725363831035793,0.005802663043141365,DT,2,raw,Spike2Vec,identity_group,0.99,585.0
0.7692307692307693,0.6854776440926392,0.767202145398612,0.7692307692307693,0.7544392119771064,0.663359912047698,0.6528358515167993,0.6315111085225318,0.6505844304855304,0.6407452233699837,,True,1.352645695907995,0.004498591995798051,DT,3,raw,Spike2Vec,identity_group,0.99,585.0
0.718132854578097,0.5525165076652885,0.7181562116085297,0.718132854578097,0.703241621199686,0.559216130042682,0.5274021209532299,0.5280053822006605,0.673466384595195,0.6690759374396894,,True,1.6724645040230826,0.0018774649361148477,DT,4,raw,Spike2Vec,identity_group,0.99,585.0
0.9504157684016015,0.5940562423779853,0.9550148502367887,0.9504157684016015,0.9513439664210308,0.5775714968968269,0.5657678498837956,0.5522502193231134,0.7465789129409148,0.74631975433972,,True,1.1801673960871994,0.008484021993353963,DT,5,raw,Spike2Vec,identity_group,0.99,585.0
0.6309859154929578,0.5874216843090244,0.6105224549048678,0.6309859154929578,0.6129697108660423,0.5748018839712918,0.5580506000935733,0.561085415146817,0.5860625512701729,0.5827389123666478,,True,1.877205249038525,0.0012711399467661977,DT,6,raw,Spike2Vec,identity_group,0.99,585.0
0.8514727386672237,0.61482492635632,0.8488206637780591,0.8514727386672237,0.8286603914633686,0.6234736857367025,0.61482492635632,0.5878924294128134,0.7622409423977438,0.7549141112021062,0.806414227568816,True,0.5078557420056313,0.012621507979929447,DT,7,raw,Spike2Vec,identity_group,0.99,585.0
0.924994385807321,0.6670626062672249,0.9240669196646011,0.924994385807321,0.9232253494345912,0.6312971594818582,0.6670626062672249,0.6354268095739597,0.8542805823529882,0.8538593107156365,,True,0.8587415129877627,0.013247488997876644,DT,8,raw,Spike2Vec,identity_group,0.99,585.0
0.7719745222929937,0.612218779313908,0.7766411176719904,0.7719745222929937,0.76668186803417,0.4506914391936526,0.5539122289030596,0.46636673845124743,0.6580969702718655,0.6520603319931038,,True,1.2257847529836,0.004636740079149604,DT,9,raw,Spike2Vec,identity_group,0.99,585.0
0.5952380952380952,0.4828869047619047,0.7197865257213997,0.5952380952380952,0.6069884385912406,0.4935049019607843,0.4292328042328042,0.42071183936706397,0.5527327818178005,0.5430237519556251,,True,475.10332117800135,0.004334985977038741,LR,0,raw,Murmur2Vec,identity_group,0.97,263.0
0.9817432273262662,0.5065450482134131,0.9868391314075826,0.9817432273262662,0.9824686672623498,0.6059116110692641,0.48242385544134575,0.499981940159862,0.8349844889219594,0.8347447849544228,,True,286.9247505920939,0.07778468995820731,LR,1,raw,Murmur2Vec,identity_group,0.97,263.0
0.8078854379765669,0.4292291518656505,0.80663395791913,0.8078854379765669,0.7828440674400223,0.4607943167529996,0.4292291518656505,0.4033558045826995,0.6987321780104672,0.6841242859168206,0.9272154992852485,True,152.31392458104528,0.11979577108286321,LR,2,raw,Murmur2Vec,identity_group,0.97,263.0
0.9807572936064556,0.44356801681983005,0.9837626920284852,0.9807572936064556,0.9801175674043069,0.5287893568844625,0.44356801681983005,0.4471369675320982,0.7078777164788049,0.7076100940997729,,True,306.73650352994446,0.0736570080043748,LR,3,raw,Murmur2Vec,identity_group,0.97,263.0
0.9841743804120633,0.6003342536424107,0.9855047433102891,0.9841743804120633,0.9840905315887007,0.6249045306533166,0.6003342536424107,0.5999849217439643,0.8084055848051789,0.808292074930444,,True,290.27310296101496,0.07754089101217687,LR,4,raw,Murmur2Vec,identity_group,0.97,263.0
0.5497175141242938,0.36180705671705976,0.5734135898006272,0.5497175141242938,0.4981861320946352,0.4259215666490134,0.36180705671705976,0.34350305766506944,0.518772304003363,0.48537295312362616,0.8665883301070791,True,178.01671610504854,0.07475769508164376,LR,5,raw,Murmur2Vec,identity_group,0.97,263.0
0.5275590551181102,0.4464227691114901,0.5936141894974002,0.5275590551181102,0.48970152989391497,0.530622197193249,0.4464227691114901,0.43289577398656065,0.49411096857818526,0.4644055468308892,0.9180326779056561,True,178.95992393407505,0.07574307196773589,LR,6,raw,Murmur2Vec,identity_group,0.97,263.0
0.6666666666666666,0.5776233570351217,0.6945156695156696,0.6666666666666666,0.6577839361996046,0.5757415786827551,0.5776233570351217,0.5363862376079997,0.6100678464915341,0.6048166392993979,,True,428.22853641503025,0.00397601502481848,LR,7,raw,Murmur2Vec,identity_group,0.97,263.0
0.479963980189104,0.4757218309858006,0.5201588246850373,0.479963980189104,0.40945747867656523,0.48250159593002206,0.4757218309858006,0.4362235147599962,0.48031018479740045,0.43104154957785923,0.8902639308890731,True,243.10469063709024,0.04650996706914157,LR,8,raw,Murmur2Vec,identity_group,0.97,263.0
0.6238532110091743,0.5907635023706452,0.7040931545518702,0.6238532110091743,0.631404930173641,0.5863339438339438,0.5513792688792688,0.5278356877041088,0.5724471806516926,0.5674603174603174,,True,554.336039133952,0.0038341599283739924,LR,9,raw,Murmur2Vec,identity_group,0.97,263.0
0.626984126984127,0.5379464285714286,0.636324419657753,0.626984126984127,0.5823048497651673,0.4389721654427537,0.5063025210084033,0.4360710096004214,0.5869953345539938,0.5760916249105226,,True,2.2240333090303466,0.04802729492075741,RF,0,raw,Murmur2Vec,identity_group,0.97,263.0
0.9790930506478209,0.5346063166496287,0.9845740096279074,0.9790930506478209,0.9803342351873038,0.5509966002819954,0.5346063166496287,0.5044407808433828,0.8178520271990493,0.8171684910690725,,True,1.6497352400328964,0.1447134679183364,RF,1,raw,Murmur2Vec,identity_group,0.97,263.0
0.7308908313185791,0.26038144223374193,0.7154844711057882,0.7308908313185791,0.6988526039052324,0.27630445252803004,0.26038144223374193,0.2285849952793309,0.5879917139436572,0.5576578922383235,0.8586738446081669,True,0.6110963060054928,0.20378610596526414,RF,2,raw,Murmur2Vec,identity_group,0.97,263.0
0.984171322160149,0.4940958164642375,0.98061345239021,0.984171322160149,0.9818203829201532,0.4219297704591078,0.4940958164642375,0.4351051980930362,0.7565005151671117,0.7561521418787869,,True,1.6973684570984915,0.15082989097572863,RF,3,raw,Murmur2Vec,identity_group,0.97,263.0
0.9796954314720813,0.5077062444579977,0.9823492595550904,0.9796954314720813,0.9798187097386238,0.5530868663353017,0.5077062444579977,0.49988860443507493,0.7601172177051913,0.7598171618533139,,True,1.6262128229718655,0.15056445403024554,RF,4,raw,Murmur2Vec,identity_group,0.97,263.0
0.49689265536723165,0.25586523161370167,0.4742517604917058,0.49689265536723165,0.43280518981504085,0.31866104484251667,0.25586523161370167,0.23677139762737898,0.46844889078338,0.4201316341677128,0.8023340288362544,True,0.2005142589332536,0.1510020630666986,RF,5,raw,Murmur2Vec,identity_group,0.97,263.0
0.4864391951006124,0.29667114306749764,0.4551319308643219,0.4864391951006124,0.42023106758194756,0.36999733811547164,0.29667114306749764,0.2708288390531191,0.45196561105085115,0.40562078815176694,0.8708983888955302,True,0.24082560499664396,0.1408682269975543,RF,6,raw,Murmur2Vec,identity_group,0.97,263.0
0.6491228070175439,0.5926517176517175,0.6744883040935672,0.6491228070175439,0.6171780803359751,0.579248366013072,0.5926517176517175,0.5412065235594647,0.5901195574633782,0.5814977973568282,,True,2.2589551620185375,0.047670245985500515,RF,7,raw,Murmur2Vec,identity_group,0.97,263.0
0.4029716343989194,0.3501378531050164,0.41349633244199324,0.4029716343989194,0.3192504214862367,0.40073867442566746,0.3501378531050164,0.31296254329893547,0.4241946398506212,0.3396461724741021,0.8467432232220922,True,0.8486134059494361,0.10975938301999122,RF,8,raw,Murmur2Vec,identity_group,0.97,263.0
0.6788990825688074,0.6024170274170274,0.6882712718114768,0.6788990825688074,0.6601133776894279,0.5686274509803921,0.5622558922558922,0.5324994303941673,0.6312426151326899,0.6264564770390679,,True,2.3141538070049137,0.03751215501688421,RF,9,raw,Murmur2Vec,identity_group,0.97,263.0
0.6111111111111112,0.5219606782106783,0.628322440087146,0.6111111111111112,0.6044825997575518,0.47698961937716255,0.4912571089041678,0.4661555516864203,0.5710885269160465,0.5626239727968263,,True,2.24139615194872,0.0008289020042866468,DT,0,raw,Murmur2Vec,identity_group,0.97,263.0
0.980565371024735,0.6095533126899918,0.9849043259607988,0.980565371024735,0.9822173949788398,0.6116720352517014,0.5805269644666589,0.5781966238384658,0.8315013142704426,0.8308471378438549,,True,1.3095555159961805,0.014024892938323319,DT,1,raw,Murmur2Vec,identity_group,0.97,263.0
0.8095592337734796,0.45651867041429867,0.7776215518969112,0.8095592337734796,0.7791883648055041,0.4292406647160927,0.45651867041429867,0.4207533437040331,0.7004996595850702,0.6880181956446564,0.7252245216653525,True,0.37005814409349114,0.02223350398708135,DT,2,raw,Murmur2Vec,identity_group,0.97,263.0
0.9770328988206083,0.44458219311529706,0.9794201208277872,0.9770328988206083,0.9772401398913789,0.43850501911291984,0.44458219311529706,0.40353841667435725,0.6702821976784632,0.6690862356595431,,True,1.3663903339765966,0.01341520098503679,DT,3,raw,Murmur2Vec,identity_group,0.97,263.0
0.9761122723200956,0.5292608652966861,0.9813267886001463,0.9761122723200956,0.9781869330341179,0.49716736696172353,0.5292608652966861,0.5002740531103362,0.7329713928078869,0.731065309412413,,True,1.2089760840171948,0.014026475953869522,DT,4,raw,Murmur2Vec,identity_group,0.97,263.0
0.44943502824858755,0.2929260090311281,0.456653453141927,0.44943502824858755,0.4071230800538907,0.3519726538764643,0.2929260090311281,0.26410182118192005,0.4002279548468181,0.3769801616763687,0.6324376552033422,True,0.2123010610230267,0.0147532660048455,DT,5,raw,Murmur2Vec,identity_group,0.97,263.0
0.5400991542723826,0.46559241951545355,0.5219201065087693,0.5400991542723826,0.48438922319866934,0.43611775195301433,0.46559241951545355,0.42261036844063377,0.4995635403141967,0.48134602713001706,0.721035265670237,True,0.2537347689503804,0.014326548087410629,DT,6,raw,Murmur2Vec,identity_group,0.97,263.0
0.6403508771929824,0.6026703820821468,0.6493886230728336,0.6403508771929824,0.6345514323443017,0.5531137197803865,0.5691886941886942,0.5448635271215916,0.5765599096646656,0.5739288969917958,,True,2.158771099988371,0.0007778770523145795,DT,7,raw,Murmur2Vec,identity_group,0.97,263.0
0.5497523638000901,0.4703302526728825,0.5034797215033895,0.5497523638000901,0.4671221031955183,0.4208024160527545,0.4703302526728825,0.4144028488880855,0.5410178582453669,0.5081812204944716,0.7264281867770627,True,0.6392212129430845,0.009450407000258565,DT,8,raw,Murmur2Vec,identity_group,0.97,263.0
0.6330275229357798,0.598077071737786,0.7069571865443426,0.6330275229357798,0.6418232124654143,0.515234375,0.5233174377705627,0.48594370039682544,0.5831092007901251,0.5785403576607057,,True,2.1914940769784153,0.0008161480072885752,DT,9,raw,Murmur2Vec,identity_group,0.97,263.0
0.6111111111111112,0.5141369047619047,0.7228639746496889,0.6111111111111112,0.6185958099268251,0.5082570207570207,0.4570105820105819,0.44522910102693736,0.569402378084016,0.5603190428713859,,True,334.6767120109871,0.002320775995030999,LR,0,raw,Spike2Vec,identity_group,0.97,263.0
0.9823321554770318,0.5116601377274795,0.9870784864282982,0.9823321554770318,0.9829406611853727,0.6089272065848595,0.48729536926426625,0.5048687912595514,0.8402902088492723,0.8400720837251211,,True,169.7237074439181,0.06645409599877894,LR,1,raw,Spike2Vec,identity_group,0.97,263.0
0.808257392598103,0.42992290255940124,0.8066938101109228,0.808257392598103,0.7831297455222351,0.46164094846351117,0.42992290255940124,0.4043702073853726,0.6993551363047805,0.6847301361662816,0.9272019167869107,True,58.96705901809037,0.08068194799125195,LR,2,raw,Spike2Vec,identity_group,0.97,263.0
0.9816883923029175,0.45497152559175985,0.9848146475825769,0.9816883923029175,0.980980526685094,0.5477231578616072,0.45497152559175985,0.4593153272039795,0.7220104921420131,0.7217490328444984,,True,180.97929309599567,0.06646673392970115,LR,3,raw,Spike2Vec,identity_group,0.97,263.0
0.9841743804120633,0.6003342536424107,0.9855047433102891,0.9841743804120633,0.9840905315887007,0.6249045306533166,0.6003342536424107,0.5999849217439643,0.8084055848051789,0.808292074930444,,True,166.38880120497197,0.06389997899532318,LR,4,raw,Spike2Vec,identity_group,0.97,263.0
0.5494350282485876,0.3612572541740437,0.5627101773656997,0.5494350282485876,0.4968997952813079,0.4184909683654184,0.3612572541740437,0.34244220085446275,0.5186082909771702,0.48493961725913404,0.8654292344604997,True,94.49238264397718,0.060560175916180015,LR,5,raw,Spike2Vec,identity_group,0.97,263.0
0.5296004666083406,0.4477386079823319,0.5947645198959763,0.5296004666083406,0.4913993190379828,0.530659494725283,0.4477386079823319,0.4336431649844716,0.4964409038084394,0.46676102590167745,0.9185732791577206,True,120.29053566604853,0.06591570598538965,LR,6,raw,Spike2Vec,identity_group,0.97,263.0
0.6666666666666666,0.5776233570351217,0.698743052160846,0.6666666666666666,0.6601494448254448,0.5702513203423785,0.5776233570351217,0.5334258796275776,0.6110961742867933,0.606146013273934,,True,298.2738322010264,0.0021001130808144808,LR,7,raw,Spike2Vec,identity_group,0.97,263.0
0.4804142278253039,0.47519762462642084,0.5163048247291638,0.4804142278253039,0.41053431824746356,0.4806224377207167,0.47519762462642084,0.43619105159904303,0.4805970903960468,0.4314679533406194,0.8903058976927851,True,165.70462070696522,0.038505660952068865,LR,8,raw,Spike2Vec,identity_group,0.97,263.0
0.6605504587155964,0.6340535456606885,0.7262013979903889,0.6605504587155964,0.672123100150907,0.6189285714285714,0.5917833092833092,0.5717881267339472,0.6125051985776991,0.6089401725976923,,True,311.89093193097506,0.0022770239738747478,LR,9,raw,Spike2Vec,identity_group,0.97,263.0
0.6666666666666666,0.567573051948052,0.6940970074898646,0.6666666666666666,0.6358717592101635,0.5723451028138529,0.567573051948052,0.5174366337544584,0.6298180804687974,0.6212966938600257,,True,1.6203663669293746,0.03768787102308124,RF,0,raw,Spike2Vec,identity_group,0.97,263.0
0.9846878680800942,0.5530709328147452,0.9840947099723297,0.9846878680800942,0.9836829106821602,0.5572965520812551,0.5530709328147452,0.5312571737708172,0.8611773490026537,0.8610357632716465,,True,0.962899856036529,0.0935118260094896,RF,1,raw,Spike2Vec,identity_group,0.97,263.0
0.7377719918169984,0.2937162770413566,0.7544639101507064,0.7377719918169984,0.7047219893850626,0.3439311591588702,0.2937162770413566,0.2574539963343263,0.5986245643614483,0.5691351662475603,0.8799556423055683,True,0.3165767539758235,0.12803219398483634,RF,2,raw,Spike2Vec,identity_group,0.97,263.0
0.9847920546244568,0.5323886639676113,0.9828356180046603,0.9847920546244568,0.9832709133922172,0.5139213783407407,0.5323886639676113,0.5018219292981385,0.7670328340779842,0.766771798943753,,True,0.9916228980291635,0.09063862496986985,RF,3,raw,Spike2Vec,identity_group,0.97,263.0
0.9826813974320693,0.5539236674269347,0.9810453476732794,0.9826813974320693,0.9813415721224275,0.5707541263102737,0.5539236674269347,0.5503969120793532,0.7881804350238247,0.7879944816265231,,True,0.9501211049500853,0.10049663600511849,RF,4,raw,Spike2Vec,identity_group,0.97,263.0
0.5,0.2758969855677715,0.47077997019359114,0.5,0.4378952999435423,0.32962922572132675,0.2758969855677715,0.2588270343269363,0.4704542959834978,0.4240843374800707,0.831352257909753,True,0.16542873007711023,0.0903940669959411,RF,5,raw,Spike2Vec,identity_group,0.97,263.0
0.4925634295713036,0.30183359840683766,0.4673768353827562,0.4925634295713036,0.43000021822003104,0.34661846745169717,0.30183359840683766,0.27862625844961597,0.46134860354197826,0.4137257772742414,0.8786561869110094,True,0.23962536198087037,0.0917099310318008,RF,6,raw,Spike2Vec,identity_group,0.97,263.0
0.6842105263157895,0.5833602671837966,0.7036194653299918,0.6842105263157895,0.647718978466901,0.5533753501400561,0.5833602671837966,0.5256331559737133,0.631980408288416,0.6228980979509326,,True,1.6191913669463247,0.037769173039123416,RF,7,raw,Spike2Vec,identity_group,0.97,263.0
0.39756866276452046,0.3446842513949023,0.3711042165226451,0.39756866276452046,0.32185103965136475,0.35569029810308245,0.3446842513949023,0.32144077940147286,0.41657234318787106,0.33349511699672696,0.8623681213249899,True,0.5471617660950869,0.06910413596779108,RF,8,raw,Spike2Vec,identity_group,0.97,263.0
0.6972477064220184,0.6626159554730984,0.7735653894585358,0.6972477064220184,0.6779589901014618,0.6492156862745098,0.6184415584415585,0.5720227484933368,0.657646578185042,0.6490046838407495,,True,1.662907967926003,0.03773342596832663,RF,9,raw,Spike2Vec,identity_group,0.97,263.0
0.626984126984127,0.5375856782106783,0.6601820357772739,0.626984126984127,0.6245100578433911,0.49983660130718954,0.505962991257109,0.48080710139533667,0.5865070627569878,0.5795825642481897,,True,2.163553630001843,0.0006662479136139154,DT,0,raw,Spike2Vec,identity_group,0.97,263.0
0.9779151943462897,0.5484093160636327,0.9839013729427037,0.9779151943462897,0.9802412282555504,0.5384567577406772,0.5222945867272694,0.5083462073611374,0.8101360584905685,0.8091886133473576,,True,1.2249767240136862,0.008729860070161521,DT,1,raw,Spike2Vec,identity_group,0.97,263.0
0.808257392598103,0.4552635074094125,0.7829233272644662,0.808257392598103,0.7789515404684775,0.4533221846348435,0.4552635074094125,0.4200774874836263,0.6983170101066745,0.6860419295874164,0.7253033928582308,True,0.33497039100620896,0.013617823016829789,DT,2,raw,Spike2Vec,identity_group,0.97,263.0
0.9770328988206083,0.42055834253156177,0.9791035424737042,0.9770328988206083,0.9770911258884805,0.43426320512865335,0.42055834253156177,0.39062339565277265,0.6639202586279821,0.6632957833596705,,True,1.3025231820065528,0.0083762570284307,DT,3,raw,Spike2Vec,identity_group,0.97,263.0
0.9779038518960884,0.52578652697316,0.981255900112019,0.9779038518960884,0.9792918454191268,0.5034618698886991,0.52578652697316,0.508846496394737,0.7464333203436654,0.7455164560055615,,True,1.1854816799750552,0.008640822023153305,DT,4,raw,Spike2Vec,identity_group,0.97,263.0
0.44322033898305085,0.28864981376708,0.44419154624472407,0.44322033898305085,0.39529366426798285,0.3032194917867581,0.28864981376708,0.25667503932062047,0.39631682164202464,0.369945508405359,0.6301360630866575,True,0.20239627093542367,0.009222151013091207,DT,5,raw,Spike2Vec,identity_group,0.97,263.0
0.5409740449110528,0.4555983797323424,0.5362557740439319,0.5409740449110528,0.48150953634274524,0.4469505967935067,0.4555983797323424,0.4110220883771149,0.502485376421894,0.4809715055092695,0.7160229536690266,True,0.2458472140133381,0.0090516620548442,DT,6,raw,Spike2Vec,identity_group,0.97,263.0
0.631578947368421,0.6756887786299551,0.6442909006967179,0.631578947368421,0.6203276935983488,0.6858640585420771,0.6756887786299551,0.6611519153809502,0.5738188452083741,0.5650831138159688,,True,2.1561286139767617,0.0005957860266789794,DT,7,raw,Spike2Vec,identity_group,0.97,263.0
0.5520036019810896,0.4790634759690304,0.5299064275422524,0.5520036019810896,0.47673136370007924,0.4649627128066711,0.4790634759690304,0.4348098964515507,0.5427994990654064,0.5105570767396591,0.7310115672009598,True,0.6004829850280657,0.005795884062536061,DT,8,raw,Spike2Vec,identity_group,0.97,263.0
0.6880733944954128,0.6482265254586682,0.7405708460754333,0.6880733944954128,0.694987114929172,0.5831163194444444,0.5671982097763347,0.5392910109809781,0.6426133967699287,0.6397394770098181,,True,2.1481582779670134,0.0006319530075415969,DT,9,raw,Spike2Vec,identity_group,0.97,263.0
