accuracy,balanced_accuracy,precision_weighted,recall_weighted,f1_weighted,precision_macro,recall_macro,f1_macro,mcc,kappa,roc_auc_ovr_macro,roc_auc_available,train_time,test_time,classifier,family,arm,signed,hash_seed,split,m,k,corpus,embed_seconds
0.8035487959442332,0.6817562556359643,0.7975063241243047,0.8035487959442332,0.7929468508954793,0.719983567608989,0.6817562556359643,0.6814962106916187,0.7600931780715373,0.7590379250011822,0.9730812278684318,True,203.7740405839868,0.02028379001421854,LR,sha256,sha256,False,0,0,28798,3,dedup,0.897392768994905
0.779467680608365,0.6599597293335695,0.7645235690970638,0.779467680608365,0.7703257515827269,0.6576199097258205,0.6599597293335695,0.6552156400158039,0.7295827913748746,0.7293257097791799,0.978914669614198,True,201.08614949899493,0.019702052988577634,LR,sha256,sha256,False,0,1,28798,3,dedup,0.897392768994905
0.7870722433460076,0.634598383169496,0.7786208372515775,0.7870722433460076,0.7762259463727501,0.7043709071886322,0.634598383169496,0.6451790783472742,0.739957815060015,0.738950104871348,0.9678835847675067,True,171.2001573559828,0.019138891017064452,LR,sha256,sha256,False,0,2,28798,3,dedup,0.897392768994905
0.788339670468948,0.6491890839049256,0.7800594919021641,0.788339670468948,0.7825741645684191,0.6492875019711374,0.6491890839049256,0.6460352900592103,0.7411856376358171,0.7409473216497521,0.9751595676874408,True,175.9495053680148,0.0199899859726429,LR,sha256,sha256,False,0,3,28798,3,dedup,0.897392768994905
0.7984790874524715,0.6791905113836088,0.7874601672235927,0.7984790874524715,0.7897734562409403,0.6771092711354686,0.6791905113836088,0.6720952174924374,0.753520579596477,0.7530905261914838,0.9726833418577545,True,192.60541844298132,0.01979334297357127,LR,sha256,sha256,False,0,4,28798,3,dedup,0.897392768994905
0.8124207858048162,0.68069494347395,0.8036899003834401,0.8124207858048162,0.7945412319445645,0.7093334690798947,0.68069494347395,0.6699682192309182,0.7717554876922985,0.7695018031728736,0.9777293615207128,True,0.3556078990222886,0.06990621803561226,RF,sha256,sha256,False,0,0,28798,3,dedup,0.897392768994905
0.7934093789607097,0.6683749621698921,0.7813670355529121,0.7934093789607097,0.784315008137954,0.6729299396610777,0.6683749621698921,0.6652133690576022,0.7469968195490863,0.7464722928617895,0.9794184502494148,True,0.34284718602430075,0.06931017403258011,RF,sha256,sha256,False,0,1,28798,3,dedup,0.897392768994905
0.7870722433460076,0.6130859427189629,0.7814010732753423,0.7870722433460076,0.7777646592956429,0.6977863209555655,0.6130859427189629,0.6272456852419471,0.7396994659307599,0.7387442965123727,0.9620238457960194,True,0.35133755701826885,0.058816751989070326,RF,sha256,sha256,False,0,2,28798,3,dedup,0.897392768994905
0.7959442332065906,0.6360656302024307,0.7941133694479412,0.7959442332065906,0.7867534229481669,0.664109551869721,0.6360656302024307,0.6364878600112545,0.7510783049736467,0.7496018198017772,0.9618112293658723,True,0.343111386988312,0.070402326004114,RF,sha256,sha256,False,0,3,28798,3,dedup,0.897392768994905
0.7870722433460076,0.6270593073099751,0.7717053185021748,0.7870722433460076,0.7715167374079323,0.6398489400952371,0.6270593073099751,0.6197358815369225,0.7392712480529601,0.7383709569497928,0.9558322195547014,True,0.36007372400490567,0.0583492869627662,RF,sha256,sha256,False,0,4,28798,3,dedup,0.897392768994905
0.7858048162230672,0.6798982325827733,0.7741286216382957,0.7858048162230672,0.7750256482773883,0.6900982854201292,0.6798982325827733,0.6758937911767249,0.738295852631694,0.7373465781838167,0.8346357439059915,True,0.5307179960072972,0.00349462399026379,DT,sha256,sha256,False,0,0,28798,3,dedup,0.897392768994905
0.788339670468948,0.655786136760446,0.7833238775664577,0.788339670468948,0.7839986806327053,0.6608908649349367,0.655786136760446,0.6550489272530658,0.7409416026223694,0.7406265686361355,0.8227102108254936,True,0.5036682649515569,0.0043152139987796545,DT,sha256,sha256,False,0,1,28798,3,dedup,0.897392768994905
0.7870722433460076,0.6771918602424819,0.7877264287806954,0.7870722433460076,0.7838146995530886,0.6825156563719991,0.6771918602424819,0.6701617454924126,0.7404720217640958,0.7398543756010441,0.8334025714543102,True,0.5093802369665354,0.0034392320085316896,DT,sha256,sha256,False,0,2,28798,3,dedup,0.897392768994905
0.7921419518377694,0.6760910339806782,0.7900304192984738,0.7921419518377694,0.7874768135031427,0.6526882886060109,0.6760910339806782,0.6596130407280396,0.7466785566828691,0.7459600709134923,0.8329871167899472,True,0.5333970199571922,0.00347479700576514,DT,sha256,sha256,False,0,3,28798,3,dedup,0.897392768994905
0.7845373891001267,0.6294126760356946,0.7712006406075004,0.7845373891001267,0.7750156050915911,0.6108361635832753,0.6294126760356946,0.6145656811703234,0.7363909968210208,0.7359292188718175,0.8094291659283613,True,0.5234570450265892,0.0034576450125314295,DT,sha256,sha256,False,0,4,28798,3,dedup,0.897392768994905
0.8022813688212928,0.6739428336395134,0.7944284073373772,0.8022813688212928,0.7906807197468051,0.7146632000338573,0.6739428336395134,0.6750008447745781,0.7585710456650518,0.7573944203318472,0.9721425585623222,True,197.32951862702612,0.019805281015578657,LR,sha256,sha256-signed,True,0,0,28798,3,dedup,1.0721731139929034
0.7782002534854245,0.6602126264936832,0.7622352303613439,0.7782002534854245,0.7691034293499256,0.6566304197453956,0.6602126264936832,0.6561506011886216,0.7278696408517917,0.7276417712605112,0.9786907273331934,True,190.44386922300328,0.01894474501023069,LR,sha256,sha256-signed,True,0,1,28798,3,dedup,1.0721731139929034
0.788339670468948,0.6384719304379126,0.7788595881049933,0.788339670468948,0.7764372422260077,0.7045892112322133,0.6384719304379126,0.6465583732528485,0.7416996046353833,0.7405121499228999,0.9671515054375059,True,195.32954516803147,0.021391588961705565,LR,sha256,sha256-signed,True,0,2,28798,3,dedup,1.0721731139929034
0.7858048162230672,0.646993545862949,0.7778265325177569,0.7858048162230672,0.7802773353609889,0.6485127208454745,0.646993545862949,0.6443886755630029,0.7378874283462807,0.737704627804596,0.973626727837227,True,177.46066553104902,0.01941905199782923,LR,sha256,sha256-signed,True,0,3,28798,3,dedup,1.0721731139929034
0.7984790874524715,0.6747918216873233,0.7887419005198498,0.7984790874524715,0.7899359008550415,0.6968062272972989,0.6747918216873233,0.6726229348166023,0.7534973471352746,0.7530715722592048,0.9713344995339361,True,187.21816167404177,0.019839169981423765,LR,sha256,sha256-signed,True,0,4,28798,3,dedup,1.0721731139929034
0.8048162230671736,0.6763913283824393,0.7956961864944516,0.8048162230671736,0.7904963791625262,0.7083565906244689,0.6763913283824393,0.6695353772417421,0.7616385041304291,0.7601534941837627,0.9803842345912129,True,0.3562527429894544,0.048123907996341586,RF,sha256,sha256-signed,True,0,0,28798,3,dedup,1.0721731139929034
0.7921419518377694,0.6708001545387792,0.77949807631225,0.7921419518377694,0.7826059929134219,0.6826287028060564,0.6708001545387792,0.671290374599179,0.7451863033035488,0.7446662404394876,0.977927617645561,True,0.33873860305175185,0.06925258901901543,RF,sha256,sha256-signed,True,0,1,28798,3,dedup,1.0721731139929034
0.7984790874524715,0.6366938393296182,0.7962119433992655,0.7984790874524715,0.7882635397614353,0.7220434784788919,0.6366938393296182,0.6473104848277361,0.7537607086163314,0.7527532952825429,0.9665061670461,True,0.36957066401373595,0.05827987601514906,RF,sha256,sha256-signed,True,0,2,28798,3,dedup,1.0721731139929034
0.7946768060836502,0.6346179757249923,0.7864300422964827,0.7946768060836502,0.7844947151582683,0.6540340212152839,0.6346179757249923,0.6332485659143705,0.7489100377179655,0.7479009496760451,0.9485326840424448,True,0.362122516031377,0.06847327400464565,RF,sha256,sha256-signed,True,0,3,28798,3,dedup,1.0721731139929034
0.7858048162230672,0.6468329250931812,0.7682223496517137,0.7858048162230672,0.7692518616650041,0.6341700206419227,0.6468329250931812,0.6289249323956819,0.7380733681727878,0.7369398126593067,0.9403701484774941,True,0.3598160789697431,0.11970646597910672,RF,sha256,sha256-signed,True,0,4,28798,3,dedup,1.0721731139929034
0.7908745247148289,0.6887577626395412,0.7840953431779059,0.7908745247148289,0.7815119832671682,0.7114131516211559,0.6887577626395412,0.6803816546583027,0.7446867288028636,0.7438941621993802,0.8392291556888529,True,0.5758630419732071,0.0034658750519156456,DT,sha256,sha256-signed,True,0,0,28798,3,dedup,1.0721731139929034
0.7782002534854245,0.6490990016123889,0.7739211273872121,0.7782002534854245,0.7736333324445095,0.6363750630640724,0.6490990016123889,0.6363159492182644,0.7288510327366825,0.7284901041205792,0.8191320473864967,True,0.5403450139565393,0.0034340560087002814,DT,sha256,sha256-signed,True,0,1,28798,3,dedup,1.0721731139929034
0.7934093789607097,0.6660830128029388,0.7932988022307674,0.7934093789607097,0.7891481092398055,0.7025154564214635,0.6660830128029388,0.6666828440874136,0.7475335324376177,0.7470999687333466,0.8279955251814638,True,0.5590320590417832,0.0034683599951677024,DT,sha256,sha256-signed,True,0,2,28798,3,dedup,1.0721731139929034
0.7743979721166033,0.6358590826056434,0.7741487365176233,0.7743979721166033,0.7720052104798637,0.6283343222410621,0.6358590826056434,0.6284151650927096,0.7246260620412529,0.7241675946711918,0.8124375151723069,True,0.5577748279902153,0.0034248800366185606,DT,sha256,sha256-signed,True,0,3,28798,3,dedup,1.0721731139929034
0.7921419518377694,0.6320411619458371,0.7809355344055295,0.7921419518377694,0.7833693673278702,0.6354975711419011,0.6320411619458371,0.6270213202409661,0.7458753778783661,0.7454107591873355,0.8109376141570415,True,0.5450723789981566,0.0034605960245244205,DT,sha256,sha256-signed,True,0,4,28798,3,dedup,1.0721731139929034
0.8035487959442332,0.6745118596365258,0.7982224464291058,0.8035487959442332,0.7928744443947704,0.7171214093239971,0.6745118596365258,0.6757794078029472,0.7601015097616891,0.7589880632135318,0.9724328738695629,True,196.25761672796216,0.01982044300530106,LR,sha256,sha256,False,1,0,28798,3,dedup,0.8798778600175865
0.7743979721166033,0.6576548439558404,0.7587433249943534,0.7743979721166033,0.7652816686363302,0.6543597376898168,0.6576548439558404,0.6532552394474189,0.7232379881675501,0.7230033706956571,0.9789616062690061,True,193.19738893897738,0.01943509903503582,LR,sha256,sha256,False,1,1,28798,3,dedup,0.8798778600175865
0.788339670468948,0.6355655011578906,0.7801828963231422,0.788339670468948,0.7769954138693257,0.7064208467385715,0.6355655011578906,0.64587829874292,0.7416084062350091,0.7404896629554277,0.9670366590810331,True,175.5933903339901,0.019843517045956105,LR,sha256,sha256,False,1,2,28798,3,dedup,0.8798778600175865
0.7858048162230672,0.6481740500606854,0.7782779729247933,0.7858048162230672,0.780680354790856,0.6491471547461373,0.6481740500606854,0.645732513534852,0.7380070542435585,0.7378351012062169,0.9744671517236345,True,181.92527983698528,0.019447052967734635,LR,sha256,sha256,False,1,3,28798,3,dedup,0.8798778600175865
0.7959442332065906,0.6778447542978638,0.7850714740389497,0.7959442332065906,0.7878176984799298,0.6749373895252222,0.6778447542978638,0.6709838388742759,0.7503654032649665,0.7500009840233961,0.9719126322812559,True,195.46119645400904,0.019508982019033283,LR,sha256,sha256,False,1,4,28798,3,dedup,0.8798778600175865
0.8136882129277566,0.6812571529229569,0.807265168502481,0.8136882129277566,0.796829729819582,0.7249627589148626,0.6812571529229569,0.6771563338276319,0.7733175399699439,0.7710976293290599,0.9799482195505324,True,0.3456132970168255,0.06890398997347802,RF,sha256,sha256,False,1,0,28798,3,dedup,0.8798778600175865
0.788339670468948,0.6653016550223191,0.7739308063324717,0.788339670468948,0.77803239546849,0.6618820461784888,0.6653016550223191,0.6584778932232135,0.740524108458209,0.7399611213625285,0.9782498425462518,True,0.3334142850362696,0.060486486996524036,RF,sha256,sha256,False,1,1,28798,3,dedup,0.8798778600175865
0.7921419518377694,0.6292988098323963,0.7881900335393937,0.7921419518377694,0.782213614088979,0.7136621042962685,0.6292988098323963,0.6388291809855725,0.7458405598817629,0.7450726978998384,0.9616327748483127,True,0.35085484298178926,0.058566848980262876,RF,sha256,sha256,False,1,2,28798,3,dedup,0.8798778600175865
0.7959442332065906,0.6358196216402558,0.7862616684329672,0.7959442332065906,0.785165999158073,0.6518579865160696,0.6358196216402558,0.6331622577147429,0.7507647730781709,0.7495603520338154,0.9553426327403521,True,0.335766474949196,0.0595445409999229,RF,sha256,sha256,False,1,3,28798,3,dedup,0.8798778600175865
0.7820025348542459,0.6246568309188696,0.7672158617880375,0.7820025348542459,0.7659351516035365,0.6326587182058862,0.6246568309188696,0.6148169159182209,0.7333169323000767,0.7321427514048353,0.9325564024522696,True,0.34911656100302935,0.05872324900701642,RF,sha256,sha256,False,1,4,28798,3,dedup,0.8798778600175865
0.7870722433460076,0.6823749040502171,0.7824306369791363,0.7870722433460076,0.7795945280912665,0.7072527143215912,0.6823749040502171,0.6785821086856619,0.7400779776474106,0.7392392313624274,0.8359494043741171,True,0.5438748840242624,0.0034909609821625054,DT,sha256,sha256,False,1,0,28798,3,dedup,0.8798778600175865
0.779467680608365,0.6439874770446982,0.7768042597594421,0.779467680608365,0.7757502284831137,0.6634618866145501,0.6439874770446982,0.6489419130030718,0.7300936357852688,0.7296524508037407,0.816584563469137,True,0.5059901110362262,0.003455134981777519,DT,sha256,sha256,False,1,1,28798,3,dedup,0.8798778600175865
0.7832699619771863,0.6805291182113886,0.7872427760555866,0.7832699619771863,0.782132334351746,0.6823902466864779,0.6805291182113886,0.6724106474841869,0.735755990590965,0.7353387735886069,0.8349749435376701,True,0.5222143039572984,0.003448180970735848,DT,sha256,sha256,False,1,2,28798,3,dedup,0.8798778600175865
0.7820025348542459,0.6532518504637949,0.7794627028737904,0.7820025348542459,0.7786678002981108,0.6467656000306218,0.6532518504637949,0.6463670565853135,0.733773800135443,0.7333914847470413,0.821320081811994,True,0.5298533330205828,0.003438574029132724,DT,sha256,sha256,False,1,3,28798,3,dedup,0.8798778600175865
0.7858048162230672,0.6432505829918931,0.7756642936349689,0.7858048162230672,0.7786516471760451,0.6329648913686777,0.6432505829918931,0.6346588110899467,0.7382157785812168,0.7378768458961737,0.8163957161419894,True,0.5243295449763536,0.003434266021940857,DT,sha256,sha256,False,1,4,28798,3,dedup,0.8798778600175865
0.8060836501901141,0.6771515529776981,0.8011552492928217,0.8060836501901141,0.7958752868533666,0.7201217001200418,0.6771515529776981,0.6789515613872505,0.7631639636670403,0.762108208771394,0.972006596315611,True,187.0912064369768,0.019479187030810863,LR,sha256,sha256-signed,True,1,0,28798,3,dedup,0.983684443985112
0.7782002534854245,0.6611961921588733,0.7648361500119767,0.7782002534854245,0.7705366471367248,0.657997630743474,0.6611961921588733,0.6574859192239688,0.7280410935283472,0.727863469551061,0.9787517285662691,True,188.2346695479937,0.019204068987164646,LR,sha256,sha256-signed,True,1,1,28798,3,dedup,0.983684443985112
0.7921419518377694,0.6397494615274179,0.7834033403785599,0.7921419518377694,0.7808394851419043,0.7091481802296848,0.6397494615274179,0.650248870083841,0.7463271067481612,0.7451585521249589,0.966501373272569,True,187.92499343596864,0.019795280997641385,LR,sha256,sha256-signed,True,1,2,28798,3,dedup,0.983684443985112
0.7845373891001267,0.6472968965363275,0.7788929605621058,0.7845373891001267,0.78032849369847,0.6485843417366018,0.6472968965363275,0.6449325511805758,0.7366173593263922,0.7364434305386081,0.9741426183621311,True,186.92423991300166,0.01841363898711279,LR,sha256,sha256-signed,True,1,3,28798,3,dedup,0.983684443985112
0.7972116603295311,0.678313357859251,0.7867649394751691,0.7972116603295311,0.7893071157191119,0.676210976738638,0.678313357859251,0.6718980303529359,0.7519231014547575,0.7515444824729038,0.971764841444858,True,191.8295313589624,0.019255937018897384,LR,sha256,sha256-signed,True,1,4,28798,3,dedup,0.983684443985112
0.8149556400506971,0.6807419656068675,0.8085741079559947,0.8149556400506971,0.7987020024492982,0.723902516908785,0.6807419656068675,0.676948690956732,0.7745789443156207,0.7725632196616702,0.9725810639647534,True,0.3569538249867037,0.05062869697576389,RF,sha256,sha256-signed,True,1,0,28798,3,dedup,0.983684443985112
0.7959442332065906,0.6759418913418499,0.7804879456626818,0.7959442332065906,0.7844378087799433,0.68264735671384,0.6759418913418499,0.6734249927491542,0.7498784704944351,0.7491944464188405,0.9784146263344855,True,0.33911694900598377,0.05856757500441745,RF,sha256,sha256-signed,True,1,1,28798,3,dedup,0.983684443985112
0.7972116603295311,0.6396729664467896,0.78982388489791,0.7972116603295311,0.7872852331163933,0.7084793093036448,0.6396729664467896,0.6508387697415278,0.7519938732166295,0.7512669151895841,0.9659983165292556,True,0.35964599600993097,0.06924852501833811,RF,sha256,sha256-signed,True,1,2,28798,3,dedup,0.983684443985112
0.7870722433460076,0.6190650388459514,0.7769839052170036,0.7870722433460076,0.7765916935885139,0.6412093386647841,0.6190650388459514,0.6186020209149864,0.7393843760809985,0.7384788398934596,0.9603760795761519,True,0.35209979698993266,0.06888690503546968,RF,sha256,sha256-signed,True,1,3,28798,3,dedup,0.983684443985112
0.7870722433460076,0.6480484211320396,0.7684670558628163,0.7870722433460076,0.7708404057800253,0.6427181572877047,0.6480484211320396,0.6337665258140709,0.7394250561261861,0.738448393913862,0.9634456977795178,True,0.36436750896973535,0.04853284201817587,RF,sha256,sha256-signed,True,1,4,28798,3,dedup,0.983684443985112
0.7896070975918885,0.6862025744326687,0.7776897202189289,0.7896070975918885,0.7794861902396729,0.6851032274537499,0.6862025744326687,0.6791401286609563,0.7430673615261693,0.742198479653257,0.8379179198546054,True,0.5824725010315888,0.0034190089791081846,DT,sha256,sha256-signed,True,1,0,28798,3,dedup,0.983684443985112
0.7896070975918885,0.6567242433542015,0.7808435528322972,0.7896070975918885,0.7836075271711431,0.6521747540796842,0.6567242433542015,0.6512191199310355,0.7424172763849192,0.7421304645723241,0.8231952932514575,True,0.5272782890242524,0.003402166999876499,DT,sha256,sha256-signed,True,1,1,28798,3,dedup,0.983684443985112
0.7858048162230672,0.6625804982371859,0.7844794952866667,0.7858048162230672,0.7820633389982227,0.6894658689049954,0.6625804982371859,0.6612001760634394,0.7381449810485923,0.7377866400797607,0.8260636321742115,True,0.5671064949710853,0.0033733139862306416,DT,sha256,sha256-signed,True,1,2,28798,3,dedup,0.983684443985112
0.7782002534854245,0.6469678227895289,0.7782362199438588,0.7782002534854245,0.7750678147671454,0.6353938347705038,0.6469678227895289,0.6340822801374446,0.7293545578581638,0.7289665691083722,0.8180927780312448,True,0.5699693319620565,0.0034355790121480823,DT,sha256,sha256-signed,True,1,3,28798,3,dedup,0.983684443985112
0.788339670468948,0.6426852750043064,0.7766952582958185,0.788339670468948,0.7795992747614889,0.6378208992691167,0.6426852750043064,0.6352071394598802,0.7414760098247232,0.7410674632027827,0.8161739925611466,True,0.5592510619899258,0.0034370520152151585,DT,sha256,sha256-signed,True,1,4,28798,3,dedup,0.983684443985112
0.8010139416983524,0.6718617083237647,0.7936203673948333,0.8010139416983524,0.7894851822280622,0.7121426872462099,0.6718617083237647,0.6723876246433498,0.757034141382462,0.7558618732372993,0.9725737055082494,True,190.9224992909585,0.01923127699410543,LR,sha256,sha256,False,2,0,28798,3,dedup,0.8761203869944438
0.779467680608365,0.6616647957202603,0.7659097130432188,0.779467680608365,0.7714775171576141,0.6588640322613663,0.6616647957202603,0.6579019556193839,0.7297002081068088,0.7294707885361162,0.9784243552854206,True,198.10601880197646,0.019220685004256666,LR,sha256,sha256,False,2,1,28798,3,dedup,0.8761203869944438
0.7870722433460076,0.633040248632638,0.7786467359578914,0.7870722433460076,0.7760027880264562,0.702030358632525,0.633040248632638,0.6430073953540328,0.7399596781294255,0.7389475342681582,0.9675451941804064,True,194.3260936049628,0.01963559101568535,LR,sha256,sha256,False,2,2,28798,3,dedup,0.8761203869944438
0.7845373891001267,0.652420146692722,0.7770422083162576,0.7845373891001267,0.779250052819735,0.6500688499549536,0.652420146692722,0.6481144081608151,0.7364206592683442,0.7362153700320364,0.9739978698810443,True,190.95882065303158,0.019457201997283846,LR,sha256,sha256,False,2,3,28798,3,dedup,0.8761203869944438
0.7997465145754119,0.6812567604326257,0.7895901962964709,0.7997465145754119,0.7916983054686292,0.6795648752956427,0.6812567604326257,0.6745545105415488,0.755024690547762,0.7546685244333713,0.9720510837466521,True,177.52051723800832,0.019738744013011456,LR,sha256,sha256,False,2,4,28798,3,dedup,0.8761203869944438
0.8098859315589354,0.6788539548259567,0.7946891258142761,0.8098859315589354,0.792936141861615,0.6970981346184546,0.6788539548259567,0.6661215618437043,0.7683130091108598,0.7665450241641187,0.9797772329292612,True,0.34695434296736494,0.0704335659975186,RF,sha256,sha256,False,2,0,28798,3,dedup,0.8761203869944438
0.7921419518377694,0.6720594609855862,0.7761492270632135,0.7921419518377694,0.7806048873010016,0.6848562146746612,0.6720594609855862,0.672360306708502,0.7449383932726629,0.7443272080616479,0.9825095255827534,True,0.3387467869906686,0.05841357196914032,RF,sha256,sha256,False,2,1,28798,3,dedup,0.8761203869944438
0.7946768060836502,0.630466978995348,0.7881556439080443,0.7946768060836502,0.7832488315591605,0.7093733482352031,0.630466978995348,0.6397286696477271,0.7488479590272581,0.7479392299622158,0.9638889944414316,True,0.35155081399716437,0.06874389300355688,RF,sha256,sha256,False,2,2,28798,3,dedup,0.8761203869944438
0.7984790874524715,0.6390168649260419,0.7942881586510092,0.7984790874524715,0.7884312938189129,0.6605403465595864,0.6390168649260419,0.6362956426012112,0.7542251076984274,0.7527630406848872,0.9676727735053401,True,0.3426643089624122,0.06902184803038836,RF,sha256,sha256,False,2,3,28798,3,dedup,0.8761203869944438
0.779467680608365,0.6249208319275791,0.7640383617310545,0.779467680608365,0.7636242954560168,0.6194675446258882,0.6249208319275791,0.6082044590199485,0.7299480592116921,0.7289650066630472,0.9355433790674073,True,0.34126679896144196,0.05980222602374852,RF,sha256,sha256,False,2,4,28798,3,dedup,0.8761203869944438
0.7984790874524715,0.6888337073184917,0.7981917648259218,0.7984790874524715,0.792823501298738,0.7189728007115548,0.6888337073184917,0.6847591409087918,0.7541057104663943,0.7534660878553784,0.8394548037641929,True,0.5373366689891554,0.0034920850303024054,DT,sha256,sha256,False,2,0,28798,3,dedup,0.8761203869944438
0.7921419518377694,0.6535761345182145,0.7864018907014232,0.7921419518377694,0.7872909970720956,0.642308682760039,0.6535761345182145,0.640213422149085,0.7455088181259304,0.7453260773295807,0.8217031812322945,True,0.5012109660310671,0.0034139189519919455,DT,sha256,sha256,False,2,1,28798,3,dedup,0.8761203869944438
0.7858048162230672,0.6743209973200077,0.786054914762053,0.7858048162230672,0.7824293407706914,0.6737942113563197,0.6743209973200077,0.6664835338969044,0.7390486616931732,0.7382170069322695,0.8319345002391458,True,0.5020183129818179,0.0034661759855225682,DT,sha256,sha256,False,2,2,28798,3,dedup,0.8761203869944438
0.7756653992395437,0.6443600662634997,0.7779079907179784,0.7756653992395437,0.7742205187905871,0.6544789920001164,0.6443600662634997,0.6439121796528707,0.7260403380326763,0.725677884199857,0.8167095398894233,True,0.5359218160156161,0.0034698930103331804,DT,sha256,sha256,False,2,3,28798,3,dedup,0.8761203869944438
0.779467680608365,0.6406319281476459,0.7705212094684507,0.779467680608365,0.7731295850102778,0.6333268486058534,0.6406319281476459,0.6333945567926772,0.7302590795100775,0.7300384041341963,0.8149221465710056,True,0.5404334309860133,0.0034121759817935526,DT,sha256,sha256,False,2,4,28798,3,dedup,0.8761203869944438
0.8035487959442332,0.6788203596564881,0.7945872299241646,0.8035487959442332,0.7918396963593064,0.713336761265809,0.6788203596564881,0.6772981320039957,0.7599702336505607,0.7589833133955969,0.9716833184677056,True,187.86997296096524,0.018563875986728817,LR,sha256,sha256-signed,True,2,0,28798,3,dedup,0.9687452700454742
0.7769328263624842,0.6594862672827566,0.7616634411806618,0.7769328263624842,0.7679894500920083,0.6564061392846136,0.6594862672827566,0.6555182278115942,0.7264617454223504,0.7261939971843316,0.9780290301194626,True,195.21407843299676,0.0190885589690879,LR,sha256,sha256-signed,True,2,1,28798,3,dedup,0.9687452700454742
0.7896070975918885,0.6345659346464563,0.7813826698398547,0.7896070975918885,0.7784265372741384,0.7037819918002561,0.6345659346464563,0.6445182914195475,0.7431437375882189,0.7420507295898975,0.966835249836059,True,170.2058124440373,0.02078566502314061,LR,sha256,sha256-signed,True,2,2,28798,3,dedup,0.9687452700454742
0.7832699619771863,0.6473013398170899,0.7778523412352312,0.7832699619771863,0.7789799042958087,0.6488748740388427,0.6473013398170899,0.6448539674716793,0.7350408571081795,0.7348222340586532,0.9734453475701024,True,192.74285365297692,0.019100099976640195,LR,sha256,sha256-signed,True,2,3,28798,3,dedup,0.9687452700454742
0.7972116603295311,0.6767157123716211,0.7848311944768026,0.7972116603295311,0.7885768970270203,0.6720962195617965,0.6767157123716211,0.6694140510398278,0.7519177097288193,0.7515420374969985,0.9717712403070881,True,188.37666366499616,0.018269589985720813,LR,sha256,sha256-signed,True,2,4,28798,3,dedup,0.9687452700454742
0.8098859315589354,0.6807786342845187,0.798574827612041,0.8098859315589354,0.7943183130027259,0.7082848863698445,0.6807786342845187,0.6727432284174825,0.7679520172861783,0.7663403789886003,0.9757409981306435,True,0.37332356005208567,0.06867767102085054,RF,sha256,sha256-signed,True,2,0,28798,3,dedup,0.9687452700454742
0.788339670468948,0.6545347551575372,0.7751418160356638,0.788339670468948,0.7791909768060714,0.672088595872608,0.6545347551575372,0.65854814831925,0.7404573577594079,0.7399934486786853,0.9759961205194145,True,0.36039634398184717,0.06948845396982506,RF,sha256,sha256-signed,True,2,1,28798,3,dedup,0.9687452700454742
0.8022813688212928,0.6360726887893835,0.7966927569343857,0.8022813688212928,0.7911304017750527,0.7152492952856334,0.6360726887893835,0.6453504752350043,0.7584290284963691,0.7574627821511966,0.9580071540629916,True,0.36053008201997727,0.0687438229797408,RF,sha256,sha256-signed,True,2,2,28798,3,dedup,0.9687452700454742
0.7997465145754119,0.6415795669446386,0.7942385100700142,0.7997465145754119,0.7902539569842962,0.6631258751285327,0.6415795669446386,0.639795587442217,0.7551463280393944,0.7541212530029231,0.9599672350924113,True,0.35116494895191863,0.06928815203718841,RF,sha256,sha256-signed,True,2,3,28798,3,dedup,0.9687452700454742
0.7858048162230672,0.6323269137361567,0.7693340722576497,0.7858048162230672,0.769795899805506,0.6324999411005265,0.6323269137361567,0.6202546883323912,0.7379721183498946,0.7369517485455912,0.936941165062532,True,0.3546154969953932,0.06950669799698517,RF,sha256,sha256-signed,True,2,4,28798,3,dedup,0.9687452700454742
0.7997465145754119,0.7091740991959182,0.7926116865526164,0.7997465145754119,0.7899248570877465,0.7304838152826764,0.7091740991959182,0.7020796061573369,0.755681131963257,0.7547983304681691,0.8496517221224792,True,0.5981318579870276,0.003484810993541032,DT,sha256,sha256-signed,True,2,0,28798,3,dedup,0.9687452700454742
0.7896070975918885,0.6486655798011113,0.785932659957209,0.7896070975918885,0.7850694785228984,0.6569236104112105,0.6486655798011113,0.6477128276342018,0.7427936327082563,0.7422705161909859,0.8191860545169792,True,0.537812473019585,0.0034505260409787297,DT,sha256,sha256-signed,True,2,1,28798,3,dedup,0.9687452700454742
0.7845373891001267,0.6725103206496642,0.7863454341797441,0.7845373891001267,0.7796647036854856,0.7035370740908496,0.6725103206496642,0.6689344932652687,0.7376800385467948,0.7366219750701006,0.8309932164264618,True,0.5384161719703116,0.0034688509767875075,DT,sha256,sha256-signed,True,2,2,28798,3,dedup,0.9687452700454742
0.788339670468948,0.653173998359354,0.7854877150364763,0.788339670468948,0.7821796385267042,0.6496706653735527,0.653173998359354,0.6429963249673845,0.7419270173755346,0.7410964637364494,0.8214415906667342,True,0.5747291820007376,0.0034429130028001964,DT,sha256,sha256-signed,True,2,3,28798,3,dedup,0.9687452700454742
0.7908745247148289,0.6438066283666746,0.7793056029171049,0.7908745247148289,0.7823979988427796,0.6375904399728541,0.6438066283666746,0.6365206392848913,0.7443268366043668,0.7439253954172707,0.8167907650432863,True,0.5569788049906492,0.003473229007795453,DT,sha256,sha256-signed,True,2,4,28798,3,dedup,0.9687452700454742
0.8035487959442332,0.6751831278847772,0.7964494915817721,0.8035487959442332,0.7922878069785161,0.7148035013429509,0.6751831278847772,0.675435553408872,0.7600894268985796,0.7590080104046585,0.9726912784840143,True,77.40980044397293,0.013298353005666286,LR,__spectrum__,Spike2Vec,False,-1,0,3492,3,dedup,
0.779467680608365,0.6616902633051183,0.7642890375335315,0.779467680608365,0.7707145764314238,0.6592396679608723,0.6616902633051183,0.6581267636452869,0.7294271364332399,0.7292061162658587,0.9789288893127516,True,77.89487084001303,0.013432341977022588,LR,__spectrum__,Spike2Vec,False,-1,1,3492,3,dedup,
0.7896070975918885,0.6360341047192777,0.7813646444403934,0.7896070975918885,0.7782455443507069,0.7068254390855777,0.6360341047192777,0.6463727643311891,0.7431465400114233,0.7420431090172845,0.9673689844975133,True,75.91108741203789,0.012945040012709796,LR,__spectrum__,Spike2Vec,False,-1,2,3492,3,dedup,
0.7832699619771863,0.6467128609260456,0.7770278108476124,0.7832699619771863,0.7785649558315826,0.6482178540166509,0.6467128609260456,0.6442545743027254,0.7350019135082346,0.7347831385931529,0.9743663482592073,True,88.4505347450031,0.013048752036411315,LR,__spectrum__,Spike2Vec,False,-1,3,3492,3,dedup,
0.7984790874524715,0.6792804758476455,0.7873593074333709,0.7984790874524715,0.7894565757801797,0.6767219974074016,0.6792804758476455,0.671589211206377,0.7535606256041797,0.7530948997626423,0.9720288499222414,True,79.78514898999128,0.01377581903943792,LR,__spectrum__,Spike2Vec,False,-1,4,3492,3,dedup,
0.8162230671736375,0.6982645633109327,0.8171501810950657,0.8162230671736375,0.8006431042635435,0.7364963242988503,0.6982645633109327,0.6898195265348656,0.7766752620799332,0.7744589913789535,0.9774586652553189,True,0.24687239399645478,0.04962061095284298,RF,__spectrum__,Spike2Vec,False,-1,0,3492,3,dedup,
0.8035487959442332,0.6872879278792179,0.7866705807724992,0.8035487959442332,0.7905103363150476,0.6865794873479883,0.6872879278792179,0.6803699227102094,0.7596324541886906,0.7587079793384027,0.9596506172951177,True,0.2275151369976811,0.05865654302760959,RF,__spectrum__,Spike2Vec,False,-1,1,3492,3,dedup,
0.8035487959442332,0.6614348612005104,0.7960213492278023,0.8035487959442332,0.7921786455027333,0.7108013857681548,0.6614348612005104,0.6611323733798501,0.7599122633883006,0.7591020027065198,0.9430494383726252,True,0.24391615198692307,0.059272624959703535,RF,__spectrum__,Spike2Vec,False,-1,2,3492,3,dedup,
0.8086185044359949,0.6555481102014888,0.799923678426189,0.8086185044359949,0.7993780338597763,0.6586979949687827,0.6555481102014888,0.6495832340548221,0.766116382890411,0.7652775752895145,0.958757618890467,True,0.24845945503329858,0.04871057398850098,RF,__spectrum__,Spike2Vec,False,-1,3,3492,3,dedup,
0.7984790874524715,0.6617095650377973,0.7888607412823437,0.7984790874524715,0.7858047785481781,0.6526164645383937,0.6617095650377973,0.6445256720016889,0.7537795303196344,0.7528833331035203,0.9510097075934104,True,0.23032128997147083,0.048751127964351326,RF,__spectrum__,Spike2Vec,False,-1,4,3492,3,dedup,
0.7908745247148289,0.6828126524482827,0.7881463031541899,0.7908745247148289,0.7822040388271138,0.703744132781177,0.6828126524482827,0.6754948091257432,0.7457763770166624,0.7444597114535283,0.8362823640391529,True,0.5052594830049202,0.0024904070305638015,DT,__spectrum__,Spike2Vec,False,-1,0,3492,3,dedup,
0.779467680608365,0.6484447388548576,0.7760768052631903,0.779467680608365,0.7762847114000568,0.6454944447166047,0.6484447388548576,0.6428263087217673,0.7300916522765757,0.7298163232773296,0.818822823678495,True,0.4634397350018844,0.0024367369478568435,DT,__spectrum__,Spike2Vec,False,-1,1,3492,3,dedup,
0.779467680608365,0.6682058437725744,0.7820887839875553,0.779467680608365,0.7786065370938708,0.6763346930756966,0.6682058437725744,0.6673460499909193,0.7307258551477717,0.730224076370289,0.828721849614727,True,0.4912499909987673,0.0022351539810188115,DT,__spectrum__,Spike2Vec,False,-1,2,3492,3,dedup,
0.770595690747782,0.6330812275786621,0.7693061361699246,0.770595690747782,0.7664258540616101,0.6316698944577417,0.6330812275786621,0.6249332971209594,0.7200248060595763,0.7195325050767702,0.8109621939239715,True,0.4885634509846568,0.002242438029497862,DT,__spectrum__,Spike2Vec,False,-1,3,3492,3,dedup,
0.7845373891001267,0.6391193889217429,0.7764456610658488,0.7845373891001267,0.7765972610805305,0.6232820734150707,0.6391193889217429,0.6245017174154364,0.7373172383194526,0.7366933251669592,0.814315420744397,True,0.49013571604155004,0.002260341017972678,DT,__spectrum__,Spike2Vec,False,-1,4,3492,3,dedup,
