corpus,kmer,freq,m,signal,noise
dedup,AAA,2146.0,2000,0.8799999952316284,0.0
dedup,AAE,2578.0,2000,1.0,0.0
dedup,AAI,83.0,2000,0.03500000014901161,0.14000000059604645
dedup,AAL,2564.0,2000,1.0099999904632568,0.0
dedup,AAR,2566.0,2000,0.9950000047683716,0.004999999888241291
dedup,AAT,2503.0,2000,0.9599999785423279,0.9950000047683716
dedup,AAX,23.0,2000,0.004999999888241291,0.9700000286102295
dedup,AAY,2162.0,2000,0.8949999809265137,3.5799999237060547
dedup,ADA,2565.0,2000,1.0,8.975000381469727
dedup,ADQ,2612.0,2000,1.0,0.08500000089406967
dedup,ADS,2566.0,2000,0.9850000143051147,0.0
dedup,ADT,1612.0,2000,0.6700000166893005,0.0
dedup,ADX,6.0,2000,0.004999999888241291,1.0
dedup,ADY,5137.0,2000,3.9800000190734863,15.885000228881836
dedup,AEH,2487.0,2000,0.9599999785423279,0.0
dedup,AEI,2581.0,2000,1.0,0.9950000047683716
dedup,AEN,2468.0,2000,0.9750000238418579,3.884999990463257
dedup,AEV,2579.0,2000,1.0,0.014999999664723873
dedup,AEY,93.0,2000,0.03500000014901161,0.0
dedup,AGA,4698.0,2000,3.609999895095825,0.004999999888241291
dedup,AGC,2599.0,2000,0.9850000143051147,0.0
dedup,AGF,2566.0,2000,0.9950000047683716,3.6700000762939453
dedup,AGI,2594.0,2000,0.9850000143051147,0.0
dedup,AGL,2595.0,2000,1.0,0.9800000190734863
dedup,AGN,51.0,2000,0.014999999664723873,1.0
dedup,AGS,2413.0,2000,0.9700000286102295,0.019999999552965164
dedup,AGT,2555.0,2000,1.0,0.0
dedup,AGX,46.0,2000,0.009999999776482582,1.0
dedup,AHF,2607.0,2000,0.9900000095367432,0.8550000190734863
dedup,AIC,2619.0,2000,1.0,3.9700000286102295
dedup,AIE,1.0,2000,0.004999999888241291,1.0049999952316284
dedup,AIG,2558.0,2000,1.0,12.885000228881836
dedup,AIH,3915.0,2000,2.5899999141693115,0.004999999888241291
dedup,AIK,81.0,2000,0.03500000014901161,0.004999999888241291
dedup,AIL,9.0,2000,0.004999999888241291,1.0049999952316284
dedup,AIP,2569.0,2000,1.0,0.9950000047683716
dedup,AIS,3500.0,2000,1.899999976158142,0.009999999776482582
dedup,AIV,2584.0,2000,0.9900000095367432,0.07500000298023224
dedup,AIX,37.0,2000,0.009999999776482582,0.03999999910593033
dedup,AIY,3.0,2000,0.004999999888241291,0.0
dedup,AKN,2528.0,2000,0.9950000047683716,0.0
dedup,AKT,28.0,2000,0.014999999664723873,0.0
dedup,ALD,2168.0,2000,0.8949999809265137,8.975000381469727
dedup,ALE,2305.0,2000,0.8550000190734863,0.0
dedup,ALG,2564.0,2000,1.0,1.3300000429153442
dedup,ALH,2445.0,2000,0.9549999833106995,0.0
dedup,ALL,2568.0,2000,1.0,0.0
dedup,ALN,2593.0,2000,1.0,0.009999999776482582
dedup,ALQ,2564.0,2000,0.9900000095367432,0.009999999776482582
dedup,ALT,2567.0,2000,1.0,8.449999809265137
dedup,ALX,14.0,2000,0.004999999888241291,0.019999999552965164
dedup,AMQ,2562.0,2000,0.9950000047683716,0.0
dedup,ANL,2577.0,2000,0.9950000047683716,0.0
dedup,ANN,2533.0,2000,0.9700000286102295,8.0649995803833
dedup,ANP,58.0,2000,0.014999999664723873,0.8799999952316284
dedup,ANQ,2554.0,2000,0.9900000095367432,3.9600000381469727
dedup,APA,5044.0,2000,3.9049999713897705,0.0
dedup,APG,2561.0,2000,0.9900000095367432,1.0049999952316284
dedup,APH,2617.0,2000,1.0,3.9700000286102295
dedup,AQA,2568.0,2000,0.9950000047683716,8.475000381469727
dedup,AQE,2601.0,2000,0.9800000190734863,1.0
dedup,AQK,2589.0,2000,1.0,0.019999999552965164
dedup,AQV,2559.0,2000,0.9950000047683716,3.9800000190734863
dedup,AQX,10.0,2000,0.009999999776482582,0.0
dedup,AQY,2560.0,2000,1.0,4.0
dedup,ARD,2578.0,2000,1.0,0.004999999888241291
dedup,ARL,977.0,2000,0.32499998807907104,0.33500000834465027
dedup,ARS,2576.0,2000,1.0,0.02500000037252903
dedup,ASA,5126.0,2000,3.9549999237060547,15.819999694824219
dedup,ASE,1.0,2000,0.004999999888241291,0.009999999776482582
dedup,ASF,2649.0,2000,1.0950000286102295,1.2799999713897705
dedup,ASI,279.0,2000,0.10999999940395355,0.0
dedup,ASQ,2549.0,2000,0.9750000238418579,1.1649999618530273
dedup,AST,2013.0,2000,0.7549999952316284,3.0199999809265137
dedup,ASV,5075.0,2000,3.8350000381469727,0.0
dedup,ASX,11.0,2000,0.004999999888241291,4.010000228881836
dedup,ASY,2597.0,2000,0.9900000095367432,0.0
dedup,ATK,2508.0,2000,0.9750000238418579,0.0
dedup,ATN,2236.0,2000,0.8450000286102295,3.380000114440918
dedup,ATR,2571.0,2000,0.9900000095367432,3.9600000381469727
dedup,ATV,2459.0,2000,0.9750000238418579,0.8799999952316284
dedup,AVD,2199.0,2000,0.9049999713897705,3.5299999713897705
dedup,AVE,2550.0,2000,0.9900000095367432,0.0
dedup,AVL,2614.0,2000,0.9950000047683716,3.9800000190734863
dedup,AVR,2614.0,2000,0.9950000047683716,3.9649999141693115
dedup,AVX,15.0,2000,0.004999999888241291,0.8949999809265137
dedup,AWN,5179.0,2000,3.9700000286102295,8.920000076293945
dedup,AXF,5.0,2000,0.004999999888241291,0.019999999552965164
dedup,AXK,4.0,2000,0.004999999888241291,0.019999999552965164
dedup,AXL,4.0,2000,0.004999999888241291,0.009999999776482582
dedup,AXS,3.0,2000,0.004999999888241291,1.034999966621399
dedup,AXX,157.0,2000,0.07500000298023224,0.9649999737739563
dedup,AYR,2570.0,2000,1.0,4.0
dedup,AYS,2575.0,2000,0.9900000095367432,3.9600000381469727
dedup,AYT,5069.0,2000,3.940000057220459,0.9850000143051147
dedup,AYY,2169.0,2000,0.8999999761581421,1.4249999523162842
dedup,CAL,2166.0,2000,0.8899999856948853,3.1449999809265137
dedup,CAQ,2591.0,2000,1.0,4.0
dedup,CAS,2596.0,2000,0.9850000143051147,1.0299999713897705
dedup,CCK,2614.0,2000,1.0,4.0
dedup,CCM,2580.0,2000,1.0,0.014999999664723873
dedup,CCS,5186.0,2000,3.984999895095825,0.9800000190734863
dedup,CCX,6.0,2000,0.004999999888241291,1.0
dedup,CDI,2599.0,2000,0.9950000047683716,0.0
dedup,CDV,2618.0,2000,0.9950000047683716,3.9800000190734863
dedup,CEF,2234.0,2000,0.8299999833106995,3.319999933242798
dedup,CFI,7.0,2000,0.004999999888241291,1.0299999713897705
dedup,CFT,2564.0,2000,0.9900000095367432,9.125
dedup,CGD,2564.0,2000,0.9950000047683716,3.9800000190734863
dedup,CGK,2606.0,2000,1.0,0.0
dedup,CGP,2534.0,2000,0.9800000190734863,0.9850000143051147
dedup,CGS,2603.0,2000,1.0,0.9900000095367432
dedup,CHD,2614.0,2000,0.9950000047683716,8.960000038146973
dedup,CKF,2615.0,2000,1.0,1.0299999713897705
dedup,CLG,2576.0,2000,1.0,8.899999618530273
dedup,CLI,2605.0,2000,0.9950000047683716,0.029999999329447746
dedup,CLK,2600.0,2000,1.0,0.004999999888241291
dedup,CME,106.0,2000,0.04500000178813934,0.9950000047683716
dedup,CMI,3.0,2000,0.004999999888241291,0.8299999833106995
dedup,CMT,2579.0,2000,0.9950000047683716,0.9950000047683716
dedup,CND,2131.0,2000,0.7649999856948853,3.059999942779541
dedup,CNG,2462.0,2000,0.9599999785423279,1.0
dedup,CNH,30.0,2000,0.014999999664723873,0.05999999865889549
dedup,CNX,17.0,2000,0.014999999664723873,0.05999999865889549
dedup,CNY,89.0,2000,0.04500000178813934,0.18000000715255737
dedup,CPF,2582.0,2000,0.9950000047683716,0.004999999888241291
dedup,CSC,5206.0,2000,3.984999895095825,35.845001220703125
dedup,CSF,2612.0,2000,0.9900000095367432,3.8399999141693115
dedup,CSN,2566.0,2000,0.9950000047683716,3.9200000762939453
dedup,CSX,8.0,2000,0.004999999888241291,1.024999976158142
dedup,CTE,2612.0,2000,0.9950000047683716,0.0
dedup,CTF,2470.0,2000,0.949999988079071,3.700000047683716
dedup,CTL,2153.0,2000,0.8849999904632568,0.004999999888241291
dedup,CTM,2555.0,2000,0.9850000143051147,3.9649999141693115
dedup,CTQ,2563.0,2000,0.9950000047683716,0.0
dedup,CTV,4.0,2000,0.004999999888241291,1.0099999904632568
dedup,CVA,2551.0,2000,0.9950000047683716,0.9399999976158142
dedup,CVI,2598.0,2000,0.9950000047683716,0.0
dedup,CVL,2587.0,2000,0.9950000047683716,0.9850000143051147
dedup,CVN,5135.0,2000,3.9100000858306885,0.0
dedup,CVS,9.0,2000,0.004999999888241291,1.0
dedup,CVX,10.0,2000,0.004999999888241291,0.8849999904632568
dedup,CXC,1.0,2000,0.004999999888241291,0.0
dedup,CXF,5.0,2000,0.004999999888241291,0.0
dedup,CXL,3.0,2000,0.004999999888241291,0.004999999888241291
dedup,CXX,54.0,2000,0.009999999776482582,1.0149999856948853
dedup,CYF,2455.0,2000,0.9599999785423279,3.8399999141693115
dedup,CYG,2556.0,2000,0.9900000095367432,0.8849999904632568
dedup,CYS,7.0,2000,0.004999999888241291,0.019999999552965164
dedup,DAG,2560.0,2000,0.9950000047683716,0.0
dedup,DAV,4767.0,2000,3.6549999713897705,14.619999885559082
dedup,DAX,12.0,2000,0.004999999888241291,0.029999999329447746
dedup,DCA,2169.0,2000,0.8899999856948853,14.664999961853027
dedup,DCL,2571.0,2000,1.0,4.0
dedup,DCT,2558.0,2000,0.9900000095367432,0.9549999833106995
dedup,DDF,2599.0,2000,1.0,1.0299999713897705
dedup,DDH,2.0,2000,0.004999999888241291,0.019999999552965164
dedup,DDI,5.0,2000,0.004999999888241291,0.9649999737739563
dedup,DDS,2600.0,2000,0.9950000047683716,1.4049999713897705
dedup,DDT,976.0,2000,0.3199999928474426,0.009999999776482582
dedup,DED,2601.0,2000,0.9950000047683716,1.0299999713897705
dedup,DEM,2568.0,2000,1.0,4.0
dedup,DEV,2567.0,2000,0.9850000143051147,3.940000057220459
dedup,DFC,2604.0,2000,0.9950000047683716,0.0
dedup,DFG,2558.0,2000,1.0,1.0149999856948853
dedup,DFP,8.0,2000,0.004999999888241291,0.0
dedup,DFS,9.0,2000,0.004999999888241291,0.019999999552965164
dedup,DFT,2603.0,2000,1.0,0.9950000047683716
dedup,DGK,2610.0,2000,0.9950000047683716,1.0
dedup,DGV,2278.0,2000,0.8500000238418579,0.6100000143051147
dedup,DGY,2479.0,2000,0.9750000238418579,3.8949999809265137
dedup,DHD,2.0,2000,0.004999999888241291,3.5899999141693115
dedup,DIA,4185.0,2000,2.994999885559082,11.875
dedup,DID,982.0,2000,0.33000001311302185,0.33000001311302185
dedup,DIL,2585.0,2000,1.024999976158142,0.0
dedup,DIP,2600.0,2000,0.9950000047683716,3.950000047683716
dedup,DIS,5071.0,2000,3.9200000762939453,0.019999999552965164
dedup,DIT,2622.0,2000,1.0099999904632568,0.0
dedup,DIX,20.0,2000,0.004999999888241291,0.019999999552965164
dedup,DKN,2558.0,2000,1.0,0.0
dedup,DKV,5097.0,2000,3.940000057220459,0.9900000095367432
dedup,DKY,2613.0,2000,1.0,0.0
dedup,DLC,2561.0,2000,0.9900000095367432,0.0
dedup,DLE,2470.0,2000,0.9549999833106995,1.0299999713897705
dedup,DLF,2396.0,2000,0.9100000262260437,1.7300000190734863
dedup,DLG,2598.0,2000,1.0,1.2050000429153442
dedup,DLI,2586.0,2000,1.0,1.0049999952316284
dedup,DLL,2576.0,2000,1.0,1.0
dedup,DLP,4907.0,2000,3.819999933242798,15.279999732971191
dedup,DLQ,2591.0,2000,1.0,3.5350000858306885
dedup,DLX,11.0,2000,0.004999999888241291,3.9700000286102295
dedup,DNP,2217.0,2000,0.8399999737739563,3.359999895095825
dedup,DNT,1623.0,2000,0.675000011920929,0.0
dedup,DPF,2160.0,2000,0.7850000262260437,3.140000104904175
dedup,DPL,4762.0,2000,3.6500000953674316,0.8799999952316284
dedup,DPQ,2611.0,2000,0.9950000047683716,1.0
dedup,DPS,2560.0,2000,0.9950000047683716,0.014999999664723873
dedup,DQL,2613.0,2000,1.0,4.184999942779541
dedup,DRL,5152.0,2000,3.984999895095825,23.950000762939453
dedup,DSE,2601.0,2000,0.9950000047683716,0.0
dedup,DSF,5190.0,2000,3.9549999237060547,16.065000534057617
dedup,DSI,7.0,2000,0.004999999888241291,0.3100000023841858
dedup,DSK,4773.0,2000,3.4549999237060547,13.819999694824219
dedup,DSL,2539.0,2000,1.0,4.0
dedup,DSS,2350.0,2000,0.9300000071525574,0.0
dedup,DST,2565.0,2000,1.0,0.0
dedup,DSX,166.0,2000,0.03999999910593033,8.484999656677246
dedup,DTT,2597.0,2000,0.9900000095367432,0.0
dedup,DVD,2599.0,2000,0.9900000095367432,0.5400000214576721
dedup,DVN,7.0,2000,0.004999999888241291,0.019999999552965164
dedup,DVV,4502.0,2000,3.109999895095825,0.009999999776482582
dedup,DVY,272.0,2000,0.0949999988079071,0.3799999952316284
dedup,DXA,11.0,2000,0.004999999888241291,0.9399999976158142
dedup,DXF,5.0,2000,0.019999999552965164,0.07999999821186066
dedup,DXK,5.0,2000,0.004999999888241291,0.014999999664723873
dedup,DXL,37.0,2000,0.014999999664723873,0.9350000023841858
dedup,DXX,116.0,2000,0.014999999664723873,1.0
dedup,DYN,2591.0,2000,0.9950000047683716,0.009999999776482582
dedup,DYS,2559.0,2000,0.9950000047683716,3.9800000190734863
dedup,EAE,2578.0,2000,1.0,1.0149999856948853
dedup,ECD,2591.0,2000,0.9950000047683716,3.984999895095825
dedup,ECS,2572.0,2000,1.0,0.0
dedup,ECV,2586.0,2000,0.9950000047683716,3.9749999046325684
dedup,ECX,3.0,2000,0.004999999888241291,0.9950000047683716
dedup,EDD,2597.0,2000,0.9950000047683716,8.90999984741211
dedup,EDL,2571.0,2000,1.0,0.9900000095367432
dedup,EEL,2618.0,2000,1.0,8.449999809265137
dedup,EFL,2.0,2000,0.004999999888241291,14.979999542236328
dedup,EFQ,2234.0,2000,0.8299999833106995,3.319999933242798
dedup,EFR,1856.0,2000,0.6949999928474426,0.0
dedup,EFV,2470.0,2000,0.949999988079071,0.9900000095367432
dedup,EFX,14.0,2000,0.004999999888241291,1.0
dedup,EGF,2270.0,2000,0.8999999761581421,0.004999999888241291
dedup,EGK,2461.0,2000,0.9549999833106995,1.0
dedup,EGV,2613.0,2000,1.0049999952316284,3.9549999237060547
dedup,EHV,2493.0,2000,0.9599999785423279,3.9100000858306885
dedup,EID,2584.0,2000,0.9950000047683716,0.9399999976158142
dedup,EIL,5170.0,2000,3.940000057220459,3.984999895095825
dedup,EIR,2580.0,2000,1.0,4.050000190734863
dedup,EIY,2461.0,2000,0.9649999737739563,0.0
dedup,EKF,55.0,2000,0.029999999329447746,1.0149999856948853
dedup,EKG,2154.0,2000,0.8799999952316284,3.9649999141693115
dedup,EKN,2601.0,2000,0.9800000190734863,0.9900000095367432
dedup,EKS,2245.0,2000,0.8500000238418579,7.864999771118164
dedup,EKX,16.0,2000,0.004999999888241291,0.0
dedup,ELD,5227.0,2000,4.0,0.0
dedup,ELG,2594.0,2000,1.0,4.0
dedup,ELL,2443.0,2000,0.9649999737739563,0.0
dedup,ELR,5.0,2000,0.004999999888241291,0.004999999888241291
dedup,ELX,4.0,2000,0.004999999888241291,8.319999694824219
dedup,EMI,2562.0,2000,1.0,3.799999952316284
dedup,ENG,2165.0,2000,0.8799999952316284,3.5199999809265137
dedup,ENL,7.0,2000,0.004999999888241291,0.019999999552965164
dedup,ENQ,2565.0,2000,1.0,4.0
dedup,ENS,2561.0,2000,0.9950000047683716,0.009999999776482582
dedup,ENX,14.0,2000,0.004999999888241291,3.9700000286102295
dedup,EPL,2524.0,2000,1.0099999904632568,0.0
dedup,EPQ,2615.0,2000,0.9950000047683716,0.0
dedup,EPV,2563.0,2000,0.9700000286102295,3.880000114440918
dedup,EQD,2560.0,2000,1.0,0.14000000059604645
dedup,EQY,2599.0,2000,0.9950000047683716,20.299999237060547
dedup,ERD,2464.0,2000,0.9649999737739563,3.884999990463257
dedup,ERV,2.0,2000,0.004999999888241291,0.019999999552965164
dedup,ESE,1888.0,2000,0.7099999785423279,0.9950000047683716
dedup,ESG,536.0,2000,0.2150000035762787,0.0
dedup,ESI,2401.0,2000,0.9449999928474426,5.489999771118164
dedup,ESL,2595.0,2000,1.0,1.1349999904632568
dedup,ESN,2605.0,2000,0.9950000047683716,3.9800000190734863
dedup,EST,2.0,2000,0.004999999888241291,0.0
dedup,ESX,54.0,2000,0.009999999776482582,1.0800000429153442
dedup,ETK,2173.0,2000,0.8949999809265137,0.004999999888241291
dedup,ETX,21.0,2000,0.009999999776482582,0.9900000095367432
dedup,EVA,2591.0,2000,1.0,4.0
dedup,EVF,5141.0,2000,3.9649999141693115,16.584999084472656
dedup,EVP,2615.0,2000,1.0,11.460000038146973
dedup,EVQ,2576.0,2000,1.0,9.0
dedup,EVR,2568.0,2000,0.9900000095367432,0.004999999888241291
dedup,EXG,5.0,2000,0.004999999888241291,0.02500000037252903
dedup,EXK,4.0,2000,0.004999999888241291,0.019999999552965164
dedup,EXX,102.0,2000,0.11500000208616257,0.6050000190734863
dedup,EYV,2572.0,2000,1.0549999475479126,0.9950000047683716
dedup,EYX,1.0,2000,0.004999999888241291,0.02500000037252903
dedup,FAA,2.0,2000,0.004999999888241291,0.0
dedup,FAI,11.0,2000,0.004999999888241291,0.019999999552965164
dedup,FAM,2562.0,2000,0.9950000047683716,3.9800000190734863
dedup,FAN,59.0,2000,0.014999999664723873,0.004999999888241291
dedup,FAQ,2560.0,2000,0.9950000047683716,1.034999966621399
dedup,FAS,4846.0,2000,3.5350000858306885,14.140000343322754
dedup,FCG,2607.0,2000,1.0,4.0
dedup,FCN,2250.0,2000,0.824999988079071,7.599999904632568
dedup,FCT,2563.0,2000,0.9950000047683716,1.0149999856948853
dedup,FDD,5.0,2000,0.004999999888241291,0.0
dedup,FDE,2610.0,2000,0.9950000047683716,3.9800000190734863
dedup,FDN,2217.0,2000,0.8399999737739563,7.644999980926514
dedup,FEL,2445.0,2000,0.9649999737739563,0.019999999552965164
dedup,FER,2465.0,2000,0.9649999737739563,3.859999895095825
dedup,FEX,12.0,2000,0.004999999888241291,0.019999999552965164
dedup,FEY,2477.0,2000,0.949999988079071,1.0
dedup,FFH,4.0,2000,0.004999999888241291,1.0399999618530273
dedup,FFM,9.0,2000,0.004999999888241291,1.034999966621399
dedup,FFS,2342.0,2000,0.8849999904632568,0.0
dedup,FFV,115.0,2000,0.05000000074505806,0.014999999664723873
dedup,FGA,5142.0,2000,4.0,9.03499984741211
dedup,FGE,2584.0,2000,0.9900000095367432,1.0
dedup,FGG,5175.0,2000,3.984999895095825,0.0
dedup,FGN,4.0,2000,0.004999999888241291,0.35499998927116394
dedup,FGR,2607.0,2000,0.9900000095367432,3.9600000381469727
dedup,FGT,2263.0,2000,0.8399999737739563,0.9900000095367432
dedup,FGW,2.0,2000,0.004999999888241291,0.925000011920929
dedup,FGX,2.0,2000,0.004999999888241291,0.9850000143051147
dedup,FHA,2291.0,2000,0.8550000190734863,0.0
dedup,FHV,15.0,2000,0.009999999776482582,0.0
dedup,FHX,4.0,2000,0.009999999776482582,0.0
dedup,FIA,2598.0,2000,1.0,0.0
dedup,FIE,2571.0,2000,0.9950000047683716,0.0
dedup,FIK,2575.0,2000,1.0,1.024999976158142
dedup,FIT,3.0,2000,0.004999999888241291,1.0049999952316284
dedup,FKC,2557.0,2000,0.9900000095367432,3.9600000381469727
dedup,FKE,2617.0,2000,1.0,4.0
dedup,FKI,2488.0,2000,0.9750000238418579,4.019999980926514
dedup,FKN,7568.0,2000,8.645000457763672,0.7049999833106995
dedup,FLD,268.0,2000,0.09000000357627869,0.0
dedup,FLF,4.0,2000,0.004999999888241291,0.02500000037252903
dedup,FLG,1951.0,2000,0.7400000095367432,2.305000066757202
dedup,FLH,2616.0,2000,0.9950000047683716,1.0299999713897705
dedup,FLL,2171.0,2000,0.8899999856948853,3.559999942779541
dedup,FLM,2459.0,2000,0.9549999833106995,0.004999999888241291
dedup,FLP,4987.0,2000,3.694999933242798,1.1200000047683716
dedup,FLT,24.0,2000,0.004999999888241291,0.004999999888241291
dedup,FLV,2406.0,2000,0.925000011920929,3.9700000286102295
dedup,FLX,114.0,2000,0.03500000014901161,0.14000000059604645
dedup,FMD,9.0,2000,0.004999999888241291,1.0
dedup,FNA,2576.0,2000,0.9900000095367432,3.9600000381469727
dedup,FNC,2467.0,2000,0.9599999785423279,0.0
dedup,FND,2279.0,2000,0.8500000238418579,3.4000000953674316
dedup,FNE,1.0,2000,0.004999999888241291,0.9950000047683716
dedup,FNF,5161.0,2000,3.9700000286102295,0.004999999888241291
dedup,FNG,7770.0,2000,8.975000381469727,35.689998626708984
dedup,FNI,59.0,2000,0.029999999329447746,0.0
dedup,FNK,2576.0,2000,1.0,0.0
dedup,FNN,6.0,2000,0.004999999888241291,0.0
dedup,FNS,2550.0,2000,0.9950000047683716,1.0850000381469727
dedup,FNV,7.0,2000,0.004999999888241291,0.019999999552965164
dedup,FNX,18.0,2000,0.004999999888241291,0.019999999552965164
dedup,FPL,2458.0,2000,0.9649999737739563,0.004999999888241291
dedup,FPN,2571.0,2000,0.9950000047683716,3.9800000190734863
dedup,FPQ,2616.0,2000,1.0099999904632568,4.039999961853027
dedup,FPR,2610.0,2000,0.9900000095367432,3.984999895095825
dedup,FQF,2231.0,2000,0.8199999928474426,0.03500000014901161
dedup,FQI,3.0,2000,0.004999999888241291,3.9649999141693115
dedup,FQP,2466.0,2000,0.9900000095367432,1.0099999904632568
dedup,FQQ,2609.0,2000,0.9900000095367432,0.9850000143051147
dedup,FQT,5125.0,2000,3.880000114440918,15.520000457763672
dedup,FQX,13.0,2000,0.019999999552965164,0.9850000143051147
dedup,FRK,2469.0,2000,0.9649999737739563,3.755000114440918
dedup,FRS,2576.0,2000,0.9950000047683716,0.004999999888241291
dedup,FRV,4003.0,2000,2.765000104904175,0.0
dedup,FRX,26.0,2000,0.004999999888241291,0.0
dedup,FSA,2284.0,2000,0.8500000238418579,0.0
dedup,FSN,2323.0,2000,0.875,3.5
dedup,FSQ,2576.0,2000,0.9950000047683716,0.0
dedup,FSS,18.0,2000,0.004999999888241291,0.03500000014901161
dedup,FST,2562.0,2000,1.0049999952316284,9.5600004196167
dedup,FSV,180.0,2000,0.10499999672174454,0.41999998688697815
dedup,FSX,31.0,2000,0.014999999664723873,0.05999999865889549
dedup,FTG,2601.0,2000,1.0,0.0
dedup,FTI,2558.0,2000,0.9950000047683716,0.0
dedup,FTL,7.0,2000,0.004999999888241291,1.0049999952316284
dedup,FTN,2644.0,2000,1.0950000286102295,1.75
dedup,FTR,2519.0,2000,0.9850000143051147,1.1050000190734863
dedup,FTT,2703.0,2000,1.0700000524520874,0.0
dedup,FTV,2142.0,2000,0.8899999856948853,3.559999942779541
dedup,FTX,15.0,2000,0.009999999776482582,0.04500000178813934
dedup,FVE,2.0,2000,0.004999999888241291,0.0
dedup,FVF,4992.0,2000,3.7899999618530273,0.0
dedup,FVI,2567.0,2000,0.9900000095367432,3.984999895095825
dedup,FVL,113.0,2000,0.05000000074505806,0.20000000298023224
dedup,FVN,88.0,2000,0.03500000014901161,0.0
dedup,FVS,5229.0,2000,3.9700000286102295,0.9950000047683716
dedup,FVT,2591.0,2000,0.9850000143051147,0.7749999761581421
dedup,FXD,1.0,2000,0.004999999888241291,0.9900000095367432
dedup,FXX,152.0,2000,0.03999999910593033,0.009999999776482582
dedup,FYE,2617.0,2000,0.9950000047683716,1.0
dedup,FYY,8.0,2000,0.004999999888241291,0.019999999552965164
dedup,GAA,4706.0,2000,3.5950000286102295,14.364999771118164
dedup,GAE,5051.0,2000,3.9100000858306885,15.640000343322754
dedup,GAG,5164.0,2000,3.9549999237060547,0.0
dedup,GAI,2579.0,2000,1.0,0.004999999888241291
dedup,GAX,12.0,2000,0.004999999888241291,0.004999999888241291
dedup,GCC,2591.0,2000,1.0,3.9549999237060547
dedup,GCL,2602.0,2000,0.9950000047683716,4.739999771118164
dedup,GCV,2602.0,2000,1.0,0.0
dedup,GDC,2571.0,2000,1.0,4.0
dedup,GDE,2566.0,2000,0.9850000143051147,3.940000057220459
dedup,GDF,8.0,2000,0.004999999888241291,0.9900000095367432
dedup,GDI,5173.0,2000,4.0,16.0
dedup,GDS,5062.0,2000,3.880000114440918,0.004999999888241291
dedup,GEV,2586.0,2000,0.9900000095367432,8.920000076293945
dedup,GFA,1.0,2000,0.004999999888241291,3.880000114440918
dedup,GFI,5146.0,2000,3.9700000286102295,0.004999999888241291
dedup,GFN,5020.0,2000,3.9049999713897705,9.920000076293945
dedup,GFQ,2462.0,2000,0.9800000190734863,0.0
dedup,GFS,2472.0,2000,0.9599999785423279,0.0
dedup,GGF,2565.0,2000,1.0,0.0
dedup,GGN,2457.0,2000,0.9750000238418579,3.934999942779541
dedup,GGS,46.0,2000,0.009999999776482582,0.36000001430511475
dedup,GGV,2611.0,2000,0.9950000047683716,3.9800000190734863
dedup,GIA,2535.0,2000,0.9900000095367432,0.9800000190734863
dedup,GIC,2594.0,2000,0.9850000143051147,3.940000057220459
dedup,GIG,2567.0,2000,1.0,4.050000190734863
dedup,GIN,5081.0,2000,3.880000114440918,15.520000457763672
dedup,GIS,4.0,2000,0.004999999888241291,0.009999999776482582
dedup,GIV,2616.0,2000,0.9950000047683716,0.0
dedup,GIY,2170.0,2000,0.8899999856948853,8.005000114440918
dedup,GKA,2606.0,2000,0.9950000047683716,0.009999999776482582
dedup,GKG,2605.0,2000,1.0,0.08500000089406967
dedup,GKI,5005.0,2000,3.8499999046325684,0.004999999888241291
dedup,GKL,2564.0,2000,1.0,4.0
dedup,GKQ,2459.0,2000,0.9549999833106995,0.0
dedup,GKY,2598.0,2000,1.0,8.949999809265137
dedup,GLG,1.0,2000,0.004999999888241291,3.494999885559082
dedup,GLI,2610.0,2000,1.0149999856948853,9.055000305175781
dedup,GLP,55.0,2000,0.009999999776482582,1.065000057220459
dedup,GLT,5198.0,2000,3.9700000286102295,1.0
dedup,GNC,2605.0,2000,0.9900000095367432,3.9600000381469727
dedup,GNF,2476.0,2000,0.9649999737739563,0.07999999821186066
dedup,GNI,57.0,2000,0.009999999776482582,0.004999999888241291
dedup,GNP,4.0,2000,0.004999999888241291,0.0
dedup,GNT,52.0,2000,0.014999999664723873,0.05999999865889549
dedup,GNY,2456.0,2000,0.9750000238418579,0.019999999552965164
dedup,GPK,2532.0,2000,0.9800000190734863,0.0
dedup,GQS,2608.0,2000,1.0,0.3499999940395355
dedup,GQT,2564.0,2000,0.9900000095367432,0.9950000047683716
dedup,GRD,2609.0,2000,0.9950000047683716,3.9800000190734863
dedup,GRL,2578.0,2000,1.0,0.004999999888241291
dedup,GSA,13.0,2000,0.009999999776482582,0.03999999910593033
dedup,GSC,2604.0,2000,1.0,2.8550000190734863
dedup,GSF,2566.0,2000,0.9950000047683716,0.0
dedup,GSK,697.0,2000,0.3050000071525574,1.2200000286102295
dedup,GSN,2611.0,2000,0.9900000095367432,0.9850000143051147
dedup,GSS,46.0,2000,0.009999999776482582,0.03999999910593033
dedup,GST,1706.0,2000,0.6399999856948853,0.0
dedup,GTG,2608.0,2000,0.9950000047683716,4.0
dedup,GTH,2609.0,2000,0.9900000095367432,8.845000267028809
dedup,GTI,4808.0,2000,3.825000047683716,4.079999923706055
dedup,GTK,2267.0,2000,0.8450000286102295,7.690000057220459
dedup,GTN,4916.0,2000,3.549999952316284,14.244999885559082
dedup,GTT,2272.0,2000,0.8650000095367432,3.4600000381469727
dedup,GTX,23.0,2000,0.004999999888241291,3.640000104904175
dedup,GVD,1.0,2000,0.004999999888241291,1.0099999904632568
dedup,GVE,2375.0,2000,0.9449999928474426,1.100000023841858
dedup,GVF,2613.0,2000,0.9900000095367432,8.920000076293945
dedup,GVG,2458.0,2000,0.9549999833106995,0.0
dedup,GVK,2786.0,2000,1.149999976158142,0.004999999888241291
dedup,GVL,2607.0,2000,0.9950000047683716,3.9800000190734863
dedup,GVN,2604.0,2000,0.9850000143051147,8.880000114440918
dedup,GVS,5168.0,2000,3.9549999237060547,0.0
dedup,GVT,2568.0,2000,1.0,0.3499999940395355
dedup,GVV,2615.0,2000,0.9950000047683716,3.9800000190734863
dedup,GVY,7195.0,2000,8.130000114440918,0.0
dedup,GWI,2285.0,2000,0.8650000095367432,0.9950000047683716
dedup,GWT,4870.0,2000,3.805000066757202,0.0
dedup,GWX,56.0,2000,0.014999999664723873,0.0
dedup,GXI,8.0,2000,0.009999999776482582,0.0
dedup,GXN,6.0,2000,0.004999999888241291,0.0
dedup,GXT,4.0,2000,0.004999999888241291,0.004999999888241291
dedup,GXX,234.0,2000,0.09000000357627869,0.3499999940395355
dedup,GYE,1.0,2000,0.004999999888241291,0.0
dedup,GYF,2479.0,2000,0.9750000238418579,3.9000000953674316
dedup,GYH,2609.0,2000,1.0,4.0
dedup,GYL,2167.0,2000,0.8949999809265137,3.5799999237060547
dedup,GYQ,2457.0,2000,0.9599999785423279,0.3199999928474426
dedup,HAD,2614.0,2000,1.0,0.0
dedup,HAI,2250.0,2000,0.8399999737739563,3.359999895095825
dedup,HAP,2439.0,2000,0.9649999737739563,3.859999895095825
dedup,HAX,57.0,2000,0.014999999664723873,0.35499998927116394
dedup,HDG,2614.0,2000,0.9950000047683716,3.9800000190734863
dedup,HDS,2.0,2000,0.004999999888241291,0.0
dedup,HFP,2609.0,2000,0.9900000095367432,0.0
dedup,HGV,2622.0,2000,0.9950000047683716,1.0549999475479126
dedup,HKN,2475.0,2000,0.9399999976158142,0.9950000047683716
dedup,HKX,3.0,2000,0.004999999888241291,0.9950000047683716
dedup,HLM,2610.0,2000,1.0,0.0
dedup,HLP,3.0,2000,0.004999999888241291,0.0
dedup,HLT,3.0,2000,0.004999999888241291,0.019999999552965164
dedup,HNT,978.0,2000,0.3149999976158142,1.2599999904632568
dedup,HPF,31.0,2000,0.014999999664723873,0.0
dedup,HRR,1014.0,2000,0.3499999940395355,3.7049999237060547
dedup,HRS,2555.0,2000,0.9850000143051147,0.0
dedup,HST,2561.0,2000,0.9850000143051147,3.9649999141693115
dedup,HTN,34.0,2000,0.019999999552965164,0.9900000095367432
dedup,HTP,2480.0,2000,0.9750000238418579,0.0
dedup,HTQ,13.0,2000,0.009999999776482582,1.0549999475479126
dedup,HTS,2618.0,2000,1.0,4.0
dedup,HTX,7.0,2000,0.009999999776482582,3.934999942779541
dedup,HVI,11.0,2000,0.004999999888241291,0.019999999552965164
dedup,HVN,2495.0,2000,0.9599999785423279,15.895000457763672
dedup,HVS,1303.0,2000,0.5299999713897705,2.119999885559082
dedup,HVT,2617.0,2000,1.0,4.0
dedup,HWF,2610.0,2000,0.9950000047683716,1.0149999856948853
dedup,HXV,2.0,2000,0.004999999888241291,0.019999999552965164
dedup,HXX,24.0,2000,0.014999999664723873,0.07999999821186066
dedup,HYT,2602.0,2000,0.9950000047683716,0.0
dedup,IAA,2563.0,2000,0.9950000047683716,8.220000267028809
dedup,IAD,4203.0,2000,3.005000114440918,12.020000457763672
dedup,IAG,2596.0,2000,1.0,1.0049999952316284
dedup,IAI,5167.0,2000,4.010000228881836,16.0049991607666
dedup,IAN,2556.0,2000,0.9900000095367432,0.0
dedup,IAP,2558.0,2000,0.9900000095367432,0.3499999940395355
dedup,IAQ,2558.0,2000,1.0,24.90999984741211
dedup,IAV,2554.0,2000,1.0049999952316284,0.0
dedup,IAW,2593.0,2000,0.9900000095367432,3.9600000381469727
dedup,IAY,2575.0,2000,1.0,4.0
dedup,ICA,5178.0,2000,3.9549999237060547,0.019999999552965164
dedup,ICG,2563.0,2000,0.9950000047683716,3.9800000190734863
dedup,ICH,2616.0,2000,0.9950000047683716,3.9800000190734863
dedup,ICX,3.0,2000,0.004999999888241291,0.019999999552965164
dedup,IDD,981.0,2000,0.32499998807907104,0.05999999865889549
dedup,IDG,2478.0,2000,0.9649999737739563,1.100000023841858
dedup,IDL,2600.0,2000,1.0099999904632568,0.03999999910593033
dedup,IDR,5150.0,2000,3.984999895095825,0.0
dedup,IED,2571.0,2000,0.9950000047683716,1.9149999618530273
dedup,IEK,284.0,2000,0.11500000208616257,0.0
dedup,IEQ,1.0,2000,0.004999999888241291,0.019999999552965164
dedup,IFG,2260.0,2000,0.8399999737739563,3.359999895095825
dedup,IFX,2.0,2000,0.004999999888241291,0.8600000143051147
dedup,IGA,5187.0,2000,3.950000047683716,15.800000190734863
dedup,IGI,5107.0,2000,3.8949999809265137,15.404999732971191
dedup,IGK,2557.0,2000,1.0,0.9950000047683716
dedup,IGV,2574.0,2000,1.0,3.865000009536743
dedup,IGW,2.0,2000,0.004999999888241291,0.019999999552965164
dedup,IGX,11.0,2000,0.009999999776482582,0.07000000029802322
dedup,IHA,2614.0,2000,1.0,0.0
dedup,IHN,2.0,2000,0.004999999888241291,1.0149999856948853
dedup,IHV,1306.0,2000,0.5299999713897705,2.119999885559082
dedup,IIA,2574.0,2000,1.0,4.0
dedup,IIG,3.0,2000,0.004999999888241291,0.02500000037252903
dedup,III,2.0,2000,0.004999999888241291,0.9950000047683716
dedup,IIR,2293.0,2000,0.8799999952316284,1.0
dedup,IIT,2618.0,2000,0.9950000047683716,1.0149999856948853
dedup,IIX,8.0,2000,0.004999999888241291,0.019999999552965164
dedup,IKD,2555.0,2000,1.0,0.0
dedup,IKL,3.0,2000,0.004999999888241291,0.02500000037252903
dedup,IKM,81.0,2000,0.03500000014901161,0.9750000238418579
dedup,IKQ,2569.0,2000,1.0,0.0
dedup,IKV,2235.0,2000,0.8349999785423279,3.3399999141693115
dedup,IKW,2599.0,2000,0.9950000047683716,3.9800000190734863
dedup,IKX,14.0,2000,0.004999999888241291,0.004999999888241291
dedup,ILA,977.0,2000,0.32499998807907104,0.004999999888241291
dedup,ILD,2609.0,2000,0.9950000047683716,0.125
dedup,ILL,5.0,2000,0.004999999888241291,0.16500000655651093
dedup,ILM,9.0,2000,0.004999999888241291,0.0
dedup,ILP,5140.0,2000,3.984999895095825,15.9399995803833
dedup,ILS,1594.0,2000,0.6700000166893005,0.0
dedup,IML,2591.0,2000,1.0,0.004999999888241291
dedup,INA,2583.0,2000,0.9900000095367432,0.0
dedup,INF,968.0,2000,0.3199999928474426,0.0
dedup,INI,2489.0,2000,0.9700000286102295,3.75
dedup,INL,2484.0,2000,0.9700000286102295,3.865000009536743
dedup,INS,10.0,2000,0.004999999888241291,1.149999976158142
dedup,IPF,2566.0,2000,0.9950000047683716,3.9800000190734863
dedup,IPI,3567.0,2000,1.9550000429153442,1.1200000047683716
dedup,IPT,1593.0,2000,0.6800000071525574,0.9750000238418579
dedup,IQC,106.0,2000,0.04500000178813934,0.0
dedup,IQD,2547.0,2000,1.0,0.0
dedup,IQK,2586.0,2000,0.9950000047683716,3.9800000190734863
dedup,IQL,4.0,2000,0.009999999776482582,0.9900000095367432
dedup,IRA,5147.0,2000,3.9549999237060547,0.8899999856948853
dedup,IRF,4.0,2000,0.004999999888241291,0.0
dedup,IRG,4852.0,2000,3.565000057220459,3.9049999713897705
dedup,IRS,9.0,2000,0.009999999776482582,0.9950000047683716
dedup,IRV,4.0,2000,0.004999999888241291,0.019999999552965164
dedup,ISA,10.0,2000,0.004999999888241291,0.20999999344348907
dedup,ISC,3.0,2000,0.004999999888241291,0.019999999552965164
dedup,ISG,3531.0,2000,1.940000057220459,1.3799999952316284
dedup,ISN,2558.0,2000,0.9950000047683716,8.300000190734863
dedup,ISS,2580.0,2000,1.0,1.0
dedup,IST,2462.0,2000,0.9649999737739563,3.859999895095825
dedup,ISV,2573.0,2000,1.0049999952316284,0.9750000238418579
dedup,ISX,10.0,2000,0.009999999776482582,0.0
dedup,ITD,2176.0,2000,0.9100000262260437,0.949999988079071
dedup,ITF,2.0,2000,0.004999999888241291,0.019999999552965164
dedup,ITG,2577.0,2000,1.0,0.0
dedup,ITI,5.0,2000,0.004999999888241291,0.004999999888241291
dedup,ITK,7.0,2000,0.004999999888241291,0.0
dedup,ITN,2573.0,2000,0.9950000047683716,3.9800000190734863
dedup,ITP,5225.0,2000,3.9800000190734863,15.96500015258789
dedup,ITQ,6.0,2000,0.004999999888241291,1.024999976158142
dedup,ITR,2493.0,2000,0.9599999785423279,1.0149999856948853
dedup,ITS,2562.0,2000,0.9950000047683716,1.1449999809265137
dedup,ITT,2612.0,2000,0.9900000095367432,3.869999885559082
dedup,ITX,18.0,2000,0.004999999888241291,0.019999999552965164
dedup,IVI,9.0,2000,0.004999999888241291,0.03999999910593033
dedup,IVL,6.0,2000,0.004999999888241291,0.0
dedup,IVM,2568.0,2000,0.9850000143051147,3.940000057220459
dedup,IVN,4834.0,2000,3.515000104904175,0.004999999888241291
dedup,IVR,2405.0,2000,0.9449999928474426,0.0
dedup,IVT,13.0,2000,0.004999999888241291,0.0
dedup,IWL,2596.0,2000,0.9950000047683716,1.0149999856948853
dedup,IXI,8.0,2000,0.004999999888241291,0.0
dedup,IXN,9.0,2000,0.004999999888241291,0.019999999552965164
dedup,IXR,16.0,2000,0.009999999776482582,0.03999999910593033
dedup,IXX,153.0,2000,0.06499999761581421,0.0
dedup,IYK,2560.0,2000,0.9950000047683716,0.0
dedup,IYQ,4632.0,2000,3.555000066757202,32.07500076293945
dedup,IYS,2492.0,2000,0.9800000190734863,1.0149999856948853
dedup,IYV,3.0,2000,0.004999999888241291,0.019999999552965164
dedup,IYX,17.0,2000,0.009999999776482582,0.0
dedup,KAH,2604.0,2000,0.9900000095367432,0.03999999910593033
dedup,KAX,1.0,2000,0.004999999888241291,3.9800000190734863
dedup,KCT,2160.0,2000,0.8849999904632568,3.5399999618530273
dedup,KCV,2609.0,2000,0.9900000095367432,1.0
dedup,KCX,12.0,2000,0.004999999888241291,0.019999999552965164
dedup,KCY,2557.0,2000,0.9900000095367432,0.9900000095367432
dedup,KDF,2554.0,2000,1.0,4.0
dedup,KEE,2617.0,2000,1.0,8.949999809265137
dedup,KEI,2587.0,2000,0.9950000047683716,4.179999828338623
dedup,KEV,2.0,2000,0.004999999888241291,0.875
dedup,KFD,2617.0,2000,1.0,1.0149999856948853
dedup,KFL,2603.0,2000,0.9900000095367432,3.9600000381469727
dedup,KFN,2646.0,2000,1.090000033378601,0.3499999940395355
dedup,KGC,2593.0,2000,1.0,0.0
dedup,KGF,188.0,2000,0.05999999865889549,1.475000023841858
dedup,KGI,2152.0,2000,0.8799999952316284,0.9850000143051147
dedup,KGV,2603.0,2000,0.9900000095367432,3.9600000381469727
dedup,KGY,2605.0,2000,1.0,0.0
dedup,KHT,2487.0,2000,0.9850000143051147,3.940000057220459
dedup,KIA,2449.0,2000,0.949999988079071,1.2699999809265137
dedup,KIQ,2560.0,2000,1.0,5.5
dedup,KIY,2493.0,2000,0.9750000238418579,3.8550000190734863
dedup,KKF,2603.0,2000,0.9900000095367432,3.9600000381469727
dedup,KKS,2533.0,2000,0.9750000238418579,0.9750000238418579
dedup,KKX,1.0,2000,0.004999999888241291,0.029999999329447746
dedup,KLH,2603.0,2000,0.9950000047683716,0.0
dedup,KLI,2560.0,2000,0.9950000047683716,0.0
dedup,KLN,2556.0,2000,0.9900000095367432,0.0
dedup,KLP,2603.0,2000,0.9950000047683716,0.0
dedup,KLQ,2564.0,2000,1.0,0.0
dedup,KLS,3.0,2000,0.004999999888241291,0.004999999888241291
dedup,KLV,1.0,2000,0.004999999888241291,0.0
dedup,KLX,7.0,2000,0.004999999888241291,8.930000305175781
dedup,KMS,2587.0,2000,1.0,0.009999999776482582
dedup,KNF,2614.0,2000,0.9900000095367432,0.0
dedup,KNH,2618.0,2000,0.9950000047683716,9.5600004196167
dedup,KNI,2474.0,2000,0.9549999833106995,0.7099999785423279
dedup,KNK,2609.0,2000,0.9900000095367432,0.0
dedup,KNL,5033.0,2000,3.930000066757202,0.2199999988079071
dedup,KNN,2480.0,2000,0.9399999976158142,3.759999990463257
dedup,KNT,2557.0,2000,1.0,4.0
dedup,KNX,15.0,2000,0.009999999776482582,0.04500000178813934
dedup,KPC,694.0,2000,0.30000001192092896,1.2100000381469727
dedup,KPF,2470.0,2000,0.9649999737739563,0.004999999888241291
dedup,KPS,2560.0,2000,0.9850000143051147,0.9649999737739563
dedup,KPX,6.0,2000,0.009999999776482582,3.759999990463257
dedup,KQG,2472.0,2000,0.9599999785423279,0.0
dedup,KQI,2560.0,2000,0.9950000047683716,0.0
dedup,KQL,2587.0,2000,1.0,0.9900000095367432
dedup,KQY,2570.0,2000,1.0,4.025000095367432
dedup,KRF,2277.0,2000,0.8500000238418579,0.0
dedup,KRI,2563.0,2000,0.9950000047683716,3.9800000190734863
dedup,KRS,2568.0,2000,1.0,8.125
dedup,KRV,2603.0,2000,1.0,0.03999999910593033
dedup,KRX,25.0,2000,0.004999999888241291,0.949999988079071
dedup,KSC,106.0,2000,0.04500000178813934,3.865000009536743
dedup,KSF,2164.0,2000,0.8999999761581421,0.0
dedup,KSL,18.0,2000,0.004999999888241291,0.019999999552965164
dedup,KSN,4720.0,2000,3.4649999141693115,0.0
dedup,KSR,25.0,2000,0.009999999776482582,0.004999999888241291
dedup,KSS,6.0,2000,0.004999999888241291,0.0
dedup,KST,2609.0,2000,0.9900000095367432,0.004999999888241291
dedup,KSW,2322.0,2000,0.8799999952316284,0.9950000047683716
dedup,KSX,16.0,2000,0.004999999888241291,0.04500000178813934
dedup,KTP,2553.0,2000,1.0,0.9900000095367432
dedup,KTQ,2246.0,2000,0.8550000190734863,0.9900000095367432
dedup,KTS,2562.0,2000,0.9900000095367432,0.009999999776482582
dedup,KVC,2235.0,2000,0.8299999833106995,3.305000066757202
dedup,KVE,2574.0,2000,1.0,4.0
dedup,KVF,2578.0,2000,1.0099999904632568,0.3400000035762787
dedup,KVG,2458.0,2000,0.9750000238418579,3.9000000953674316
dedup,KVT,2572.0,2000,1.0,0.9700000286102295
dedup,KVX,18.0,2000,0.004999999888241291,0.9950000047683716
dedup,KWP,2598.0,2000,0.9950000047683716,0.019999999552965164
dedup,KXF,9.0,2000,0.004999999888241291,0.03500000014901161
dedup,KXN,9.0,2000,0.004999999888241291,0.0
dedup,KXS,3.0,2000,0.004999999888241291,0.0
dedup,KXW,1.0,2000,0.004999999888241291,0.03500000014901161
dedup,KXX,212.0,2000,0.05999999865889549,0.9900000095367432
dedup,KYE,2598.0,2000,1.0,4.0
dedup,KYF,2625.0,2000,1.0,0.0
dedup,KYN,2169.0,2000,0.8899999856948853,0.04500000178813934
dedup,LAA,2580.0,2000,1.0,0.9800000190734863
dedup,LAD,2571.0,2000,1.0,4.0
dedup,LAG,2560.0,2000,1.0,8.975000381469727
dedup,LAL,2457.0,2000,0.9549999833106995,8.350000381469727
dedup,LAR,978.0,2000,0.32499998807907104,0.0
dedup,LCC,2585.0,2000,1.0,0.009999999776482582
dedup,LCF,2570.0,2000,1.0049999952316284,0.004999999888241291
dedup,LCP,2579.0,2000,0.9950000047683716,0.004999999888241291
dedup,LDI,2619.0,2000,1.024999976158142,0.0
dedup,LDK,5189.0,2000,4.0,9.03499984741211
dedup,LDL,9.0,2000,0.004999999888241291,0.029999999329447746
dedup,LDP,2172.0,2000,0.8999999761581421,0.6850000023841858
dedup,LDS,7401.0,2000,8.085000038146973,7.860000133514404
dedup,LDV,271.0,2000,0.09000000357627869,0.36000001430511475
dedup,LDX,25.0,2000,0.004999999888241291,3.8299999237060547
dedup,LEG,2459.0,2000,0.9549999833106995,0.8349999785423279
dedup,LEI,2599.0,2000,0.9850000143051147,0.0
dedup,LEK,11.0,2000,0.004999999888241291,0.0
dedup,LEP,2494.0,2000,0.9649999737739563,3.884999990463257
dedup,LEX,8.0,2000,0.004999999888241291,3.9649999141693115
dedup,LFK,4.0,2000,0.004999999888241291,1.024999976158142
dedup,LFL,2397.0,2000,0.9150000214576721,3.6449999809265137
dedup,LFN,2575.0,2000,1.0,1.0
dedup,LFR,2461.0,2000,0.9649999737739563,0.9850000143051147
dedup,LFS,3.0,2000,0.004999999888241291,0.019999999552965164
dedup,LGA,2475.0,2000,0.9750000238418579,3.9000000953674316
dedup,LGD,5190.0,2000,4.025000095367432,0.02500000037252903
dedup,LGF,2582.0,2000,0.9950000047683716,0.0
dedup,LGK,5158.0,2000,4.0,0.9900000095367432
dedup,LGQ,2609.0,2000,1.0,4.0
dedup,LGR,3.0,2000,0.004999999888241291,1.0
dedup,LGV,1968.0,2000,0.800000011920929,2.690000057220459
dedup,LGW,8.0,2000,0.004999999888241291,0.0
dedup,LGX,76.0,2000,0.014999999664723873,0.06499999761581421
dedup,LGY,3.0,2000,0.004999999888241291,0.0
dedup,LHA,2436.0,2000,0.9599999785423279,0.05000000074505806
dedup,LHL,1.0,2000,0.004999999888241291,0.004999999888241291
dedup,LHR,2555.0,2000,0.9850000143051147,0.8799999952316284
dedup,LHS,2569.0,2000,0.9850000143051147,0.0
dedup,LHV,2615.0,2000,0.9950000047683716,3.9800000190734863
dedup,LHX,17.0,2000,0.004999999888241291,3.7699999809265137
dedup,LHY,2603.0,2000,0.9950000047683716,3.9800000190734863
dedup,LIA,5152.0,2000,3.9700000286102295,25.235000610351562
dedup,LIC,2586.0,2000,1.0,4.025000095367432
dedup,LID,2601.0,2000,0.9950000047683716,3.865000009536743
dedup,LIG,2607.0,2000,0.9950000047683716,4.114999771118164
dedup,LIR,2580.0,2000,1.0,8.375
dedup,LIT,2580.0,2000,1.0,1.0299999713897705
dedup,LIV,2220.0,2000,0.8550000190734863,1.090000033378601
dedup,LIX,21.0,2000,0.004999999888241291,0.0
dedup,LKG,5202.0,2000,3.9700000286102295,0.0
dedup,LKP,2472.0,2000,0.9750000238418579,0.05999999865889549
dedup,LKS,2159.0,2000,0.8899999856948853,0.0
dedup,LKX,15.0,2000,0.004999999888241291,3.9549999237060547
dedup,LKY,2176.0,2000,0.8899999856948853,0.0
dedup,LLA,5005.0,2000,3.865000009536743,15.145000457763672
dedup,LLF,2575.0,2000,1.0,0.0
dedup,LLH,2443.0,2000,0.9599999785423279,3.8399999141693115
dedup,LLI,2217.0,2000,0.8349999785423279,0.9900000095367432
dedup,LLK,2199.0,2000,0.925000011920929,0.6499999761581421
dedup,LLL,2581.0,2000,1.034999966621399,0.0
dedup,LLP,2512.0,2000,0.9649999737739563,0.0
dedup,LLQ,2567.0,2000,0.9950000047683716,3.9800000190734863
dedup,LLT,2572.0,2000,1.0,0.38999998569488525
dedup,LLV,12.0,2000,0.004999999888241291,0.019999999552965164
dedup,LLX,40.0,2000,0.004999999888241291,0.0
dedup,LMD,2461.0,2000,0.949999988079071,8.800000190734863
dedup,LME,17.0,2000,0.004999999888241291,0.9750000238418579
dedup,LMS,2610.0,2000,1.0,8.949999809265137
dedup,LMV,9.0,2000,0.004999999888241291,1.0399999618530273
dedup,LMY,1.0,2000,0.004999999888241291,0.019999999552965164
dedup,LND,5132.0,2000,3.9649999141693115,15.859999656677246
dedup,LNE,5189.0,2000,3.984999895095825,4.380000114440918
dedup,LNR,2569.0,2000,1.0,16.2549991607666
dedup,LNT,2587.0,2000,1.0,3.8949999809265137
dedup,LPD,5165.0,2000,3.9700000286102295,9.444999694824219
dedup,LPF,7247.0,2000,7.885000228881836,0.9950000047683716
dedup,LPI,2493.0,2000,0.9700000286102295,0.0
dedup,LPL,2513.0,2000,0.9649999737739563,3.859999895095825
dedup,LPP,5000.0,2000,3.8499999046325684,8.984999656677246
dedup,LPQ,2470.0,2000,0.9800000190734863,0.0
dedup,LPS,87.0,2000,0.03500000014901161,0.0
dedup,LPV,2569.0,2000,0.9950000047683716,1.0099999904632568
dedup,LPX,50.0,2000,0.029999999329447746,0.9950000047683716
dedup,LQD,1887.0,2000,0.7049999833106995,8.645000457763672
dedup,LQE,2587.0,2000,1.0,4.025000095367432
dedup,LQI,2566.0,2000,0.9900000095367432,8.845000267028809
dedup,LQL,9.0,2000,0.009999999776482582,1.0800000429153442
dedup,LQN,636.0,2000,0.27000001072883606,0.0
dedup,LQP,4776.0,2000,3.6500000953674316,0.8500000238418579
dedup,LQS,5033.0,2000,3.9100000858306885,15.640000343322754
dedup,LQT,2574.0,2000,1.0,8.925000190734863
dedup,LQX,61.0,2000,0.02500000037252903,9.010000228881836
dedup,LQY,2567.0,2000,0.9950000047683716,1.0099999904632568
dedup,LRE,2405.0,2000,0.9350000023841858,3.765000104904175
dedup,LRT,681.0,2000,0.30000001192092896,3.4000000953674316
dedup,LRV,5.0,2000,0.004999999888241291,0.9950000047683716
dedup,LSE,2246.0,2000,0.9900000095367432,3.9600000381469727
dedup,LSF,2452.0,2000,0.9649999737739563,3.859999895095825
dedup,LSK,3.0,2000,0.004999999888241291,0.03500000014901161
dedup,LSR,1593.0,2000,0.675000011920929,2.700000047683716
dedup,LSS,5130.0,2000,3.984999895095825,0.0
dedup,LTD,2573.0,2000,1.0,1.0449999570846558
dedup,LTE,2603.0,2000,0.9950000047683716,4.0
dedup,LTG,5141.0,2000,3.9700000286102295,0.9549999833106995
dedup,LTL,12.0,2000,0.004999999888241291,0.0
dedup,LTP,5157.0,2000,3.940000057220459,0.0
dedup,LTQ,25.0,2000,0.009999999776482582,0.0
dedup,LTT,1668.0,2000,0.6200000047683716,2.4800000190734863
dedup,LTV,2597.0,2000,1.0099999904632568,0.12999999523162842
dedup,LTX,22.0,2000,0.004999999888241291,1.0099999904632568
dedup,LVA,10.0,2000,0.004999999888241291,3.115000009536743
dedup,LVD,2502.0,2000,0.9700000286102295,3.880000114440918
dedup,LVK,5195.0,2000,3.9700000286102295,0.0
dedup,LVL,2414.0,2000,0.9350000023841858,0.0
dedup,LVR,2477.0,2000,0.9700000286102295,1.0
dedup,LVS,2510.0,2000,0.9750000238418579,0.03500000014901161
dedup,LVX,10.0,2000,0.004999999888241291,0.019999999552965164
dedup,LXD,4.0,2000,0.009999999776482582,0.0
dedup,LXH,2.0,2000,0.004999999888241291,0.9599999785423279
dedup,LXI,3.0,2000,0.004999999888241291,0.019999999552965164
dedup,LXR,13.0,2000,0.004999999888241291,0.0
dedup,LXV,59.0,2000,0.02500000037252903,3.8949999809265137
dedup,LXX,238.0,2000,0.03500000014901161,8.5649995803833
dedup,LYE,2572.0,2000,1.0,0.0
dedup,LYN,2555.0,2000,0.9900000095367432,3.9600000381469727
dedup,LYQ,2607.0,2000,0.9950000047683716,0.04500000178813934
dedup,LYR,1683.0,2000,0.6299999952316284,0.0
dedup,LYX,9.0,2000,0.004999999888241291,0.02500000037252903
dedup,MAK,27.0,2000,0.014999999664723873,6.485000133514404
dedup,MAS,1.0,2000,0.004999999888241291,0.0
dedup,MAY,2567.0,2000,1.0,1.0
dedup,MDL,2464.0,2000,0.9549999833106995,3.9700000286102295
dedup,MES,2456.0,2000,0.9300000071525574,0.0
dedup,MEX,9.0,2000,0.014999999664723873,0.05999999865889549
dedup,MFV,2524.0,2000,0.9750000238418579,1.2949999570846558
dedup,MIA,2557.0,2000,1.0,4.0
dedup,MIS,4.0,2000,0.004999999888241291,0.019999999552965164
dedup,MLC,2588.0,2000,1.0,3.984999895095825
dedup,MQM,2567.0,2000,1.0,9.03499984741211
dedup,MSE,2587.0,2000,1.0,0.5699999928474426
dedup,MSF,2609.0,2000,0.9950000047683716,22.80500030517578
dedup,MSL,2572.0,2000,1.0149999856948853,8.914999961853027
dedup,MTK,2528.0,2000,0.9700000286102295,3.880000114440918
dedup,MTS,2582.0,2000,0.9950000047683716,0.0
dedup,MVT,2579.0,2000,0.9900000095367432,0.8399999737739563
dedup,MYI,2561.0,2000,0.9900000095367432,1.0
dedup,MYL,1.0,2000,0.004999999888241291,0.9950000047683716
dedup,NAQ,2567.0,2000,0.9950000047683716,0.0
dedup,NAS,2585.0,2000,0.9950000047683716,0.9900000095367432
dedup,NAT,4810.0,2000,3.5299999713897705,0.9950000047683716
dedup,NCD,2618.0,2000,0.9950000047683716,3.9800000190734863
dedup,NCT,5081.0,2000,3.8450000286102295,24.1299991607666
dedup,NCV,2556.0,2000,0.9950000047683716,4.005000114440918
dedup,NCY,2463.0,2000,0.9649999737739563,0.0
dedup,NDG,2279.0,2000,0.8500000238418579,0.0
dedup,NDI,2577.0,2000,0.9950000047683716,0.0
dedup,NDL,2560.0,2000,0.9900000095367432,0.004999999888241291
dedup,NDP,2149.0,2000,0.7799999713897705,3.119999885559082
dedup,NDS,1.0,2000,0.004999999888241291,0.8999999761581421
dedup,NDX,15.0,2000,0.004999999888241291,3.630000114440918
dedup,NEG,1.0,2000,0.004999999888241291,0.019999999552965164
dedup,NEN,2171.0,2000,0.8849999904632568,0.9900000095367432
dedup,NES,2596.0,2000,1.0,4.0
dedup,NEV,2588.0,2000,0.9950000047683716,13.699999809265137
dedup,NEX,16.0,2000,0.004999999888241291,0.9850000143051147
dedup,NFG,2578.0,2000,1.0,4.0
dedup,NFK,2476.0,2000,0.9649999737739563,1.2000000476837158
dedup,NFN,5220.0,2000,3.9649999141693115,0.0
dedup,NFR,2171.0,2000,0.875,0.0
dedup,NFS,2553.0,2000,0.9950000047683716,3.9800000190734863
dedup,NFT,5335.0,2000,4.295000076293945,26.354999542236328
dedup,NFY,2615.0,2000,0.9950000047683716,0.009999999776482582
dedup,NGI,2576.0,2000,1.0,0.004999999888241291
dedup,NGL,5204.0,2000,3.984999895095825,15.9399995803833
dedup,NGT,7059.0,2000,7.755000114440918,7.460000038146973
dedup,NGV,3837.0,2000,2.744999885559082,2.819999933242798
dedup,NGX,23.0,2000,0.004999999888241291,0.019999999552965164
dedup,NHP,30.0,2000,0.014999999664723873,0.06499999761581421
dedup,NHT,2618.0,2000,1.0,9.03499984741211
dedup,NIA,62.0,2000,0.009999999776482582,3.6649999618530273
dedup,NID,2482.0,2000,0.9649999737739563,3.9200000762939453
dedup,NII,2294.0,2000,0.875,0.9700000286102295
dedup,NIQ,2592.0,2000,0.9950000047683716,0.0
dedup,NIT,5061.0,2000,3.890000104904175,0.9700000286102295
dedup,NIX,10.0,2000,0.004999999888241291,0.9900000095367432
dedup,NKC,2610.0,2000,0.9900000095367432,0.0
dedup,NKK,2605.0,2000,0.9950000047683716,0.8199999928474426
dedup,NKS,2471.0,2000,0.9399999976158142,0.0
dedup,NKV,2575.0,2000,1.0,8.800000190734863
dedup,NKX,41.0,2000,0.014999999664723873,0.0
dedup,NLA,2578.0,2000,0.9950000047683716,0.0
dedup,NLC,2577.0,2000,0.9950000047683716,8.960000038146973
dedup,NLD,2543.0,2000,0.9800000190734863,3.9200000762939453
dedup,NLK,2472.0,2000,0.9700000286102295,0.0
dedup,NLL,2578.0,2000,0.9950000047683716,0.9449999928474426
dedup,NLN,2599.0,2000,1.0,0.0
dedup,NLR,3075.0,2000,1.7450000047683716,6.945000171661377
dedup,NLS,66.0,2000,0.029999999329447746,0.9049999713897705
dedup,NLT,1674.0,2000,0.625,3.6050000190734863
dedup,NLV,5094.0,2000,3.9049999713897705,15.619999885559082
dedup,NLX,17.0,2000,0.004999999888241291,0.019999999552965164
dedup,NNA,2236.0,2000,0.8399999737739563,3.359999895095825
dedup,NNC,2465.0,2000,0.949999988079071,3.799999952316284
dedup,NNH,1.0,2000,0.004999999888241291,0.0
dedup,NNK,2492.0,2000,0.9449999928474426,3.8499999046325684
dedup,NNL,2578.0,2000,0.9800000190734863,3.9200000762939453
dedup,NNS,5154.0,2000,3.9700000286102295,15.880000114440918
dedup,NNT,2617.0,2000,0.9950000047683716,1.1100000143051147
dedup,NNX,28.0,2000,0.004999999888241291,1.1150000095367432
dedup,NPV,2285.0,2000,0.8600000143051147,0.0
dedup,NQF,2557.0,2000,0.9900000095367432,0.019999999552965164
dedup,NQI,1.0,2000,0.004999999888241291,0.0
dedup,NQK,2563.0,2000,0.9950000047683716,0.0
dedup,NQN,2571.0,2000,1.0099999904632568,0.009999999776482582
dedup,NQV,2610.0,2000,0.9900000095367432,0.0
dedup,NQX,25.0,2000,0.014999999664723873,0.05999999865889549
dedup,NRA,2567.0,2000,1.0,3.9549999237060547
dedup,NRK,2564.0,2000,0.9950000047683716,0.004999999888241291
dedup,NRT,78.0,2000,0.03500000014901161,0.14000000059604645
dedup,NSA,5106.0,2000,3.9700000286102295,15.880000114440918
dedup,NSF,2517.0,2000,0.9800000190734863,0.0
dedup,NSH,1017.0,2000,0.3499999940395355,0.0
dedup,NSI,2566.0,2000,0.9900000095367432,0.0
dedup,NSK,35.0,2000,0.009999999776482582,1.0800000429153442
dedup,NSL,4.0,2000,0.004999999888241291,1.024999976158142
dedup,NSN,2508.0,2000,0.9700000286102295,0.875
dedup,NSP,871.0,2000,0.3499999940395355,1.090000033378601
dedup,NSR,700.0,2000,0.30000001192092896,1.2000000476837158
dedup,NSV,2570.0,2000,1.0099999904632568,4.039999961853027
dedup,NSX,79.0,2000,0.014999999664723873,0.0
dedup,NSY,2584.0,2000,0.9950000047683716,3.8499999046325684
dedup,NTF,2618.0,2000,0.9950000047683716,0.014999999664723873
dedup,NTK,2.0,2000,0.004999999888241291,0.02500000037252903
dedup,NTL,2587.0,2000,1.0,1.0
dedup,NTP,52.0,2000,0.014999999664723873,4.21999979019165
dedup,NTQ,2559.0,2000,0.9950000047683716,16.229999542236328
dedup,NTS,2609.0,2000,0.9950000047683716,3.6700000762939453
dedup,NTV,2615.0,2000,0.9950000047683716,4.005000114440918
dedup,NVF,2620.0,2000,0.9950000047683716,4.28000020980835
dedup,NVL,2574.0,2000,1.0,0.004999999888241291
dedup,NVT,2321.0,2000,0.875,8.0
dedup,NVV,2874.0,2000,1.409999966621399,0.009999999776482582
dedup,NVY,2565.0,2000,0.9900000095367432,3.9600000381469727
dedup,NXP,5.0,2000,0.009999999776482582,0.04500000178813934
dedup,NXT,18.0,2000,0.009999999776482582,0.9950000047683716
dedup,NXX,215.0,2000,0.09000000357627869,1.1150000095367432
dedup,NYK,2607.0,2000,1.0,0.004999999888241291
dedup,NYL,1681.0,2000,0.6349999904632568,0.0
dedup,NYN,2461.0,2000,0.9750000238418579,1.0049999952316284
dedup,NYP,89.0,2000,0.04500000178813934,1.0099999904632568
dedup,NYR,778.0,2000,0.33500000834465027,0.0
dedup,NYX,13.0,2000,0.004999999888241291,0.9750000238418579
dedup,PAI,2617.0,2000,1.0,1.399999976158142
dedup,PAQ,2608.0,2000,0.9900000095367432,1.0
dedup,PAT,2459.0,2000,0.9700000286102295,0.004999999888241291
dedup,PAX,8.0,2000,0.004999999888241291,0.019999999552965164
dedup,PAY,2406.0,2000,0.9399999976158142,0.26499998569488525
dedup,PCN,2464.0,2000,0.9649999737739563,0.9950000047683716
dedup,PCS,2611.0,2000,0.9900000095367432,1.0750000476837158
dedup,PCX,2.0,2000,0.004999999888241291,1.0
dedup,PDD,2601.0,2000,0.9950000047683716,1.0099999904632568
dedup,PDI,1.0,2000,0.004999999888241291,0.0
dedup,PDK,2523.0,2000,0.9800000190734863,3.9200000762939453
dedup,PDP,2558.0,2000,0.9950000047683716,8.600000381469727
dedup,PDV,2590.0,2000,0.9900000095367432,3.9600000381469727
dedup,PEL,2615.0,2000,1.0,0.0
dedup,PFA,2573.0,2000,1.0099999904632568,0.004999999888241291
dedup,PFE,2465.0,2000,0.9649999737739563,0.0
dedup,PFF,2360.0,2000,0.8999999761581421,3.5999999046325684
dedup,PFG,2583.0,2000,0.9900000095367432,0.0
dedup,PFL,4739.0,2000,3.484999895095825,3.565000057220459
dedup,PFN,2280.0,2000,0.8550000190734863,3.4200000762939453
dedup,PFQ,2607.0,2000,0.9900000095367432,1.0099999904632568
dedup,PFX,40.0,2000,0.014999999664723873,1.0
dedup,PFY,3.0,2000,0.004999999888241291,0.019999999552965164
dedup,PGD,2489.0,2000,0.9649999737739563,0.0
dedup,PGG,47.0,2000,0.009999999776482582,0.0
dedup,PGQ,2563.0,2000,0.9900000095367432,8.920000076293945
dedup,PGT,2612.0,2000,0.9950000047683716,3.9800000190734863
dedup,PGV,2.0,2000,0.004999999888241291,0.019999999552965164
dedup,PGX,3.0,2000,0.004999999888241291,0.014999999664723873
dedup,PHG,2619.0,2000,0.9950000047683716,0.9700000286102295
dedup,PHX,2.0,2000,0.004999999888241291,0.019999999552965164
dedup,PIG,5091.0,2000,3.8949999809265137,15.625
dedup,PIK,2560.0,2000,1.0149999856948853,0.0
dedup,PIN,3450.0,2000,1.909999966621399,15.5649995803833
dedup,PKK,2532.0,2000,0.9750000238418579,1.899999976158142
dedup,PKX,1.0,2000,0.004999999888241291,0.0
dedup,PLL,2600.0,2000,1.0449999570846558,0.0
dedup,PLQ,5053.0,2000,3.859999895095825,0.4950000047683716
dedup,PLS,2181.0,2000,0.8999999761581421,0.0
dedup,PLV,5005.0,2000,3.819999933242798,3.825000047683716
dedup,PNI,2571.0,2000,0.9950000047683716,3.9800000190734863
dedup,PPA,2405.0,2000,0.9399999976158142,3.759999990463257
dedup,PPI,2561.0,2000,1.0,0.0
dedup,PPL,2572.0,2000,1.0,0.0
dedup,PPS,20.0,2000,0.004999999888241291,3.950000047683716
dedup,PPV,5.0,2000,0.004999999888241291,0.0
dedup,PQG,2476.0,2000,0.9649999737739563,8.765000343322754
dedup,PQI,2613.0,2000,0.9950000047683716,4.005000114440918
dedup,PQS,2611.0,2000,1.0,4.0
dedup,PQT,2611.0,2000,0.9950000047683716,1.1200000047683716
dedup,PQX,6.0,2000,0.004999999888241291,3.5950000286102295
dedup,PRE,2610.0,2000,0.9900000095367432,0.004999999888241291
dedup,PRR,854.0,2000,0.3499999940395355,1.399999976158142
dedup,PRT,2151.0,2000,0.8799999952316284,3.6500000953674316
dedup,PRX,32.0,2000,0.009999999776482582,0.0
dedup,PSA,86.0,2000,0.03500000014901161,1.0
dedup,PSK,5121.0,2000,3.940000057220459,0.0
dedup,PSY,20.0,2000,0.004999999888241291,4.014999866485596
dedup,PTE,2372.0,2000,0.9350000023841858,4.289999961853027
dedup,PTK,2547.0,2000,0.9900000095367432,1.0
dedup,PTN,2973.0,2000,2.494999885559082,0.0
dedup,PTW,2613.0,2000,1.0,4.0
dedup,PTY,1074.0,2000,0.3700000047683716,0.0
dedup,PVA,2599.0,2000,0.9950000047683716,0.0
dedup,PVL,4846.0,2000,3.494999885559082,0.0
dedup,PVQ,4.0,2000,0.004999999888241291,0.019999999552965164
dedup,PVS,2570.0,2000,0.9950000047683716,0.0
dedup,PVX,13.0,2000,0.004999999888241291,0.8600000143051147
dedup,PVY,5.0,2000,0.004999999888241291,1.024999976158142
dedup,PWY,2559.0,2000,0.9800000190734863,0.014999999664723873
dedup,PXA,5.0,2000,0.004999999888241291,0.019999999552965164
dedup,PXK,7.0,2000,0.004999999888241291,3.9700000286102295
dedup,PXX,97.0,2000,0.03999999910593033,0.1599999964237213
dedup,PXY,40.0,2000,0.014999999664723873,0.004999999888241291
dedup,PYR,2467.0,2000,0.9599999785423279,0.004999999888241291
dedup,QAG,2455.0,2000,0.9599999785423279,3.8399999141693115
dedup,QAL,2568.0,2000,0.9950000047683716,0.0
dedup,QAR,2.0,2000,0.004999999888241291,0.9150000214576721
dedup,QCV,2522.0,2000,0.9800000190734863,3.9200000762939453
dedup,QDK,2560.0,2000,1.0,0.9599999785423279
dedup,QDL,2387.0,2000,0.9100000262260437,22.280000686645508
dedup,QDS,2544.0,2000,1.0,0.0
dedup,QDV,1892.0,2000,0.7200000286102295,12.5600004196167
dedup,QEK,2601.0,2000,0.9850000143051147,3.940000057220459
dedup,QEL,2591.0,2000,1.0,0.0
dedup,QEV,2550.0,2000,0.9900000095367432,0.0
dedup,QEX,3.0,2000,0.004999999888241291,0.019999999552965164
dedup,QFC,2252.0,2000,0.824999988079071,0.0
dedup,QFG,2608.0,2000,0.9850000143051147,0.9900000095367432
dedup,QFN,2559.0,2000,0.9900000095367432,3.9600000381469727
dedup,QGF,2485.0,2000,0.9649999737739563,0.0
dedup,QGN,2470.0,2000,0.9599999785423279,0.9950000047683716
dedup,QGV,2598.0,2000,0.9850000143051147,3.9649999141693115
dedup,QIA,2560.0,2000,1.0049999952316284,4.019999980926514
dedup,QID,2568.0,2000,1.0,4.0
dedup,QII,2614.0,2000,0.9950000047683716,0.019999999552965164
dedup,QIL,2572.0,2000,1.0099999904632568,0.9950000047683716
dedup,QIN,9.0,2000,0.004999999888241291,0.02500000037252903
dedup,QIP,2565.0,2000,0.9900000095367432,3.984999895095825
dedup,QIY,2563.0,2000,0.9950000047683716,3.9800000190734863
dedup,QKE,2585.0,2000,0.9950000047683716,3.9800000190734863
dedup,QKF,2591.0,2000,1.0,1.0950000286102295
dedup,QKL,2561.0,2000,0.9950000047683716,0.0
dedup,QLG,3.0,2000,0.004999999888241291,0.004999999888241291
dedup,QLI,2577.0,2000,1.0,0.03500000014901161
dedup,QLN,2566.0,2000,1.0,3.9549999237060547
dedup,QLP,2521.0,2000,0.9900000095367432,0.9350000023841858
dedup,QLR,9.0,2000,0.009999999776482582,0.0
dedup,QLS,2585.0,2000,1.0,0.0
dedup,QLT,2618.0,2000,1.0,4.0
dedup,QMA,2568.0,2000,1.0,4.0
dedup,QNA,2570.0,2000,0.9950000047683716,16.454999923706055
dedup,QNG,2.0,2000,0.004999999888241291,0.054999999701976776
dedup,QNV,3204.0,2000,1.809999942779541,15.274999618530273
dedup,QPE,2612.0,2000,0.9950000047683716,1.350000023841858
dedup,QPF,2469.0,2000,0.9599999785423279,3.984999895095825
dedup,QPR,2148.0,2000,0.8849999904632568,0.0
dedup,QPT,4737.0,2000,3.640000104904175,14.524999618530273
dedup,QPY,2473.0,2000,0.9599999785423279,3.8399999141693115
dedup,QQF,2608.0,2000,0.9850000143051147,0.0
dedup,QQL,2578.0,2000,1.0149999856948853,9.079999923706055
dedup,QRN,2614.0,2000,1.0,0.9950000047683716
dedup,QSA,2619.0,2000,1.0,0.009999999776482582
dedup,QSI,2571.0,2000,1.0,3.684999942779541
dedup,QSK,2606.0,2000,1.0,0.0
dedup,QSL,4817.0,2000,3.505000114440918,0.0
dedup,QSX,11.0,2000,0.004999999888241291,0.019999999552965164
dedup,QSY,2458.0,2000,0.9750000238418579,0.004999999888241291
dedup,QTG,2566.0,2000,0.9950000047683716,0.0
dedup,QTH,33.0,2000,0.019999999552965164,3.9200000762939453
dedup,QTL,5116.0,2000,3.865000009536743,15.425000190734863
dedup,QTN,2551.0,2000,0.9700000286102295,3.880000114440918
dedup,QTQ,2542.0,2000,0.949999988079071,3.799999952316284
dedup,QTR,2621.0,2000,1.0,4.275000095367432
dedup,QTS,2178.0,2000,0.875,0.004999999888241291
dedup,QTX,13.0,2000,0.004999999888241291,0.019999999552965164
dedup,QTY,2574.0,2000,1.0,4.0
dedup,QVA,2612.0,2000,0.9900000095367432,3.9600000381469727
dedup,QVK,2561.0,2000,0.9950000047683716,0.05000000074505806
dedup,QXK,13.0,2000,0.009999999776482582,0.004999999888241291
dedup,QXN,2.0,2000,0.004999999888241291,0.019999999552965164
dedup,QXS,4.0,2000,0.004999999888241291,0.07000000029802322
dedup,QXV,48.0,2000,0.03999999910593033,0.9900000095367432
dedup,QXX,94.0,2000,0.07999999821186066,0.3199999928474426
dedup,QYG,5140.0,2000,3.984999895095825,15.9399995803833
dedup,QYI,2599.0,2000,0.9950000047683716,4.034999847412109
dedup,QYT,2564.0,2000,1.0,4.050000190734863
dedup,RAA,2579.0,2000,1.0,0.925000011920929
dedup,RAG,2600.0,2000,0.9850000143051147,0.0
dedup,RAL,2570.0,2000,1.0,4.0
dedup,RAR,2575.0,2000,0.9950000047683716,1.0399999618530273
dedup,RAS,2568.0,2000,0.9850000143051147,1.0199999809265137
dedup,RDF,10.0,2000,0.004999999888241291,0.8650000095367432
dedup,RDI,5073.0,2000,3.880000114440918,15.520000457763672
dedup,RDL,5005.0,2000,3.8499999046325684,3.940000057220459
dedup,RDP,2612.0,2000,0.9950000047683716,3.9800000190734863
dedup,REF,2406.0,2000,0.925000011920929,1.0
dedup,REG,2610.0,2000,0.9900000095367432,3.944999933242798
dedup,REX,6.0,2000,0.009999999776482582,3.9600000381469727
dedup,RFA,2630.0,2000,1.034999966621399,1.0
dedup,RFD,2218.0,2000,0.8349999785423279,1.0149999856948853
dedup,RFG,4.0,2000,0.004999999888241291,3.940000057220459
dedup,RFN,2571.0,2000,1.0,0.9900000095367432
dedup,RFP,2572.0,2000,0.9950000047683716,0.9950000047683716
dedup,RFQ,2497.0,2000,0.9599999785423279,8.680000305175781
dedup,RFX,8.0,2000,0.009999999776482582,0.03999999910593033
dedup,RGD,2564.0,2000,0.9850000143051147,0.004999999888241291
dedup,RGL,55.0,2000,0.009999999776482582,0.04500000178813934
dedup,RGV,2528.0,2000,0.9900000095367432,1.0099999904632568
dedup,RGW,2284.0,2000,0.8650000095367432,3.444999933242798
dedup,RGY,1.0,2000,0.004999999888241291,0.9950000047683716
dedup,RHL,3.0,2000,0.004999999888241291,0.9649999737739563
dedup,RIQ,4.0,2000,0.009999999776482582,0.03999999910593033
dedup,RIS,2559.0,2000,0.9950000047683716,1.100000023841858
dedup,RKR,2564.0,2000,0.9950000047683716,3.9800000190734863
dedup,RKS,2469.0,2000,0.9700000286102295,3.880000114440918
dedup,RLD,2579.0,2000,1.0,0.20000000298023224
dedup,RLF,2460.0,2000,0.9649999737739563,3.255000114440918
dedup,RLI,2569.0,2000,1.0,4.010000228881836
dedup,RLN,2585.0,2000,0.9950000047683716,8.960000038146973
dedup,RLQ,2578.0,2000,1.0,1.0049999952316284
dedup,RLX,6.0,2000,0.004999999888241291,0.8100000023841858
dedup,RME,25.0,2000,0.009999999776482582,0.0
dedup,RNF,2614.0,2000,0.9950000047683716,3.9800000190734863
dedup,RNX,1.0,2000,0.004999999888241291,0.17000000178813934
dedup,RQA,2.0,2000,0.004999999888241291,0.004999999888241291
dedup,RQI,2562.0,2000,0.9900000095367432,0.04500000178813934
dedup,RRA,2574.0,2000,0.9950000047683716,0.9850000143051147
dedup,RRQ,2.0,2000,0.004999999888241291,0.004999999888241291
dedup,RRR,699.0,2000,0.29499998688697815,0.0
dedup,RSF,2568.0,2000,1.0,1.0149999856948853
dedup,RSG,3.0,2000,0.009999999776482582,0.04500000178813934
dedup,RSS,2580.0,2000,1.0199999809265137,1.0099999904632568
dedup,RSV,2576.0,2000,1.0,0.9900000095367432
dedup,RSX,8.0,2000,0.004999999888241291,0.019999999552965164
dedup,RSY,2560.0,2000,0.9850000143051147,0.36500000953674316
dedup,RTF,2170.0,2000,0.8799999952316284,0.014999999664723873
dedup,RTQ,2513.0,2000,0.9700000286102295,0.17000000178813934
dedup,RTR,673.0,2000,0.2800000011920929,6.264999866485596
dedup,RTT,4.0,2000,0.009999999776482582,0.0
dedup,RTX,4.0,2000,0.009999999776482582,0.0
dedup,RVD,2599.0,2000,0.9950000047683716,3.9800000190734863
dedup,RVL,2.0,2000,0.004999999888241291,0.0
dedup,RVQ,2163.0,2000,0.8650000095367432,1.0149999856948853
dedup,RVS,3.0,2000,0.004999999888241291,1.5
dedup,RVV,2473.0,2000,0.9649999737739563,3.859999895095825
dedup,RVX,15.0,2000,0.009999999776482582,0.9649999737739563
dedup,RVY,4478.0,2000,3.0999999046325684,14.204999923706055
dedup,RXQ,6.0,2000,0.004999999888241291,0.0
dedup,RXX,133.0,2000,0.019999999552965164,0.0
dedup,RYR,777.0,2000,0.33500000834465027,4.09499979019165
dedup,SAA,13.0,2000,0.009999999776482582,0.04500000178813934
dedup,SAI,2553.0,2000,1.0,0.014999999664723873
dedup,SAL,7412.0,2000,8.25,45.345001220703125
dedup,SAN,5042.0,2000,3.8350000381469727,0.0
dedup,SAP,2618.0,2000,1.0,8.975000381469727
dedup,SAR,10.0,2000,0.004999999888241291,0.0
dedup,SAS,2557.0,2000,0.9900000095367432,3.9600000381469727
dedup,SAX,7.0,2000,0.004999999888241291,1.0049999952316284
dedup,SAY,89.0,2000,0.03500000014901161,1.2799999713897705
dedup,SCC,5195.0,2000,4.0,22.399999618530273
dedup,SCG,2615.0,2000,0.9950000047683716,3.9800000190734863
dedup,SCL,2597.0,2000,1.0,0.0
dedup,SCM,106.0,2000,0.04500000178813934,1.2649999856948853
dedup,SEC,2588.0,2000,1.0,4.0
dedup,SEF,1929.0,2000,0.7900000214576721,3.1600000858306885
dedup,SEL,13.0,2000,0.004999999888241291,0.009999999776482582
dedup,SEP,2590.0,2000,0.9850000143051147,0.07000000029802322
dedup,SER,2.0,2000,0.004999999888241291,0.004999999888241291
dedup,SET,2188.0,2000,0.9049999713897705,0.0
dedup,SEX,25.0,2000,0.014999999664723873,1.1200000047683716
dedup,SFC,2562.0,2000,0.9950000047683716,9.140000343322754
dedup,SFE,2449.0,2000,0.9649999737739563,1.0199999809265137
dedup,SFG,2611.0,2000,0.9900000095367432,0.9900000095367432
dedup,SFI,2577.0,2000,0.9950000047683716,8.994999885559082
dedup,SFK,2615.0,2000,1.0,8.975000381469727
dedup,SFN,2.0,2000,0.004999999888241291,0.019999999552965164
dedup,SFP,2609.0,2000,0.9950000047683716,24.875
dedup,SFS,2571.0,2000,0.9900000095367432,0.009999999776482582
dedup,SFT,4680.0,2000,3.6549999713897705,8.46500015258789
dedup,SFV,2658.0,2000,1.1050000190734863,0.0
dedup,SGC,4.0,2000,0.009999999776482582,1.0
dedup,SGI,2587.0,2000,0.9900000095367432,3.930000066757202
dedup,SGN,2605.0,2000,0.9900000095367432,0.9950000047683716
dedup,SGT,2309.0,2000,0.8550000190734863,0.0
dedup,SGV,536.0,2000,0.2150000035762787,0.9649999737739563
dedup,SGW,4902.0,2000,3.7899999618530273,15.295000076293945
dedup,SGX,30.0,2000,0.004999999888241291,0.9549999833106995
dedup,SHR,1018.0,2000,0.3499999940395355,1.0099999904632568
dedup,SIA,2568.0,2000,0.9950000047683716,3.9800000190734863
dedup,SIE,289.0,2000,0.10999999940395355,1.8049999475479126
dedup,SII,2578.0,2000,1.0149999856948853,0.0
dedup,SIQ,109.0,2000,0.04500000178813934,0.1850000023841858
dedup,SIT,6.0,2000,0.004999999888241291,0.019999999552965164
dedup,SIV,2397.0,2000,0.9399999976158142,0.004999999888241291
dedup,SKH,2487.0,2000,0.9850000143051147,8.829999923706055
dedup,SKL,4.0,2000,0.004999999888241291,0.019999999552965164
dedup,SKN,34.0,2000,0.009999999776482582,0.0
dedup,SKP,3257.0,2000,1.8849999904632568,0.3400000035762787
dedup,SKR,5175.0,2000,4.0,16.0
dedup,SKS,7.0,2000,0.004999999888241291,0.09000000357627869
dedup,SKT,2236.0,2000,0.8299999833106995,3.319999933242798
dedup,SKV,2474.0,2000,0.9900000095367432,1.0549999475479126
dedup,SKX,81.0,2000,0.014999999664723873,1.0
dedup,SLD,8.0,2000,0.004999999888241291,0.07500000298023224
dedup,SLF,4.0,2000,0.004999999888241291,3.9100000858306885
dedup,SLG,2578.0,2000,1.0149999856948853,4.059999942779541
dedup,SLI,2594.0,2000,0.9950000047683716,0.0
dedup,SLL,2226.0,2000,0.8349999785423279,0.0
dedup,SLM,17.0,2000,0.004999999888241291,0.0
dedup,SLP,2.0,2000,0.004999999888241291,0.019999999552965164
dedup,SLQ,2575.0,2000,1.0,4.0
dedup,SLS,2555.0,2000,0.9950000047683716,1.0
dedup,SLX,23.0,2000,0.004999999888241291,0.0
dedup,SMA,27.0,2000,0.014999999664723873,0.9950000047683716
dedup,SMT,2528.0,2000,0.9649999737739563,0.004999999888241291
dedup,SNC,2554.0,2000,0.9950000047683716,1.0
dedup,SND,2.0,2000,0.004999999888241291,0.0
dedup,SNF,4745.0,2000,3.625,14.800000190734863
dedup,SNG,2613.0,2000,0.9900000095367432,0.0
dedup,SNI,2242.0,2000,0.8450000286102295,7.735000133514404
dedup,SNK,2610.0,2000,0.9950000047683716,1.3600000143051147
dedup,SNL,5038.0,2000,3.8949999809265137,15.579999923706055
dedup,SNN,5085.0,2000,3.880000114440918,15.5649995803833
dedup,SNQ,2608.0,2000,0.9950000047683716,3.9800000190734863
dedup,SNS,4.0,2000,0.004999999888241291,0.0
dedup,SNV,4924.0,2000,3.5950000286102295,14.380000114440918
dedup,SNX,52.0,2000,0.004999999888241291,0.029999999329447746
dedup,SPD,2602.0,2000,0.9950000047683716,1.0149999856948853
dedup,SPG,4.0,2000,0.004999999888241291,0.4000000059604645
dedup,SPL,7.0,2000,0.004999999888241291,0.02500000037252903
dedup,SPR,873.0,2000,0.3499999940395355,1.399999976158142
dedup,SPT,2547.0,2000,0.9900000095367432,0.0
dedup,SQC,2420.0,2000,0.9350000023841858,1.0149999856948853
dedup,SQI,2569.0,2000,0.9950000047683716,2.869999885559082
dedup,SQP,2467.0,2000,0.9549999833106995,3.819999933242798
dedup,SQS,2573.0,2000,1.0,0.004999999888241291
dedup,SRL,1593.0,2000,0.675000011920929,0.0
dedup,SRM,25.0,2000,0.009999999776482582,0.06499999761581421
dedup,SRR,700.0,2000,0.30000001192092896,0.03999999910593033
dedup,SSA,2476.0,2000,0.9800000190734863,0.8799999952316284
dedup,SSG,2369.0,2000,0.9350000023841858,3.694999933242798
dedup,SSK,12.0,2000,0.004999999888241291,0.0
dedup,SSL,10.0,2000,0.004999999888241291,0.019999999552965164
dedup,SSN,2579.0,2000,1.0,4.0
dedup,SSQ,2412.0,2000,0.949999988079071,1.0149999856948853
dedup,SSS,2373.0,2000,0.9350000023841858,0.0
dedup,SST,2553.0,2000,0.9950000047683716,1.4600000381469727
dedup,SSV,5154.0,2000,3.9649999141693115,1.5800000429153442
dedup,SSX,34.0,2000,0.02500000037252903,4.005000114440918
dedup,STA,2552.0,2000,1.0,0.9750000238418579
dedup,STE,7042.0,2000,7.65500020980835,0.0
dedup,STF,2553.0,2000,0.9900000095367432,3.9600000381469727
dedup,STG,2618.0,2000,1.0,4.0
dedup,STN,2613.0,2000,0.9950000047683716,3.9800000190734863
dedup,STP,1707.0,2000,0.6499999761581421,2.5999999046325684
dedup,STQ,2406.0,2000,0.9049999713897705,0.0
dedup,STX,182.0,2000,0.08500000089406967,0.0
dedup,SVA,5116.0,2000,3.9200000762939453,9.024999618530273
dedup,SVD,2557.0,2000,0.9900000095367432,23.545000076293945
dedup,SVE,2.0,2000,0.004999999888241291,4.0
dedup,SVI,2613.0,2000,0.9950000047683716,0.004999999888241291
dedup,SVL,7889.0,2000,9.640000343322754,38.560001373291016
dedup,SVN,12.0,2000,0.004999999888241291,0.0
dedup,SVS,6.0,2000,0.004999999888241291,3.865000009536743
dedup,SVT,2564.0,2000,0.9950000047683716,3.9800000190734863
dedup,SVV,2520.0,2000,1.0199999809265137,4.079999923706055
dedup,SVX,19.0,2000,0.019999999552965164,0.9750000238418579
dedup,SVY,2583.0,2000,0.9950000047683716,8.960000038146973
dedup,SWM,2305.0,2000,0.8799999952316284,0.9750000238418579
dedup,SWT,6.0,2000,0.004999999888241291,3.9000000953674316
dedup,SXA,5.0,2000,0.004999999888241291,1.034999966621399
dedup,SXL,12.0,2000,0.004999999888241291,0.9950000047683716
dedup,SXV,14.0,2000,0.004999999888241291,0.019999999552965164
dedup,SXX,435.0,2000,0.3400000035762787,1.809999942779541
dedup,SYE,2583.0,2000,0.9950000047683716,0.9700000286102295
dedup,SYG,2452.0,2000,0.9750000238418579,9.045000076293945
dedup,SYH,13.0,2000,0.009999999776482582,0.0
dedup,SYK,1.0,2000,0.004999999888241291,0.0
dedup,SYL,2562.0,2000,0.9850000143051147,3.9649999141693115
dedup,SYQ,2580.0,2000,0.9649999737739563,8.220000267028809
dedup,SYT,21.0,2000,0.004999999888241291,8.300000190734863
dedup,SYX,14.0,2000,0.009999999776482582,0.05999999865889549
dedup,TAG,2174.0,2000,0.8849999904632568,3.5899999141693115
dedup,TAP,2607.0,2000,0.9950000047683716,4.15500020980835
dedup,TAS,2556.0,2000,1.0,4.0
dedup,TAX,25.0,2000,0.009999999776482582,0.0
dedup,TDA,4766.0,2000,3.6549999713897705,14.619999885559082
dedup,TDE,2569.0,2000,1.0,0.0
dedup,TDN,1621.0,2000,0.675000011920929,0.0
dedup,TDX,8.0,2000,0.004999999888241291,0.03500000014901161
dedup,TEC,2568.0,2000,1.0,0.9900000095367432
dedup,TEI,5027.0,2000,3.890000104904175,15.5600004196167
dedup,TEK,2017.0,2000,0.7599999904632568,3.0399999618530273
dedup,TES,4999.0,2000,3.8450000286102295,15.515000343322754
dedup,TEV,2613.0,2000,1.0,4.0
dedup,TFE,2470.0,2000,0.949999988079071,0.004999999888241291
dedup,TFG,2566.0,2000,1.0149999856948853,0.0
dedup,TFK,2555.0,2000,0.9900000095367432,0.0
dedup,TFL,2167.0,2000,0.8849999904632568,0.9750000238418579
dedup,TFV,2615.0,2000,1.0,0.009999999776482582
dedup,TGC,2604.0,2000,1.0,1.0
dedup,TGF,7.0,2000,0.004999999888241291,0.019999999552965164
dedup,TGI,2537.0,2000,0.9950000047683716,4.005000114440918
dedup,TGK,2445.0,2000,0.949999988079071,0.9850000143051147
dedup,TGN,56.0,2000,0.009999999776482582,1.0
dedup,TGR,2575.0,2000,1.0,3.984999895095825
dedup,TGS,2610.0,2000,0.9950000047683716,4.03000020980835
dedup,TGT,2676.0,2000,1.0700000524520874,4.28000020980835
dedup,TGV,2608.0,2000,0.9950000047683716,0.0
dedup,TGX,11.0,2000,0.009999999776482582,0.03999999910593033
dedup,THN,976.0,2000,0.3100000023841858,0.004999999888241291
dedup,THT,33.0,2000,0.019999999552965164,0.009999999776482582
dedup,THW,2609.0,2000,0.9950000047683716,3.9800000190734863
dedup,TIA,77.0,2000,0.02500000037252903,7.980000019073486
dedup,TIH,2.0,2000,0.004999999888241291,0.0
dedup,TIM,2591.0,2000,1.0,9.0
dedup,TIS,2557.0,2000,0.9950000047683716,3.990000009536743
dedup,TIT,4726.0,2000,3.684999942779541,8.15999984741211
dedup,TIX,16.0,2000,0.004999999888241291,1.034999966621399
dedup,TKC,2163.0,2000,0.8899999856948853,1.034999966621399
dedup,TKE,2.0,2000,0.004999999888241291,1.0049999952316284
dedup,TKL,2553.0,2000,0.9900000095367432,0.05999999865889549
dedup,TKM,2503.0,2000,0.9599999785423279,0.0
dedup,TKR,2281.0,2000,0.8550000190734863,3.4200000762939453
dedup,TKT,2535.0,2000,0.9750000238418579,3.9000000953674316
dedup,TKX,25.0,2000,0.009999999776482582,0.0
dedup,TLA,2574.0,2000,1.0,4.0
dedup,TLD,2262.0,2000,0.8650000095367432,0.9100000262260437
dedup,TLE,2609.0,2000,1.0,0.004999999888241291
dedup,TLG,13.0,2000,0.004999999888241291,0.019999999552965164
dedup,TLH,53.0,2000,0.009999999776482582,0.0
dedup,TLK,2157.0,2000,0.8849999904632568,3.5399999618530273
dedup,TLL,2449.0,2000,0.949999988079071,3.799999952316284
dedup,TLV,2587.0,2000,1.0,0.0
dedup,TLX,15.0,2000,0.009999999776482582,0.0
dedup,TMS,2572.0,2000,1.0,0.0
dedup,TMY,2557.0,2000,0.9900000095367432,0.004999999888241291
dedup,TNA,3.0,2000,0.004999999888241291,0.0
dedup,TNF,1598.0,2000,0.6800000071525574,12.125
dedup,TNG,3677.0,2000,2.3949999809265137,0.0
dedup,TNL,5184.0,2000,3.9700000286102295,0.0
dedup,TNR,79.0,2000,0.03500000014901161,1.0049999952316284
dedup,TNS,5101.0,2000,3.9100000858306885,15.640000343322754
dedup,TNT,2610.0,2000,0.9950000047683716,0.0
dedup,TNV,4811.0,2000,3.490000009536743,8.845000267028809
dedup,TNX,19.0,2000,0.014999999664723873,0.05999999865889549
dedup,TPC,4372.0,2000,2.990000009536743,11.960000038146973
dedup,TPG,5151.0,2000,3.924999952316284,0.9549999833106995
dedup,TPI,2482.0,2000,0.9750000238418579,0.7049999833106995
dedup,TPP,2554.0,2000,1.0,0.8450000286102295
dedup,TPT,2616.0,2000,1.0,0.9900000095367432
dedup,TPX,10.0,2000,0.004999999888241291,1.0299999713897705
dedup,TQD,2398.0,2000,0.9100000262260437,0.0
dedup,TQE,2549.0,2000,0.9950000047683716,0.8650000095367432
dedup,TQI,11.0,2000,0.004999999888241291,0.0
dedup,TQL,5085.0,2000,3.924999952316284,1.5199999809265137
dedup,TQN,2570.0,2000,1.0,0.0
dedup,TQQ,2584.0,2000,1.0,3.9700000286102295
dedup,TQR,2615.0,2000,1.0,4.0
dedup,TQS,2247.0,2000,0.8399999737739563,0.9950000047683716
dedup,TQT,2551.0,2000,0.9700000286102295,3.880000114440918
dedup,TRA,2602.0,2000,0.9850000143051147,3.9600000381469727
dedup,TRF,5075.0,2000,3.9100000858306885,15.6850004196167
dedup,TRG,2524.0,2000,0.9850000143051147,3.940000057220459
dedup,TRI,5.0,2000,0.009999999776482582,0.04500000178813934
dedup,TRS,4.0,2000,0.009999999776482582,1.0
dedup,TRT,2426.0,2000,0.925000011920929,0.004999999888241291
dedup,TRX,21.0,2000,0.004999999888241291,0.9900000095367432
dedup,TSA,2563.0,2000,1.0,1.100000023841858
dedup,TSC,2588.0,2000,0.9950000047683716,12.859999656677246
dedup,TSG,2559.0,2000,0.9950000047683716,1.0099999904632568
dedup,TSN,4782.0,2000,3.609999895095825,0.0
dedup,TSP,2617.0,2000,1.0,0.05000000074505806
dedup,TSV,2558.0,2000,0.9900000095367432,1.0
dedup,TTA,2608.0,2000,0.9950000047683716,0.0
dedup,TTD,4216.0,2000,3.005000114440918,3.619999885559082
dedup,TTE,2563.0,2000,0.9950000047683716,3.9800000190734863
dedup,TTH,976.0,2000,0.3100000023841858,2.9200000762939453
dedup,TTL,2260.0,2000,0.8450000286102295,7.769999980926514
dedup,TTQ,7.0,2000,0.009999999776482582,0.02500000037252903
dedup,TTR,1766.0,2000,0.6600000262260437,2.6649999618530273
dedup,TTT,8.0,2000,0.009999999776482582,0.03999999910593033
dedup,TTY,6.0,2000,0.004999999888241291,1.0
dedup,TVC,2496.0,2000,0.9750000238418579,3.890000104904175
dedup,TVE,2133.0,2000,0.875,0.9750000238418579
dedup,TVI,16.0,2000,0.004999999888241291,1.0099999904632568
dedup,TVL,2581.0,2000,0.9950000047683716,0.1899999976158142
dedup,TVS,1.0,2000,0.004999999888241291,0.03999999910593033
dedup,TVY,2620.0,2000,1.0099999904632568,0.0
dedup,TWF,2319.0,2000,0.8700000047683716,0.0
dedup,TWR,2616.0,2000,1.0,0.0
dedup,TXF,6.0,2000,0.009999999776482582,0.03999999910593033
dedup,TXR,5.0,2000,0.009999999776482582,0.9900000095367432
dedup,TXS,15.0,2000,0.004999999888241291,0.019999999552965164
dedup,TXX,1994.0,2000,0.9850000143051147,2.690000057220459
dedup,TYG,1073.0,2000,0.36500000953674316,1.0049999952316284
dedup,TYN,5.0,2000,0.004999999888241291,0.019999999552965164
dedup,TYV,5188.0,2000,4.0,0.0
dedup,TYX,3.0,2000,0.004999999888241291,0.9950000047683716
dedup,VAD,2552.0,2000,0.9950000047683716,1.0
dedup,VAI,2602.0,2000,1.0099999904632568,4.039999961853027
dedup,VAK,2524.0,2000,0.9950000047683716,3.9800000190734863
dedup,VAN,64.0,2000,0.004999999888241291,0.019999999552965164
dedup,VAS,2551.0,2000,0.9750000238418579,3.9000000953674316
dedup,VAV,2612.0,2000,0.9900000095367432,0.8849999904632568
dedup,VAX,9.0,2000,0.009999999776482582,0.0
dedup,VAY,2572.0,2000,0.9900000095367432,1.0
dedup,VCE,2235.0,2000,0.8299999833106995,1.2599999904632568
dedup,VCG,2533.0,2000,0.9800000190734863,8.84000015258789
dedup,VDC,4734.0,2000,3.6500000953674316,0.6100000143051147
dedup,VDF,2600.0,2000,0.9950000047683716,0.9750000238418579
dedup,VDL,5099.0,2000,3.8949999809265137,0.9649999737739563
dedup,VDX,33.0,2000,0.014999999664723873,4.025000095367432
dedup,VEA,2577.0,2000,1.0,4.175000190734863
dedup,VED,2.0,2000,0.004999999888241291,3.5799999237060547
dedup,VEG,2270.0,2000,0.8999999761581421,0.0
dedup,VEK,2139.0,2000,0.875,0.04500000178813934
dedup,VEN,99.0,2000,0.02500000037252903,0.009999999776482582
dedup,VEQ,2559.0,2000,0.9950000047683716,0.004999999888241291
dedup,VFA,2563.0,2000,0.9950000047683716,0.0
dedup,VFF,116.0,2000,0.054999999701976776,0.9950000047683716
dedup,VFK,2474.0,2000,0.949999988079071,0.0
dedup,VFL,5021.0,2000,3.759999990463257,0.009999999776482582
dedup,VFN,2576.0,2000,0.9900000095367432,0.9750000238418579
dedup,VFQ,2621.0,2000,1.0149999856948853,4.059999942779541
dedup,VFR,2577.0,2000,0.9950000047683716,1.0
dedup,VFV,2613.0,2000,0.9900000095367432,1.0299999713897705
dedup,VFX,23.0,2000,0.004999999888241291,4.039999961853027
dedup,VGG,2465.0,2000,0.9750000238418579,0.09000000357627869
dedup,VGY,4622.0,2000,3.569999933242798,4.934999942779541
dedup,VIA,2612.0,2000,1.0049999952316284,0.03500000014901161
dedup,VIG,2616.0,2000,0.9950000047683716,3.9800000190734863
dedup,VIK,2239.0,2000,0.8399999737739563,3.359999895095825
dedup,VIR,2563.0,2000,0.9900000095367432,3.9600000381469727
dedup,VIS,7.0,2000,0.004999999888241291,0.019999999552965164
dedup,VIT,2610.0,2000,0.9950000047683716,3.9800000190734863
dedup,VIV,9.0,2000,0.004999999888241291,0.07999999821186066
dedup,VIX,11.0,2000,0.004999999888241291,0.8949999809265137
dedup,VKG,181.0,2000,0.05999999865889549,0.32499998807907104
dedup,VKL,2602.0,2000,0.9950000047683716,1.8949999809265137
dedup,VKN,2606.0,2000,0.9900000095367432,0.009999999776482582
dedup,VKQ,5165.0,2000,3.984999895095825,8.994999885559082
dedup,VLD,4.0,2000,0.004999999888241291,0.029999999329447746
dedup,VLE,185.0,2000,0.10499999672174454,0.0
dedup,VLG,2606.0,2000,0.9950000047683716,0.0
dedup,VLH,2570.0,2000,0.9900000095367432,15.5649995803833
dedup,VLK,2575.0,2000,0.9750000238418579,0.9900000095367432
dedup,VLL,2520.0,2000,0.9700000286102295,3.880000114440918
dedup,VLN,2580.0,2000,0.9950000047683716,0.004999999888241291
dedup,VLP,4855.0,2000,3.565000057220459,14.260000228881836
dedup,VLS,2452.0,2000,0.9649999737739563,0.13500000536441803
dedup,VLT,2609.0,2000,0.9950000047683716,1.0399999618530273
dedup,VLY,7742.0,2000,8.925000190734863,0.0
dedup,VMV,2570.0,2000,0.9850000143051147,0.0
dedup,VNC,2623.0,2000,1.0099999904632568,0.9599999785423279
dedup,VNF,2781.0,2000,1.184999942779541,4.739999771118164
dedup,VNI,2591.0,2000,0.9950000047683716,8.1850004196167
dedup,VNL,2352.0,2000,0.9150000214576721,3.6600000858306885
dedup,VNN,7417.0,2000,8.15999984741211,0.02500000037252903
dedup,VNQ,2568.0,2000,1.0,0.9950000047683716
dedup,VNX,19.0,2000,0.009999999776482582,1.024999976158142
dedup,VPA,2613.0,2000,0.9950000047683716,0.20499999821186066
dedup,VPF,10.0,2000,0.004999999888241291,0.0
dedup,VPV,2606.0,2000,1.0099999904632568,0.1899999976158142
dedup,VQE,4.0,2000,0.004999999888241291,3654.570068359375
dedup,VQI,2577.0,2000,1.0,0.0
dedup,VQP,2177.0,2000,0.8700000047683716,3.4800000190734863
dedup,VRD,5031.0,2000,3.8499999046325684,0.0
dedup,VRF,2407.0,2000,0.9449999928474426,0.0
dedup,VRG,56.0,2000,0.009999999776482582,0.03999999910593033
dedup,VRH,3.0,2000,0.004999999888241291,0.9950000047683716
dedup,VRQ,2568.0,2000,0.9900000095367432,0.07999999821186066
dedup,VSA,4.0,2000,0.004999999888241291,1.0299999713897705
dedup,VSF,3.0,2000,0.004999999888241291,0.004999999888241291
dedup,VSG,3916.0,2000,2.569999933242798,10.279999732971191
dedup,VSI,116.0,2000,0.05000000074505806,0.9599999785423279
dedup,VSM,2558.0,2000,0.9800000190734863,1.0049999952316284
dedup,VSN,2613.0,2000,0.9900000095367432,3.9600000381469727
dedup,VSP,2551.0,2000,0.9900000095367432,3.9600000381469727
dedup,VSQ,2487.0,2000,1.0099999904632568,0.0
dedup,VSS,2414.0,2000,0.9449999928474426,0.009999999776482582
dedup,VSV,2624.0,2000,1.024999976158142,1.309999942779541
dedup,VSX,15.0,2000,0.019999999552965164,0.9950000047683716
dedup,VTI,2591.0,2000,0.9950000047683716,1.4800000190734863
dedup,VTL,2572.0,2000,1.0,4.0
dedup,VTQ,7731.0,2000,8.925000190734863,0.9200000166893005
dedup,VTT,2562.0,2000,0.9950000047683716,0.03500000014901161
dedup,VTW,2314.0,2000,0.8700000047683716,1.0399999618530273
dedup,VTX,11.0,2000,0.004999999888241291,0.019999999552965164
dedup,VTY,2617.0,2000,1.0,9.03499984741211
dedup,VVF,2616.0,2000,1.0,0.0
dedup,VVI,4851.0,2000,3.505000114440918,0.0
dedup,VVL,2457.0,2000,0.9649999737739563,0.9599999785423279
dedup,VVN,5070.0,2000,3.865000009536743,0.9950000047683716
dedup,VVS,21.0,2000,0.019999999552965164,0.009999999776482582
dedup,VVV,2463.0,2000,0.9649999737739563,0.0
dedup,VVX,26.0,2000,0.004999999888241291,8.8100004196167
dedup,VVY,9.0,2000,0.004999999888241291,0.0
dedup,VXA,6.0,2000,0.004999999888241291,3.609999895095825
dedup,VXF,4.0,2000,0.004999999888241291,3.0950000286102295
dedup,VXX,194.0,2000,0.07000000029802322,0.9950000047683716
dedup,VYA,5149.0,2000,3.9649999141693115,15.859999656677246
dedup,VYD,2616.0,2000,0.9950000047683716,8.90999984741211
dedup,VYF,2276.0,2000,0.8550000190734863,1.0199999809265137
dedup,VYH,870.0,2000,0.30000001192092896,0.0
dedup,VYI,3.0,2000,0.004999999888241291,0.019999999552965164
dedup,VYS,5078.0,2000,3.875,15.5
dedup,VYT,8.0,2000,0.004999999888241291,0.019999999552965164
dedup,VYX,28.0,2000,0.009999999776482582,0.03999999910593033
dedup,VYY,3846.0,2000,2.5999999046325684,2.2100000381469727
dedup,WFH,2306.0,2000,0.8650000095367432,3.4600000381469727
dedup,WFI,1.0,2000,0.004999999888241291,0.029999999329447746
dedup,WFL,23.0,2000,0.004999999888241291,0.019999999552965164
dedup,WFV,2589.0,2000,0.9850000143051147,0.0
dedup,WFX,10.0,2000,0.004999999888241291,0.0
dedup,WIF,2255.0,2000,0.8450000286102295,1.0
dedup,WIX,34.0,2000,0.019999999552965164,3.9549999237060547
dedup,WLC,7.0,2000,0.004999999888241291,0.02500000037252903
dedup,WLG,2578.0,2000,0.9900000095367432,0.004999999888241291
dedup,WMA,1.0,2000,0.004999999888241291,0.019999999552965164
dedup,WME,2314.0,2000,0.8849999904632568,0.0
dedup,WNR,2563.0,2000,0.9950000047683716,0.0
dedup,WNS,2597.0,2000,0.9950000047683716,3.9800000190734863
dedup,WPW,2560.0,2000,0.9800000190734863,1.0
dedup,WPX,38.0,2000,0.014999999664723873,0.0
dedup,WRV,2618.0,2000,1.0,1.0149999856948853
dedup,WTA,2182.0,2000,0.8899999856948853,1.0
dedup,WTE,4.0,2000,0.004999999888241291,0.019999999552965164
dedup,WTF,2563.0,2000,1.0,1.034999966621399
dedup,WTX,132.0,2000,0.04500000178813934,0.18000000715255737
dedup,WXF,2.0,2000,0.004999999888241291,0.019999999552965164
dedup,WXX,64.0,2000,0.009999999776482582,3.884999990463257
dedup,WYI,2556.0,2000,0.9800000190734863,0.0
dedup,XAA,27.0,2000,0.014999999664723873,0.9800000190734863
dedup,XAL,47.0,2000,0.009999999776482582,8.795000076293945
dedup,XAN,4.0,2000,0.004999999888241291,1.0449999570846558
dedup,XAP,9.0,2000,0.004999999888241291,1.0
dedup,XAS,35.0,2000,0.014999999664723873,0.0
dedup,XAT,10.0,2000,0.004999999888241291,1.034999966621399
dedup,XAV,56.0,2000,0.019999999552965164,0.07999999821186066
dedup,XAW,4.0,2000,0.004999999888241291,0.3449999988079071
dedup,XAY,17.0,2000,0.009999999776482582,0.03999999910593033
dedup,XCG,8.0,2000,0.004999999888241291,3.859999895095825
dedup,XCN,14.0,2000,0.009999999776482582,0.0
dedup,XCV,10.0,2000,0.004999999888241291,1.2799999713897705
dedup,XDD,3.0,2000,0.004999999888241291,3.674999952316284
dedup,XDG,6.0,2000,0.009999999776482582,0.0
dedup,XDI,4.0,2000,0.004999999888241291,1.7450000047683716
dedup,XDL,18.0,2000,0.004999999888241291,1.0
dedup,XDP,25.0,2000,0.004999999888241291,0.0
dedup,XDS,12.0,2000,0.004999999888241291,0.02500000037252903
dedup,XDV,2.0,2000,0.004999999888241291,0.9649999737739563
dedup,XEK,19.0,2000,0.004999999888241291,0.9900000095367432
dedup,XEL,1.0,2000,0.004999999888241291,0.0
dedup,XES,15.0,2000,0.004999999888241291,0.019999999552965164
dedup,XEV,8.0,2000,0.004999999888241291,0.009999999776482582
dedup,XEY,3.0,2000,0.004999999888241291,0.0
dedup,XFC,5.0,2000,0.004999999888241291,1.0149999856948853
dedup,XFD,6.0,2000,0.004999999888241291,0.0
dedup,XFE,14.0,2000,0.004999999888241291,1.0
dedup,XFG,10.0,2000,0.02500000037252903,1.159999966621399
dedup,XFH,6.0,2000,0.004999999888241291,0.0
dedup,XFI,13.0,2000,0.004999999888241291,0.029999999329447746
dedup,XFL,38.0,2000,0.009999999776482582,0.03999999910593033
dedup,XFN,17.0,2000,0.004999999888241291,0.9449999928474426
dedup,XFQ,19.0,2000,0.009999999776482582,4.514999866485596
dedup,XFV,5.0,2000,0.009999999776482582,0.0
dedup,XGI,27.0,2000,0.009999999776482582,0.054999999701976776
dedup,XGN,7.0,2000,0.004999999888241291,0.0
dedup,XGT,21.0,2000,0.009999999776482582,0.03999999910593033
dedup,XGV,39.0,2000,0.004999999888241291,0.0
dedup,XGW,13.0,2000,0.004999999888241291,0.019999999552965164
dedup,XGX,17.0,2000,0.004999999888241291,1.024999976158142
dedup,XHA,23.0,2000,0.004999999888241291,1.0099999904632568
dedup,XHK,24.0,2000,0.004999999888241291,3.490000009536743
dedup,XIA,13.0,2000,0.009999999776482582,0.0
dedup,XIE,3.0,2000,0.004999999888241291,1.024999976158142
dedup,XIL,5.0,2000,0.004999999888241291,0.0
dedup,XIP,2.0,2000,0.004999999888241291,1.0399999618530273
dedup,XIS,14.0,2000,0.009999999776482582,0.03999999910593033
dedup,XIV,13.0,2000,0.004999999888241291,0.0
dedup,XIX,21.0,2000,0.004999999888241291,1.0
dedup,XIY,18.0,2000,0.004999999888241291,0.019999999552965164
dedup,XKM,3.0,2000,0.004999999888241291,0.949999988079071
dedup,XKN,25.0,2000,0.014999999664723873,0.06499999761581421
dedup,XKQ,5.0,2000,0.004999999888241291,0.019999999552965164
dedup,XKS,91.0,2000,0.014999999664723873,0.05999999865889549
dedup,XKT,11.0,2000,0.02500000037252903,0.0
dedup,XKV,60.0,2000,0.014999999664723873,0.9950000047683716
dedup,XLA,6.0,2000,0.004999999888241291,0.019999999552965164
dedup,XLD,16.0,2000,0.004999999888241291,0.019999999552965164
dedup,XLE,16.0,2000,0.004999999888241291,0.699999988079071
dedup,XLF,12.0,2000,0.004999999888241291,0.05999999865889549
dedup,XLG,9.0,2000,0.009999999776482582,0.004999999888241291
dedup,XLH,66.0,2000,0.02500000037252903,0.10000000149011612
dedup,XLI,25.0,2000,0.004999999888241291,0.019999999552965164
dedup,XLK,22.0,2000,0.02500000037252903,0.10000000149011612
dedup,XLP,15.0,2000,0.004999999888241291,0.019999999552965164
dedup,XLQ,52.0,2000,0.014999999664723873,2.994999885559082
dedup,XLS,12.0,2000,0.004999999888241291,0.004999999888241291
dedup,XMQ,2.0,2000,0.004999999888241291,1.0449999570846558
dedup,XMT,2.0,2000,0.004999999888241291,0.9750000238418579
dedup,XNA,5.0,2000,0.009999999776482582,0.03999999910593033
dedup,XNC,9.0,2000,0.004999999888241291,0.27000001072883606
dedup,XND,38.0,2000,0.019999999552965164,0.0
dedup,XNG,12.0,2000,0.004999999888241291,0.019999999552965164
dedup,XNI,19.0,2000,0.009999999776482582,0.9900000095367432
dedup,XNK,17.0,2000,0.009999999776482582,1.899999976158142
dedup,XNL,29.0,2000,0.004999999888241291,0.0
dedup,XNN,52.0,2000,0.004999999888241291,1.059999942779541
dedup,XNQ,30.0,2000,0.004999999888241291,3.640000104904175
dedup,XNS,13.0,2000,0.009999999776482582,0.03999999910593033
dedup,XPA,29.0,2000,0.004999999888241291,0.019999999552965164
dedup,XPE,2.0,2000,0.004999999888241291,1.0
dedup,XPF,28.0,2000,0.014999999664723873,0.9950000047683716
dedup,XPL,14.0,2000,0.009999999776482582,0.0
dedup,XPR,16.0,2000,0.004999999888241291,0.9900000095367432
dedup,XPT,106.0,2000,0.029999999329447746,0.0
dedup,XQF,25.0,2000,0.004999999888241291,0.0
dedup,XQL,12.0,2000,0.004999999888241291,0.019999999552965164
dedup,XQP,111.0,2000,0.03500000014901161,1.0049999952316284
dedup,XQS,16.0,2000,0.004999999888241291,0.02500000037252903
dedup,XQT,15.0,2000,0.009999999776482582,1.0750000476837158
dedup,XQX,11.0,2000,0.004999999888241291,0.0
dedup,XRF,182.0,2000,0.05000000074505806,0.23499999940395355
dedup,XRG,6.0,2000,0.004999999888241291,0.9900000095367432
dedup,XRK,4.0,2000,0.004999999888241291,0.4000000059604645
dedup,XRT,15.0,2000,0.009999999776482582,0.0
dedup,XRV,19.0,2000,0.004999999888241291,0.0
dedup,XSE,19.0,2000,0.004999999888241291,0.9850000143051147
dedup,XSF,27.0,2000,0.004999999888241291,0.0
dedup,XSG,58.0,2000,0.009999999776482582,0.03999999910593033
dedup,XSK,13.0,2000,0.014999999664723873,0.12999999523162842
dedup,XSN,33.0,2000,0.009999999776482582,1.1050000190734863
dedup,XSQ,9.0,2000,0.004999999888241291,0.019999999552965164
dedup,XSS,11.0,2000,0.009999999776482582,1.100000023841858
dedup,XST,18.0,2000,0.029999999329447746,0.11999999731779099
dedup,XSV,13.0,2000,0.009999999776482582,0.05000000074505806
dedup,XSW,6.0,2000,0.004999999888241291,3.944999933242798
dedup,XSX,25.0,2000,0.004999999888241291,0.02500000037252903
dedup,XTA,9.0,2000,0.004999999888241291,0.0
dedup,XTE,38.0,2000,0.014999999664723873,0.0
dedup,XTF,7.0,2000,0.009999999776482582,0.07999999821186066
dedup,XTH,1.0,2000,0.004999999888241291,0.019999999552965164
dedup,XTI,7.0,2000,0.004999999888241291,1.2899999618530273
dedup,XTK,19.0,2000,0.009999999776482582,0.07500000298023224
dedup,XTM,2.0,2000,0.004999999888241291,4.46999979019165
dedup,XTN,31.0,2000,0.004999999888241291,8.635000228881836
dedup,XTP,6.0,2000,0.004999999888241291,0.019999999552965164
dedup,XTQ,13.0,2000,0.014999999664723873,1.0
dedup,XTR,18.0,2000,0.004999999888241291,3.9700000286102295
dedup,XTT,10.0,2000,0.014999999664723873,4.21999979019165
dedup,XVA,5.0,2000,0.004999999888241291,0.9950000047683716
dedup,XVC,43.0,2000,0.004999999888241291,0.0
dedup,XVK,5.0,2000,0.004999999888241291,4.059999942779541
dedup,XVN,15.0,2000,0.019999999552965164,0.0
dedup,XVQ,19.0,2000,0.004999999888241291,2.5899999141693115
dedup,XVV,58.0,2000,0.03500000014901161,0.004999999888241291
dedup,XVX,23.0,2000,0.004999999888241291,0.9700000286102295
dedup,XVY,146.0,2000,0.05999999865889549,0.0
dedup,XWM,11.0,2000,0.009999999776482582,0.9950000047683716
dedup,XXA,186.0,2000,0.07999999821186066,0.9649999737739563
dedup,XXC,92.0,2000,0.014999999664723873,0.25
dedup,XXD,95.0,2000,0.02500000037252903,0.0
dedup,XXE,79.0,2000,0.03500000014901161,0.0
dedup,XXF,142.0,2000,0.03500000014901161,1.2350000143051147
dedup,XXG,148.0,2000,0.03500000014901161,0.8999999761581421
dedup,XXH,55.0,2000,0.004999999888241291,1.0399999618530273
dedup,XXI,109.0,2000,0.029999999329447746,0.0
dedup,XXK,200.0,2000,0.05000000074505806,0.20000000298023224
dedup,XXL,247.0,2000,0.14000000059604645,1.0
dedup,XXM,9.0,2000,0.019999999552965164,0.0
dedup,XXN,238.0,2000,0.07500000298023224,0.9649999737739563
dedup,XXP,211.0,2000,0.07000000029802322,0.2800000011920929
dedup,XXQ,180.0,2000,0.07000000029802322,0.2800000011920929
dedup,XXR,220.0,2000,0.05000000074505806,1.4149999618530273
dedup,XXS,224.0,2000,0.11999999731779099,5.085000038146973
dedup,XXT,202.0,2000,0.16500000655651093,5.184999942779541
dedup,XXV,275.0,2000,0.0949999988079071,0.0
dedup,XXW,17.0,2000,0.004999999888241291,0.9800000190734863
dedup,XXX,118795.0,2000,3654.550048828125,0.004999999888241291
dedup,XXY,415.0,2000,0.125,0.9950000047683716
dedup,XYF,8.0,2000,0.004999999888241291,0.0
dedup,XYG,9.0,2000,0.004999999888241291,30.1200008392334
dedup,XYH,72.0,2000,0.009999999776482582,0.9750000238418579
dedup,XYI,41.0,2000,0.014999999664723873,0.0
dedup,XYN,45.0,2000,0.014999999664723873,0.05999999865889549
dedup,XYR,14.0,2000,0.004999999888241291,0.0
dedup,XYV,11.0,2000,0.004999999888241291,0.02500000037252903
dedup,XYY,216.0,2000,0.08500000089406967,0.3400000035762787
dedup,YAD,2565.0,2000,0.9900000095367432,8.095000267028809
dedup,YAW,2584.0,2000,0.9950000047683716,0.0
dedup,YDP,2587.0,2000,0.9800000190734863,3.9200000762939453
dedup,YDX,30.0,2000,0.014999999664723873,0.0
dedup,YEC,2589.0,2000,0.9950000047683716,0.9950000047683716
dedup,YEN,2565.0,2000,1.0,1.149999976158142
dedup,YEP,2616.0,2000,0.9950000047683716,0.8949999809265137
dedup,YEQ,2598.0,2000,0.9950000047683716,0.9900000095367432
dedup,YEV,2.0,2000,0.004999999888241291,0.03500000014901161
dedup,YEX,4.0,2000,0.004999999888241291,0.019999999552965164
dedup,YFA,2274.0,2000,0.8550000190734863,0.0
dedup,YFK,5102.0,2000,3.9100000858306885,0.0
dedup,YFN,1.0,2000,0.004999999888241291,0.9850000143051147
dedup,YFP,2456.0,2000,0.9649999737739563,0.0
dedup,YGD,2571.0,2000,1.0,0.9950000047683716
dedup,YGF,2465.0,2000,0.9800000190734863,3.9200000762939453
dedup,YGL,2.0,2000,0.004999999888241291,0.0
dedup,YGS,2569.0,2000,0.9950000047683716,3.9800000190734863
dedup,YGV,3631.0,2000,2.059999942779541,14.640000343322754
dedup,YHK,2455.0,2000,0.9399999976158142,0.9850000143051147
dedup,YHL,2609.0,2000,1.0,4.0
dedup,YHT,13.0,2000,0.009999999776482582,3.5350000858306885
dedup,YIC,2564.0,2000,0.9950000047683716,3.9800000190734863
dedup,YIK,2601.0,2000,0.9950000047683716,3.9800000190734863
dedup,YIW,2595.0,2000,0.9950000047683716,0.9950000047683716
dedup,YKL,2606.0,2000,1.0,0.0
dedup,YKN,2.0,2000,0.004999999888241291,0.019999999552965164
dedup,YKT,2554.0,2000,1.0099999904632568,0.004999999888241291
dedup,YLE,1.0,2000,0.004999999888241291,0.0
dedup,YLQ,2154.0,2000,0.8949999809265137,3.9700000286102295
dedup,YLT,2553.0,2000,0.9850000143051147,0.0
dedup,YLY,1682.0,2000,0.6349999904632568,2.5399999618530273
dedup,YNE,2174.0,2000,0.8899999856948853,1.8849999904632568
dedup,YNQ,1.0,2000,0.004999999888241291,0.03500000014901161
dedup,YNS,2555.0,2000,0.9900000095367432,1.0149999856948853
dedup,YNT,8.0,2000,0.004999999888241291,0.0
dedup,YNX,15.0,2000,0.004999999888241291,3.9600000381469727
dedup,YNY,5073.0,2000,3.924999952316284,0.6349999904632568
dedup,YPD,2525.0,2000,0.9800000190734863,3.9049999713897705
dedup,YPF,89.0,2000,0.04500000178813934,0.0
dedup,YPX,5.0,2000,0.004999999888241291,1.190000057220459
dedup,YQA,2455.0,2000,0.9599999785423279,3.8399999141693115
dedup,YQD,5.0,2000,0.004999999888241291,0.0
dedup,YQG,2600.0,2000,0.9850000143051147,3.940000057220459
dedup,YQP,2460.0,2000,0.9599999785423279,1.309999942779541
dedup,YQT,4756.0,2000,3.5350000858306885,7.760000228881836
dedup,YQX,15.0,2000,0.009999999776482582,0.02500000037252903
dedup,YRF,2572.0,2000,1.0,0.004999999888241291
dedup,YRL,2462.0,2000,0.9700000286102295,1.0149999856948853
dedup,YRV,2470.0,2000,0.9599999785423279,0.0
dedup,YRY,779.0,2000,0.33500000834465027,0.0
dedup,YSK,2492.0,2000,0.9800000190734863,0.0
dedup,YSN,2578.0,2000,0.9950000047683716,0.009999999776482582
dedup,YSP,7.0,2000,0.004999999888241291,1.0299999713897705
dedup,YSS,2467.0,2000,0.949999988079071,3.799999952316284
dedup,YST,2627.0,2000,1.0,3.984999895095825
dedup,YSV,2556.0,2000,0.9950000047683716,0.0
dedup,YTM,2577.0,2000,1.0,0.0
dedup,YTN,2512.0,2000,0.9850000143051147,3.990000009536743
dedup,YTS,2565.0,2000,1.0,0.0
dedup,YTX,2615.0,2000,1.0099999904632568,0.0
dedup,YVF,1.0,2000,0.004999999888241291,3.940000057220459
dedup,YVG,2170.0,2000,0.8949999809265137,3.5799999237060547
dedup,YVN,93.0,2000,0.03500000014901161,1.274999976158142
dedup,YVP,2616.0,2000,1.0,4.074999809265137
dedup,YVS,2479.0,2000,0.9649999737739563,1.0850000381469727
dedup,YVT,2573.0,2000,1.0,13.725000381469727
dedup,YVX,12.0,2000,0.004999999888241291,0.0
dedup,YXT,8.0,2000,0.009999999776482582,1.0800000429153442
dedup,YXX,133.0,2000,0.03500000014901161,0.14000000059604645
dedup,YXY,3.0,2000,0.004999999888241291,0.02500000037252903
dedup,YYH,1514.0,2000,0.6299999952316284,2.5199999809265137
dedup,YYK,2.0,2000,0.004999999888241291,0.02500000037252903
dedup,YYP,2531.0,2000,0.9850000143051147,8.829999923706055
dedup,YYV,2170.0,2000,0.8999999761581421,0.9900000095367432
