accuracy,balanced_accuracy,precision_weighted,recall_weighted,f1_weighted,precision_macro,recall_macro,f1_macro,mcc,kappa,roc_auc_ovr_macro,roc_auc_available,roc_auc_ovr_weighted,roc_auc_ovo_macro,roc_auc_hardlabel_ovr_weighted,roc_auc_hardlabel_ovr_macro,train_time,test_time,classifier,corpus,embedding,split,m,k,dim
0.5931558935361216,0.26385356628255374,0.5947957222475382,0.5931558935361216,0.5716048150507101,0.4130444886061925,0.26385356628255374,0.2928262277104505,0.4890489679221902,0.484133062298608,0.6389954652155191,True,0.7812351460990438,0.6326114945356259,0.7559637507416298,0.6208342263568055,0.1560045910300687,3.0291095779975876,NB,dedup,Murmur2Vec,0,28129,3,28129
0.5538656527249683,0.21913366998655215,0.5797549290640451,0.5538656527249683,0.5363287887078281,0.39993834990682847,0.21913366998655215,0.24923824793764612,0.43919108470510393,0.4328597771283993,0.6024477987828941,True,0.7440724891687529,0.5960069814844433,0.7337256057594298,0.5974634534368864,0.15739345701877028,3.0316415159613825,NB,dedup,Murmur2Vec,1,28129,3,28129
0.550063371356147,0.28877854042036,0.6088348360700226,0.550063371356147,0.5545905794353463,0.5218290301294753,0.28877854042036,0.33893189366664317,0.4434796753133182,0.44004518102396994,0.6429456619497184,True,0.7496836219150073,0.6378586312041277,0.7347382028324569,0.6323319157934734,0.15655911003705114,3.0350013179704547,NB,dedup,Murmur2Vec,2,28129,3,28129
0.596958174904943,0.32375541539477976,0.5999825852137254,0.596958174904943,0.5685296999758161,0.5604166466638212,0.32375541539477976,0.37113395610492844,0.48897589251327694,0.48126339989952016,0.6660658442756384,True,0.7715409484130303,0.6608166788004962,0.7496699982871778,0.650499071255898,0.15784261998487636,3.0362839580047876,NB,dedup,Murmur2Vec,3,28129,3,28129
0.5386565272496832,0.29521410042935087,0.5936897997644175,0.5386565272496832,0.5409205745544338,0.5845720589407594,0.29521410042935087,0.35833205964751963,0.42484067818844834,0.42234308310571356,0.6462051510087163,True,0.7401202288616875,0.6423457849052652,0.7213373537505079,0.634940566294244,0.15638667903840542,3.0366673600510694,NB,dedup,Murmur2Vec,4,28129,3,28129
0.6869455006337135,0.46912754797862805,0.6834641951271831,0.6869455006337135,0.67616146707782,0.5394484264185985,0.46912754797862805,0.482290566392094,0.6157936268330807,0.6139715276691078,0.8418666915448031,True,0.9087029368691548,0.8324740123364737,0.8262153765254762,0.7266644729222903,0.002462517993990332,0.6689833090058528,KNN,dedup,Murmur2Vec,0,28129,3,28129
0.7122940430925222,0.49237245054102186,0.7086348129901091,0.7122940430925222,0.7002701059308496,0.5981395267703471,0.49237245054102186,0.5269436881176963,0.6458550268984264,0.6432744111935468,0.8460187460341928,True,0.9201077068851922,0.836178534431195,0.8372746424334214,0.7387896181083936,0.0024375920183956623,0.655337464006152,KNN,dedup,Murmur2Vec,1,28129,3,28129
0.7072243346007605,0.5459712651041011,0.7029964993954502,0.7072243346007605,0.69574654248703,0.592893868638096,0.5459712651041011,0.556324568533516,0.6407152505087748,0.6383936542956118,0.8722273581523777,True,0.9149580342560216,0.8659872875008147,0.8352996829852793,0.7654992545059268,0.002368193003349006,0.6605933139799163,KNN,dedup,Murmur2Vec,2,28129,3,28129
0.6907477820025348,0.4863552844991841,0.7047137362016744,0.6907477820025348,0.6881897057807005,0.5665713046831673,0.4863552844991841,0.5094396960027523,0.6231687892154543,0.62052278743749,0.8348042851818591,True,0.9096832733823393,0.8247729689535946,0.8293769621198666,0.7354220496186769,0.002479458984453231,0.6823555059963837,KNN,dedup,Murmur2Vec,3,28129,3,28129
0.7046894803548795,0.5118095707059247,0.6942757002282344,0.7046894803548795,0.6924596931639588,0.5545309376590152,0.5118095707059247,0.5210969751695514,0.6371961192718504,0.6357708790261705,0.8722444680596401,True,0.9144111670047549,0.8643055173109306,0.8339772823651986,0.7483582981877442,0.0022494439617730677,0.6439697350142524,KNN,dedup,Murmur2Vec,4,28129,3,28129
0.7845373891001267,0.6353171515389819,0.7684187178252808,0.7845373891001267,0.7665858692279565,0.65555875276986,0.6353171515389819,0.6203048058584024,0.7368020096172738,0.735097899031872,0.9453277604767888,True,0.9736619543827462,0.9327140493400724,0.8824549431626633,0.812315618640521,0.3588996200123802,0.06931180297397077,RF,dedup,Murmur2Vec,0,28129,3,28129
0.8048162230671736,0.6689609300160908,0.78382251948144,0.8048162230671736,0.7903758078308664,0.6639027721865948,0.6689609300160908,0.6595176770756049,0.760823433087943,0.7600914569133687,0.9694107122608329,True,0.97836835919739,0.9574703257224333,0.8931833001743044,0.8296251604705137,0.3602208509691991,0.05997102503897622,RF,dedup,Murmur2Vec,1,28129,3,28129
0.7858048162230672,0.6321739377814706,0.7642171706194604,0.7858048162230672,0.7639272058001174,0.6312413466389285,0.6321739377814706,0.6150548515662099,0.7390228012830067,0.7368941349181919,0.970147333980396,True,0.9793427084154018,0.9591470850297255,0.8836704351130173,0.8107992613958724,0.3674807790084742,0.048498380987439305,RF,dedup,Murmur2Vec,2,28129,3,28129
0.7946768060836502,0.6400977395378767,0.7794071569023293,0.7946768060836502,0.7816876986147971,0.659957945696075,0.6400977395378767,0.6407452509701765,0.7481572550440809,0.7472953736654804,0.9396803073107243,True,0.9756221922252639,0.9267286128824778,0.8870728379953587,0.8149158169505454,0.359693082049489,0.05960597802186385,RF,dedup,Murmur2Vec,3,28129,3,28129
0.7972116603295311,0.6555213855420262,0.7815324669712597,0.7972116603295311,0.7778707599287219,0.652476127284945,0.6555213855420262,0.6295792934643797,0.7518775168419743,0.7508304664231027,0.9726131896442297,True,0.9780709762437878,0.9586052780890026,0.8897668701133292,0.8227500959579825,0.3498955959803425,0.05904066900257021,RF,dedup,Murmur2Vec,4,28129,3,28129
0.7820025348542459,0.6369759818277158,0.7814360280402122,0.7820025348542459,0.7723844590064224,0.6515199106000876,0.6369759818277158,0.6314929405008686,0.7349956371616134,0.7327825210295832,0.9770983771274121,True,0.9788436001143475,0.9607226349790439,0.8820865196951541,0.8131282872636376,53.026662955002394,0.03993268497288227,MLP,dedup,Murmur2Vec,0,28129,3,28129
0.7858048162230672,0.6690598463165753,0.7720720413021113,0.7858048162230672,0.7755116509777058,0.6644971059659285,0.6690598463165753,0.6596787590166113,0.738381705071376,0.737381754727349,0.9757284828923392,True,0.9794983192281883,0.961522821273119,0.8840638179231984,0.8292600967002514,38.11484132905025,0.03668624098645523,MLP,dedup,Murmur2Vec,1,28129,3,28129
0.7972116603295311,0.6690138027714021,0.7852490212352427,0.7972116603295311,0.7883351943345259,0.6639444590624749,0.6690138027714021,0.6597654212046978,0.7521032605184134,0.751612433544914,0.9753048576576309,True,0.980017042075531,0.9580214943941038,0.8909419312407457,0.8295497164420986,46.316623451013584,0.039200906991027296,MLP,dedup,Murmur2Vec,2,28129,3,28129
0.7896070975918885,0.6428255946797754,0.7737437895647264,0.7896070975918885,0.7760963335554528,0.6482487640737371,0.6428255946797754,0.6382128693986486,0.7428594789668167,0.741473341794689,0.974173243772061,True,0.9778732411810648,0.953169531332884,0.8852818075515946,0.8161983340467784,46.856884476030245,0.03920416400069371,MLP,dedup,Murmur2Vec,3,28129,3,28129
0.7959442332065906,0.6751732674295461,0.7893340635745619,0.7959442332065906,0.7817933244566104,0.694354689572017,0.6751732674295461,0.6628365241247941,0.7513282144179408,0.7496955653027204,0.9754429866058021,True,0.9793490909783801,0.960984987645354,0.8897440999573752,0.8325750018946537,41.07762936502695,0.046842203999403864,MLP,dedup,Murmur2Vec,4,28129,3,28129
0.7934093789607097,0.6520212267133156,0.7828499673709788,0.7934093789607097,0.7835443685383655,0.67192168309619,0.6520212267133156,0.641405291348777,0.7470662376133864,0.7466461000200939,0.9763460731127336,True,0.9813808318319506,0.9628274211154414,0.8883505997074226,0.8209356406160861,195.84624229499605,0.019224697025492787,LR,dedup,Murmur2Vec,0,28129,3,28129
0.7946768060836502,0.6695215100245963,0.7823075004131101,0.7946768060836502,0.7866173977015799,0.6720042599186873,0.6695215100245963,0.6675150603955768,0.7486194584924888,0.7482748026657844,0.97630605312455,True,0.9821481139986539,0.9641769254988317,0.8890790223591669,0.8297188923922602,185.99507634801557,0.019869031035341322,LR,dedup,Murmur2Vec,1,28129,3,28129
0.7997465145754119,0.6630700198017059,0.7858924220882818,0.7997465145754119,0.7889321209703167,0.6460022345301927,0.6630700198017059,0.6480654059496531,0.7552772304736651,0.7546434159638643,0.9768235415568342,True,0.9816282695341826,0.9568319307607611,0.8920547531557455,0.8266284077715688,193.43169284198666,0.01945284998510033,LR,dedup,Murmur2Vec,2,28129,3,28129
0.7997465145754119,0.6694179138915176,0.7837441295724646,0.7997465145754119,0.7879800337418684,0.6713371281232029,0.6694179138915176,0.6635856987650838,0.7545328388763858,0.7540824499039307,0.9792615686496636,True,0.9817749695738283,0.96078021525706,0.8906317741108218,0.8297376739507961,190.78187217802042,0.018947972974274307,LR,dedup,Murmur2Vec,3,28129,3,28129
0.8060836501901141,0.6677074952826536,0.7951863820310328,0.8060836501901141,0.7942679277344795,0.6691331766458121,0.6677074952826536,0.6548976140153454,0.7629180722548251,0.7624256331636238,0.9756329960782323,True,0.9800083786934581,0.961307390760022,0.8955526507181724,0.8291061408557892,178.42386701400392,0.019992984016425908,LR,dedup,Murmur2Vec,4,28129,3,28129
0.7731305449936628,0.6269553648340832,0.767051019169349,0.7731305449936628,0.7645109523363318,0.639623286900236,0.6269553648340832,0.6111720632728598,0.7227539599473227,0.7221672492922918,0.8079534641284816,True,0.878467197651678,0.8045956672940435,0.878467197651678,0.8079534641284816,0.5014231980312616,0.003602648968808353,DT,dedup,Murmur2Vec,0,28129,3,28129
0.7667934093789607,0.624556818005713,0.7650076650944493,0.7667934093789607,0.7626491713848694,0.6540474621689064,0.624556818005713,0.6302328078443815,0.7151563330152351,0.7144947373389343,0.8065860796535277,True,0.874768754314767,0.8033392856220402,0.874768754314767,0.8065860796535277,0.485054676013533,0.003611917025409639,DT,dedup,Murmur2Vec,1,28129,3,28129
0.7667934093789607,0.6183972243084453,0.7556441454430246,0.7667934093789607,0.7579142596509534,0.5957117596601145,0.6183972243084453,0.5991665228717403,0.7151181260179778,0.7146053058376008,0.8035198815007984,True,0.8750679256246677,0.8001128317806142,0.8750679256246677,0.8035198815007984,0.4981131029780954,0.0036194210406392813,DT,dedup,Murmur2Vec,2,28129,3,28129
0.7845373891001267,0.6145942017696517,0.7738802996413289,0.7845373891001267,0.775334398476326,0.6365533212018544,0.6145942017696517,0.6176458648920585,0.7359822192392093,0.7354443087883455,0.8019932358303606,True,0.8833149688017672,0.7981207723555318,0.8833149688017672,0.8019932358303606,0.4872589890146628,0.0035642280126921833,DT,dedup,Murmur2Vec,3,28129,3,28129
0.7807351077313055,0.659150174500035,0.7812237619705511,0.7807351077313055,0.7763710803338162,0.6757284147363563,0.659150174500035,0.6467839534383416,0.7320680061612314,0.7318593458402907,0.8242386207539899,True,0.8825977370873943,0.821459615214304,0.8825977370873943,0.8242386207539899,0.5172594439936802,0.0036010670010000467,DT,dedup,Murmur2Vec,4,28129,3,28129
0.5982256020278834,0.2729469352078366,0.6041069669217766,0.5982256020278834,0.5762314128302916,0.45074450014917616,0.2729469352078366,0.3036628043372139,0.49496594901202046,0.4900897852005285,0.6429293838368321,True,0.7815039681683972,0.6367175874600473,0.7581817848191362,0.6254817305502427,0.018624541989993304,0.24852508399635553,NB,dedup,Spike2Vec,0,28129,3,3492
0.5538656527249683,0.2305924484133423,0.580587703571274,0.5538656527249683,0.5387235398211443,0.4029944590394569,0.2305924484133423,0.26345484365457855,0.43957985323926774,0.4331676752421092,0.6077934131300967,True,0.743577119237321,0.6017778189544364,0.7337523355963987,0.603194057642871,0.015903660038020462,0.24477263703010976,NB,dedup,Spike2Vec,1,28129,3,3492
0.550063371356147,0.28936698279733997,0.6100726390606841,0.550063371356147,0.5545579701531972,0.5223030342850952,0.28936698279733997,0.33889748956338644,0.44360523261501633,0.44015822158617335,0.6445413454151239,True,0.7493946101402553,0.6394365912336947,0.7345319572900247,0.6326167621845801,0.017286386981140822,0.24395800399361178,NB,dedup,Spike2Vec,2,28129,3,3492
0.605830164765526,0.3380074625298286,0.6041764079824828,0.605830164765526,0.5791549119361142,0.5613755693018315,0.3380074625298286,0.38795883219671357,0.5007130573779295,0.4933431066878653,0.6724952439876255,True,0.7745155635873353,0.6673585758860998,0.7552144432859839,0.6578771150506408,0.01729275897378102,0.24374036095105112,NB,dedup,Spike2Vec,3,28129,3,3492
0.5399239543726235,0.29872398662884864,0.5980032859927092,0.5399239543726235,0.5444369157862022,0.5836932800648976,0.29872398662884864,0.36040888564253293,0.42843935555345686,0.4260863815069673,0.6468030485584053,True,0.7410968737241901,0.6427459518532697,0.7235541404770567,0.6367962724270178,0.017109489010181278,0.24350917100673541,NB,dedup,Spike2Vec,4,28129,3,3492
0.6996197718631179,0.49131680386512183,0.7016441149184218,0.6996197718631179,0.6900703789980065,0.5959793658363426,0.49131680386512183,0.5143342422121857,0.6316060532541741,0.6296420267063843,0.8449186289888182,True,0.9109117636413029,0.8360527329653439,0.8331109210447113,0.7380725347073206,0.002236882981378585,0.7441367220017128,KNN,dedup,Spike2Vec,0,28129,3,3492
0.7135614702154626,0.48244434512882867,0.7109528342905393,0.7135614702154626,0.7003033938072939,0.6010984074172021,0.48244434512882867,0.5200254587127772,0.647728647412392,0.6446165528319825,0.8460643191446656,True,0.9202549375229662,0.8357828541075507,0.8378372558596452,0.7338511387398529,0.0020927359582856297,0.6633216839982197,KNN,dedup,Spike2Vec,1,28129,3,3492
0.7122940430925222,0.5398525523372589,0.7087748901476827,0.7122940430925222,0.7009159823725897,0.6254118963393758,0.5398525523372589,0.5640586267168413,0.6467545811253718,0.6445804889665027,0.8780609875418595,True,0.9162368330239714,0.8721978965874105,0.8378129308429564,0.7625541366614911,0.002202679985202849,0.6448051020270213,KNN,dedup,Spike2Vec,2,28129,3,3492
0.6856780735107731,0.483235871001259,0.6995168629659195,0.6856780735107731,0.6831410295236817,0.5610118829221256,0.483235871001259,0.5057949383193912,0.6170441521468655,0.6143565810193716,0.838736425171748,True,0.9149112488655394,0.8283662451950145,0.8264037070236927,0.7337271949107973,0.002195365959778428,0.7430107109830715,KNN,dedup,Spike2Vec,3,28129,3,3492
0.6945500633713562,0.5024745319784754,0.6938169863287038,0.6945500633713562,0.6818463583622462,0.5692375677597805,0.5024745319784754,0.5103835519554969,0.6248551904458005,0.623262172470157,0.8710139323101248,True,0.913786541589203,0.8623900129071054,0.8284529953920922,0.7434396748706963,0.0021835140069015324,0.6698068749974482,KNN,dedup,Spike2Vec,4,28129,3,3492
0.7908745247148289,0.6494407555570098,0.7817397432573039,0.7908745247148289,0.7760961559235758,0.676337745113872,0.6494407555570098,0.6344867281546518,0.7445651765839546,0.7430991885577165,0.944533445278198,True,0.9750093340443202,0.9320107195733002,0.8861768269265458,0.8195465971842569,0.2368964120396413,0.048403226013761014,RF,dedup,Spike2Vec,0,28129,3,3492
0.8073510773130546,0.6723450326986874,0.791119454667816,0.8073510773130546,0.7953950694247102,0.6721674987696864,0.6723450326986874,0.666068486714809,0.7640966642254466,0.763433224447285,0.9460524213446072,True,0.9769091025157131,0.9358564092343241,0.8951992226018382,0.8314088446494271,0.23476683703484014,0.04837227804819122,RF,dedup,Spike2Vec,1,28129,3,3492
0.7959442332065906,0.6591317929715754,0.7702609740582345,0.7959442332065906,0.7698621383239795,0.6282786641284414,0.6591317929715754,0.6267708417972888,0.7521540737773056,0.749658075526879,0.952275880921572,True,0.9752578786985148,0.9423020325973478,0.8898431173416034,0.8245587654558605,0.23175249999621883,0.04867466998985037,RF,dedup,Spike2Vec,2,28129,3,3492
0.7984790874524715,0.652102196196178,0.7817072912372487,0.7984790874524715,0.7844382853141166,0.6579997041529979,0.652102196196178,0.6448717593964981,0.753194305193349,0.7523525823625908,0.9384724620173152,True,0.9768336317620167,0.9262073528869326,0.8901133203252647,0.8210562490219647,0.2364311579731293,0.0481493950355798,RF,dedup,Spike2Vec,3,28129,3,3492
0.8060836501901141,0.6826214360522864,0.7966980231199359,0.8060836501901141,0.7922238959431762,0.6640867046114433,0.6826214360522864,0.6540363138703612,0.7632381063232531,0.7623250667443711,0.9585359549109701,True,0.975953408668842,0.9470304588535966,0.8954695177891735,0.8365593324711057,0.22770274197682738,0.049010351998731494,RF,dedup,Spike2Vec,4,28129,3,3492
0.7934093789607097,0.6154296380225035,0.7894965375504985,0.7934093789607097,0.7786798436597584,0.648482643252186,0.6154296380225035,0.6135203995572933,0.7484598353403125,0.7460382343706495,0.9757793452758379,True,0.9805613531331875,0.960292338409732,0.8875308018149671,0.802602582730114,3.25516067200806,0.005168346979189664,MLP,dedup,Spike2Vec,0,28129,3,3492
0.8022813688212928,0.6763350247656043,0.7845171888046578,0.8022813688212928,0.7862799964008479,0.67306477916827,0.6763350247656043,0.66615266483834,0.7585386865106543,0.7571316099472565,0.978733453592876,True,0.9807328420985364,0.9660932595581323,0.892258807205651,0.8332701854376044,3.6622878600028343,0.004679879988543689,MLP,dedup,Spike2Vec,1,28129,3,3492
0.7845373891001267,0.6523810243656792,0.7816168532326879,0.7845373891001267,0.7724326677059277,0.6699329340498896,0.6523810243656792,0.6439975869465614,0.7385347618211289,0.7363398155774361,0.9756661008202593,True,0.9799337021245864,0.958216250903055,0.8841375078044897,0.820924035264862,5.376211352995597,0.00494757603155449,MLP,dedup,Spike2Vec,2,28129,3,3492
0.7832699619771863,0.6616243211869202,0.7813343890802323,0.7832699619771863,0.7778448257831302,0.6488113907098149,0.6616243211869202,0.6489872553438573,0.7357752195274921,0.7349009113094326,0.9778186013850867,True,0.9797076718890084,0.9628578968674195,0.8831148422454762,0.8254991988773455,3.5351136110257357,0.004819959052838385,MLP,dedup,Spike2Vec,3,28129,3,3492
0.7667934093789607,0.6636320906579208,0.7779250500322256,0.7667934093789607,0.754801849902645,0.6863586061877236,0.6636320906579208,0.6575303518625696,0.7192270825025057,0.7146888769225327,0.9721188896362154,True,0.9761446267741231,0.9573700040207079,0.8744581703086284,0.8261095985248073,4.081275521020871,0.004710377019364387,MLP,dedup,Spike2Vec,4,28129,3,3492
0.7959442332065906,0.6577032680212848,0.7847612612594591,0.7959442332065906,0.7858472594585877,0.6770891064744452,0.6577032680212848,0.6468789978064888,0.7501460141316482,0.7497507929315814,0.9762088852300362,True,0.9811609296823192,0.9626492817151703,0.8896406562677787,0.8238353002046324,75.48817210202105,0.013285098015330732,LR,dedup,Spike2Vec,0,28129,3,3492
0.7934093789607097,0.6691174033423878,0.7815401725643499,0.7934093789607097,0.7859574935287534,0.6718892588541401,0.6691174033423878,0.6676681138267722,0.7470043552412862,0.7467254326210128,0.9766712451471672,True,0.9821575669325737,0.9651034060741763,0.8883652319081332,0.8294843940306543,88.07080268202117,0.0142046989640221,LR,dedup,Spike2Vec,1,28129,3,3492
0.7984790874524715,0.6610037707526889,0.7832374715200789,0.7984790874524715,0.786652368096402,0.6432478132070018,0.6610037707526889,0.6452682180686273,0.7537804154407313,0.7530671978615731,0.976974553339106,True,0.9817963449241877,0.957290604349251,0.8913633989358032,0.8255638580552447,72.00083345302846,0.01319785398663953,LR,dedup,Spike2Vec,2,28129,3,3492
0.8035487959442332,0.6715579432786645,0.7870072749573933,0.8035487959442332,0.7912708842216246,0.676747187386852,0.6715579432786645,0.666744152510844,0.7591854672165727,0.7587089314886867,0.9794832722192119,True,0.981696191151946,0.9614430365045317,0.8926168954861501,0.8308979214341572,72.2162092619692,0.012919408036395907,LR,dedup,Spike2Vec,3,28129,3,3492
0.8048162230671736,0.6667403772942591,0.7936676592385457,0.8048162230671736,0.7933053596101501,0.6665410465536818,0.6667403772942591,0.6537751993973392,0.7613691689543884,0.7609081499730419,0.9758567133614634,True,0.9800621150445333,0.9614916918300916,0.8949494491409351,0.828595163608081,81.82318120601121,0.012750332010909915,LR,dedup,Spike2Vec,4,28129,3,3492
0.770595690747782,0.6425219564716741,0.76108318915395,0.770595690747782,0.762768226436749,0.624190507946865,0.6425219564716741,0.6239695322005477,0.7196623170955547,0.7192937971376847,0.8156724950623947,True,0.8770533701842669,0.8127495962470674,0.8770533701842669,0.8156724950623947,0.47339488699799404,0.0021782219992019236,DT,dedup,Spike2Vec,0,28129,3,3492
0.7693282636248415,0.6468045850338437,0.7653934910214105,0.7693282636248415,0.7651431839281103,0.6478371088677645,0.6468045850338437,0.642518999064105,0.7181384556030406,0.7177168558409441,0.8177721880722227,True,0.8761377022166166,0.8149928778748706,0.8761377022166166,0.8177721880722227,0.4513684500125237,0.002190063998568803,DT,dedup,Spike2Vec,1,28129,3,3492
0.7731305449936628,0.6320079715785136,0.7603886534829835,0.7731305449936628,0.76278956275617,0.6209022631151753,0.6320079715785136,0.6157642765877297,0.7226768244295013,0.7221196905423379,0.8104476422856184,True,0.8777604429199561,0.8072422708268404,0.8777604429199561,0.8104476422856184,0.4785036979592405,0.002187300007790327,DT,dedup,Spike2Vec,2,28129,3,3492
0.7782002534854245,0.605461353229231,0.766833646759546,0.7782002534854245,0.7701364889369139,0.5895651606884225,0.605461353229231,0.5933208075581299,0.7286812310809138,0.7282843986146096,0.7973182707683099,True,0.8809270713812715,0.7933368993105496,0.8809270713812715,0.7973182707683099,0.4403135330067016,0.002181328018195927,DT,dedup,Spike2Vec,3,28129,3,3492
0.779467680608365,0.6458007755264635,0.7771137375509999,0.779467680608365,0.7742673523924612,0.6369722652627791,0.6458007755264635,0.6320242905191459,0.7308301723084945,0.7303533654271084,0.8175359645549101,True,0.8819826894169223,0.8144670728948141,0.8819826894169223,0.8175359645549101,0.48058591299923137,0.0021978089935146272,DT,dedup,Spike2Vec,4,28129,3,3492
0.3414285714285714,0.4639530986949948,0.690612019456716,0.3414285714285714,0.4327454782579249,0.5678798270102358,0.4639530986949948,0.4512076478680312,0.2850428750163629,0.2524233883910565,0.7415433487634234,True,0.6552333347202378,0.7442313384889279,0.6451635097231574,0.7158476179712774,0.3970874829683453,7.555984784034081,NB,raw,Murmur2Vec,0,28129,3,28129
0.669047619047619,0.4993888991278521,0.759336787077327,0.669047619047619,0.6832301725904254,0.6192706452207114,0.4993888991278521,0.4938197281775516,0.561164805679108,0.5519391410862138,0.784637778948237,True,0.831629094477521,0.7801102600045403,0.8165582656610288,0.7413561889121546,0.4029215699993074,7.554659223998897,NB,raw,Murmur2Vec,1,28129,3,28129
0.6547619047619048,0.5062477629364233,0.7124445939436236,0.6547619047619048,0.6552047630653329,0.5819008842684521,0.5062477629364233,0.493557700265179,0.5376328644427659,0.5277836880202522,0.7682210900388717,True,0.8139919283246176,0.7649308235991755,0.800045450196355,0.7440350382953187,0.4015667359926738,7.583070310007315,NB,raw,Murmur2Vec,2,28129,3,28129
0.36142857142857143,0.4881855522603248,0.6986899521635723,0.36142857142857143,0.4532920829385404,0.6312076284534025,0.4881855522603248,0.4896776278994931,0.3049428798320151,0.2715549731421302,0.7490861993443102,True,0.6654508334129889,0.7519321426316332,0.6553623749926064,0.7284274295389174,0.40371291898190975,7.604738873022143,NB,raw,Murmur2Vec,3,28129,3,28129
0.660952380952381,0.5078639016354807,0.7344924204468256,0.660952380952381,0.670810475407321,0.5840455781541452,0.5078639016354807,0.49575277500342735,0.5516849307793945,0.5425106776575885,0.7732273921799105,True,0.8271841234385517,0.7676098282064859,0.8136868446579939,0.7454631710294675,0.40269591100513935,7.600796437996905,NB,raw,Murmur2Vec,4,28129,3,28129
0.8085714285714286,0.5856920180484204,0.8223631356462263,0.8085714285714286,0.8089818603882366,0.6785926117431128,0.5856920180484204,0.6088609826077959,0.741125062229559,0.7397195865481705,0.9115940061704418,True,0.9637325620184553,0.899405120889791,0.8962231814141987,0.7881288809066735,0.008675349992699921,3.8746171669918112,KNN,raw,Murmur2Vec,0,28129,3,28129
0.8195238095238095,0.6047359399487606,0.8145424558253139,0.8195238095238095,0.8094663676706096,0.6953945489259351,0.6047359399487606,0.6214305812276467,0.7546778176536465,0.7539053876137016,0.9084172202722633,True,0.9540337182695771,0.8983946712104569,0.9008473713629311,0.7978610323090589,0.00820894498610869,3.8273666169843636,KNN,raw,Murmur2Vec,1,28129,3,28129
0.8233333333333334,0.6294434659410064,0.8242067772338448,0.8233333333333334,0.8157384115486725,0.6989223919659368,0.6294434659410064,0.6391251481410971,0.7601903019870662,0.7591129568845894,0.9020627433156109,True,0.9583782230471056,0.8929795326941397,0.9019654926662096,0.8102656190007855,0.00823870999738574,3.865016219962854,KNN,raw,Murmur2Vec,2,28129,3,28129
0.8033333333333333,0.6114181465492475,0.8126186284790539,0.8033333333333333,0.7997327786109892,0.6931361897107515,0.6114181465492475,0.6183714454853438,0.7332289398456167,0.7317431959954175,0.9249120582061278,True,0.958814307475985,0.9147989852270423,0.8902856665213936,0.8007220581165051,0.008579110959544778,3.889869202976115,KNN,raw,Murmur2Vec,3,28129,3,28129
0.8152380952380952,0.5723653845529281,0.8070760676704908,0.8152380952380952,0.8020662459616307,0.6668241361523283,0.5723653845529281,0.5870683965084401,0.7484312921534603,0.7466981066087608,0.9121725235501785,True,0.954562661095755,0.9010593221259539,0.8953486803406272,0.7814258141101288,0.00890054798219353,3.8363465029979125,KNN,raw,Murmur2Vec,4,28129,3,28129
0.8504761904761905,0.6770164405173188,0.8481485408719139,0.8504761904761905,0.8419621736519958,0.7540500129743322,0.6770164405173188,0.6873123463648192,0.7977411155502179,0.7965719567315894,0.9808748662370973,True,0.989449546302571,0.9696430554530199,0.919814096515869,0.8348634064639261,1.5725186510244384,0.10205164097715169,RF,raw,Murmur2Vec,0,28129,3,28129
0.8485714285714285,0.6779847761828844,0.8509487183413131,0.8485714285714285,0.8368983030721249,0.7541861533233658,0.6779847761828844,0.6718822261888264,0.7954509961918032,0.7939894779771112,0.9823748322344845,True,0.9894000020401816,0.9724409310660266,0.9189300555476253,0.8353073906163343,1.5136205949820578,0.102533045981545,RF,raw,Murmur2Vec,1,28129,3,28129
0.8580952380952381,0.6851235639770888,0.8588980599969404,0.8580952380952381,0.8485225683038691,0.7640430988400425,0.6851235639770888,0.6898457499039375,0.8077903544384948,0.806684968474328,0.981366211951725,True,0.9893847001956166,0.9712865154776537,0.9231741318846068,0.8390696970742083,1.5592404079507105,0.10974058200372383,RF,raw,Murmur2Vec,2,28129,3,28129
0.8533333333333334,0.6804046566179849,0.8491806468841876,0.8533333333333334,0.8435288647386078,0.7475906053015468,0.6804046566179849,0.685413491853073,0.8016178219999472,0.8005935947628997,0.9800819739782611,True,0.989528530636017,0.9697799086023304,0.9217883455344171,0.8366472531060114,1.4710620120167732,0.08987324102781713,RF,raw,Murmur2Vec,3,28129,3,28129
0.8528571428571429,0.6811480971151634,0.858122154584059,0.8528571428571429,0.8399527566455567,0.7904527474297052,0.6811480971151634,0.682571503385683,0.801583323569075,0.7997724027188248,0.9813500931846776,True,0.9893084181894546,0.9710820888138114,0.9207266882173246,0.8369707162038238,1.3572446450125426,0.10991326201474294,RF,raw,Murmur2Vec,4,28129,3,28129
0.8442857142857143,0.654548404810243,0.8375502703534731,0.8442857142857143,0.826450557385306,0.7148982252019861,0.654548404810243,0.656269836537395,0.7909975522733909,0.7876307515125163,0.9844169612270665,True,0.990545873058261,0.9703767936496585,0.9159063143746841,0.8234517621494253,48.212582551990636,0.10111003101337701,MLP,raw,Murmur2Vec,0,28129,3,28129
0.8523809523809524,0.6907398187474943,0.854549303782173,0.8523809523809524,0.8374449503890332,0.7720864082237213,0.6907398187474943,0.679462622588133,0.8011851383295573,0.799309761221775,0.9859357722003771,True,0.9901440324347561,0.9739613454780444,0.9211225894983541,0.8417845725327632,74.236876356008,0.10164647595956922,MLP,raw,Murmur2Vec,1,28129,3,28129
0.8561904761904762,0.6839886904644638,0.8487268106699588,0.8561904761904762,0.8407079498558521,0.7184719822510801,0.6839886904644638,0.6758809469442255,0.8060982132371978,0.8043275030622037,0.9842427455817461,True,0.989928712639114,0.9716957111872762,0.9230031929005701,0.8384944903640761,61.274208472983446,0.10160519799683243,MLP,raw,Murmur2Vec,2,28129,3,28129
0.8433333333333334,0.6820321828535065,0.8441264311479019,0.8433333333333334,0.8326164528205565,0.7238935944931361,0.6820321828535065,0.6638593116397996,0.7886661240419438,0.7869564560457774,0.9847663603966693,True,0.9901791760555833,0.9694698713666019,0.9166671653257505,0.8372282353051965,47.877694469993,0.10102967999409884,MLP,raw,Murmur2Vec,3,28129,3,28129
0.8428571428571429,0.6628765399015913,0.8601350321769667,0.8428571428571429,0.8311503568589292,0.792889040566298,0.6628765399015913,0.6664013856068961,0.7896480496561968,0.7865544717300176,0.9803520097338457,True,0.9883352899170703,0.9683164179189371,0.9164038569758088,0.8276384452678779,73.39909513003659,0.10055500199086964,MLP,raw,Murmur2Vec,4,28129,3,28129
0.8557142857142858,0.6716542319368419,0.8499939568688069,0.8557142857142858,0.8438090857150893,0.740892707963352,0.6716542319368419,0.6824796602622833,0.8055578699185376,0.8035780103684139,0.9853806832308475,True,0.9908013310180293,0.9719138200166484,0.9228349489422679,0.832319613647615,290.1803531149635,0.05215423600748181,LR,raw,Murmur2Vec,0,28129,3,28129
0.8552380952380952,0.6940528893393778,0.8574637125900786,0.8552380952380952,0.8443777740224754,0.7768565143535278,0.6940528893393778,0.6970784792286259,0.8045597317425242,0.8030374318351858,0.9867363480541208,True,0.9907127482813779,0.9744138513872976,0.9224887738086015,0.8435032071155344,372.51697850303026,0.0517442169948481,LR,raw,Murmur2Vec,1,28129,3,28129
0.8566666666666667,0.6863929142831448,0.8482214097813646,0.8566666666666667,0.8451385147847473,0.7298379849161382,0.6863929142831448,0.6909640983911431,0.8063251466243019,0.8050049651085059,0.9825759635945837,True,0.9900902266550602,0.9695286750242539,0.9233014560341032,0.8397101596885772,357.54642062302446,0.05276549299014732,LR,raw,Murmur2Vec,2,28129,3,28129
0.8609523809523809,0.6994898385992598,0.8563718776253486,0.8609523809523809,0.8508940144930635,0.7667703300094412,0.6994898385992598,0.7076517130451987,0.8120608478751749,0.8109207162071658,0.9850810010875267,True,0.9904430998781338,0.9705274072270121,0.9259160310782519,0.8463774661668232,318.2697207579622,0.05234116199426353,LR,raw,Murmur2Vec,3,28129,3,28129
0.8504761904761905,0.6549951655727165,0.8486708670635694,0.8504761904761905,0.839380161185397,0.7474767198532123,0.6549951655727165,0.6639054427614954,0.798004348293779,0.7967037269750168,0.9808046892271338,True,0.9892255200498784,0.969581789032078,0.9203173110417381,0.8238756423791646,302.2532587699825,0.05137151596136391,LR,raw,Murmur2Vec,4,28129,3,28129
0.849047619047619,0.6724422108618212,0.8603580278131021,0.849047619047619,0.842827391893342,0.7444019403117235,0.6724422108618212,0.6782512261313677,0.797298664938528,0.7951075108471136,0.9303797138339309,True,0.9613355506295316,0.9216043501650328,0.9199481154336878,0.8325823834051692,1.285244656028226,0.009062758996151388,DT,raw,Murmur2Vec,0,28129,3,28129
0.8457142857142858,0.6776625407028413,0.8508862750638173,0.8457142857142858,0.8356736956421812,0.7209025428398697,0.6776625407028413,0.6705849945974113,0.7924473429166455,0.7903824226850336,0.930917182476636,True,0.9610149702269715,0.9234840912499117,0.9180200632709552,0.8351049095910095,1.1693244689959101,0.009112020023167133,DT,raw,Murmur2Vec,1,28129,3,28129
0.8533333333333334,0.6803199567478853,0.8579313076030234,0.8533333333333334,0.843788540785356,0.7672190708956399,0.6803199567478853,0.683784887478652,0.8021757858766646,0.8005682017899528,0.9246427442792384,True,0.9583910265440349,0.9160407382840188,0.9218041389706335,0.8366056210544258,1.1895538209937513,0.009451901016291231,DT,raw,Murmur2Vec,2,28129,3,28129
0.8480952380952381,0.6851972024747927,0.8523956827849583,0.8480952380952381,0.8402814217136955,0.7597134799323904,0.6851972024747927,0.690640062666818,0.795506448484273,0.7937077634429462,0.9274624751919315,True,0.9571710926058772,0.9191937127717528,0.9193940282964447,0.8389346934326894,1.2849508310318924,0.009060023992788047,DT,raw,Murmur2Vec,3,28129,3,28129
0.8447619047619047,0.6773321443543897,0.8481103303660574,0.8447619047619047,0.833410360855102,0.7651948968842035,0.6773321443543897,0.6740788134731668,0.7910982285229801,0.7893153394805081,0.9249601771540855,True,0.9553383782340817,0.9175310323847292,0.9176542990763242,0.8349230857715733,1.2801392110413872,0.009076785005163401,DT,raw,Murmur2Vec,4,28129,3,28129
0.3419047619047619,0.46222163302402897,0.6880434627637279,0.3419047619047619,0.4327153223365736,0.5623450620601855,0.46222163302402897,0.44812330986071564,0.2852719786162947,0.25275331899363984,0.7414599690800173,True,0.6549429992157983,0.7440443453775843,0.6456020717893909,0.7150018197751687,0.05369909602450207,1.044280981994234,NB,raw,Spike2Vec,0,28129,3,3492
0.6676190476190477,0.4968504721853335,0.7569521280202486,0.6676190476190477,0.6817848903891257,0.6152392360422513,0.4968504721853335,0.4917153090833253,0.5594180669749593,0.5502396543307306,0.7861071096884604,True,0.8330114408871861,0.7815409854954712,0.8160139953265204,0.7400622358802359,0.054463974956888705,1.0430194910150021,NB,raw,Spike2Vec,1,28129,3,3492
0.6538095238095238,0.5046153752878898,0.712633269081356,0.6538095238095238,0.6551463664909001,0.5797460963741576,0.5046153752878898,0.4916347548114121,0.537101837217773,0.5273242907697118,0.7683314785133426,True,0.8150005969495191,0.7649800330975247,0.8007963639716941,0.7432529769153856,0.053861696971580386,1.04924799897708,NB,raw,Spike2Vec,2,28129,3,3492
0.36095238095238097,0.4982260515082031,0.7005014138180538,0.36095238095238097,0.4516079577547998,0.6372879345656325,0.4982260515082031,0.49810805235420424,0.30621589966667434,0.2723735077034376,0.7549318245392155,True,0.6686856820445954,0.7579193956019806,0.6566371235286261,0.7335056222781301,0.05464246601331979,1.0457061560009606,NB,raw,Spike2Vec,3,28129,3,3492
0.6595238095238095,0.5066374646404022,0.7320078474508914,0.6595238095238095,0.669469349169716,0.5750638255936196,0.5066374646404022,0.4922634982936786,0.5500117630708675,0.5408628964319405,0.7713581426121947,True,0.8264362109719461,0.7658441797398022,0.8133640782978268,0.7448352813337388,0.05446712102275342,1.0469435729901306,NB,raw,Spike2Vec,4,28129,3,3492
0.8166666666666667,0.6073540057496865,0.8245719847009025,0.8166666666666667,0.8115919728863753,0.6873818787264622,0.6073540057496865,0.6200282915548198,0.7519387164903767,0.7503677328758749,0.9097149935418155,True,0.9594087355421539,0.8978255883664787,0.9001036145897322,0.7991362580834672,0.007852102047763765,3.9538307469920255,KNN,raw,Spike2Vec,0,28129,3,3492
0.8171428571428572,0.5864793786681468,0.8064228984033462,0.8171428571428572,0.8052466578729899,0.6592380833877253,0.5864793786681468,0.6000793895160167,0.7514542121576286,0.7505891187698699,0.9042494622650921,True,0.9587150001704332,0.8938548761027918,0.8995604283372242,0.7886742542584927,0.008426998974755406,3.931163800007198,KNN,raw,Spike2Vec,1,28129,3,3492
0.820952380952381,0.6262077096188169,0.8207978070435475,0.820952380952381,0.8128767424588808,0.6992597273677625,0.6262077096188169,0.6348451113900776,0.7569480306712462,0.7558832567943663,0.9044648476052563,True,0.9589034278484355,0.8952219105513928,0.9007704612236787,0.8085934212286664,0.008185991027858108,3.9390820259577595,KNN,raw,Spike2Vec,2,28129,3,3492
0.8038095238095239,0.614002428056446,0.8077576770236136,0.8038095238095239,0.7986232527416386,0.6662429912263478,0.614002428056446,0.6185205265414763,0.7336908786652943,0.7321819095256505,0.9227530534728022,True,0.9617518378773207,0.9128042116163272,0.8899919116372162,0.8020008463753691,0.00789384002564475,3.9053834099904634,KNN,raw,Spike2Vec,3,28129,3,3492
0.8133333333333334,0.5715198026578058,0.8059710112971636,0.8133333333333334,0.7991502890578311,0.6922954507513867,0.5715198026578058,0.5879603116275901,0.745407620552804,0.7440486332470627,0.9089774940317894,True,0.9575451350513147,0.8966952565460461,0.8944426151936716,0.7809618383831606,0.005424086004495621,3.9306678739958443,KNN,raw,Spike2Vec,4,28129,3,3492
0.8542857142857143,0.6835785542746211,0.8514806776113815,0.8542857142857143,0.8451360897354971,0.7545788058985567,0.6835785542746211,0.6905684366122639,0.8030128960401809,0.8017615029846832,0.980082707219254,True,0.9898656990931217,0.9696488574668818,0.9218002647587104,0.8382347437172519,0.9821904139826074,0.07987795898225158,RF,raw,Spike2Vec,0,28129,3,3492
0.8495238095238096,0.6810437868445006,0.8518404119890208,0.8495238095238096,0.8372976890885642,0.7549936471562962,0.6810437868445006,0.6741430326673418,0.796915193209192,0.7953400697990286,0.9847759366893122,True,0.9899413137085776,0.9752487997476671,0.9196165097053777,0.8368680984088585,0.9566178569803014,0.0824052799725905,RF,raw,Spike2Vec,1,28129,3,3492
0.8609523809523809,0.6886198729994569,0.8626538712752913,0.8609523809523809,0.8520714899020071,0.7631120420848215,0.6886198729994569,0.6913762791512722,0.811857261407345,0.810820558116375,0.9815012262471012,True,0.9897230659771266,0.9714950337849635,0.9255870318530401,0.8409275288566846,0.9783955120365135,0.0738529980299063,RF,raw,Spike2Vec,2,28129,3,3492
0.8561904761904762,0.6939110277176406,0.8527270804407421,0.8561904761904762,0.8456423068938905,0.7588164725188066,0.6939110277176406,0.696535233810496,0.8056775329615481,0.8045236952603931,0.9799229832109042,True,0.9898661937410514,0.9700579271392317,0.9234363009984699,0.8434753457223872,0.9374678279855289,0.06980615801876411,RF,raw,Spike2Vec,3,28129,3,3492
0.8566666666666667,0.686214886121378,0.8588017602601142,0.8566666666666667,0.8425940655054509,0.7905796465193784,0.686214886121378,0.6867994961794328,0.8069242385761256,0.8050484464325809,0.9817660219705949,True,0.9897202423436353,0.9717711711522918,0.9231518035876559,0.8396143432237643,0.8784064089995809,0.07023510499857366,RF,raw,Spike2Vec,4,28129,3,3492
0.8514285714285714,0.6747800901814223,0.8414433397806904,0.8514285714285714,0.8347822592091839,0.7244011135473815,0.6747800901814223,0.669625575986853,0.8002415080256251,0.797662432874543,0.9860019324518494,True,0.9907423207207938,0.9742300926600291,0.9202632371068716,0.833765646777387,6.616405685024802,0.013586304034106433,MLP,raw,Spike2Vec,0,28129,3,3492
0.8533333333333334,0.6682628670567937,0.8530168753715369,0.8533333333333334,0.8389504512969859,0.7894213435859576,0.6682628670567937,0.6657506725724793,0.8018308592722,0.8005226257859357,0.9861852247306587,True,0.9902098514023395,0.9751592332874635,0.9215693053639221,0.8305664019540298,8.4491552390391,0.013769423996564,MLP,raw,Spike2Vec,1,28129,3,3492
0.8557142857142858,0.6853803046767436,0.8592367208713585,0.8557142857142858,0.8434339436456866,0.7637170460180236,0.6853803046767436,0.6849634501957131,0.8060351414635997,0.8038628809500398,0.9848026404058111,True,0.9902588461319077,0.972961330520912,0.9229790715226905,0.8391892010439487,8.213596363028046,0.013572007010225207,MLP,raw,Spike2Vec,2,28129,3,3492
0.8519047619047619,0.6804473683307767,0.8587128756569403,0.8519047619047619,0.8418302551840687,0.785217437136816,0.6804473683307767,0.6866864638551106,0.800125385562791,0.798744084197759,0.9837876737823177,True,0.9898707442238451,0.9712671565834633,0.9211294255560587,0.8366386580543,5.930288851959631,0.012786700972355902,MLP,raw,Spike2Vec,3,28129,3,3492
0.8485714285714285,0.6665980686714431,0.8548003698052905,0.8485714285714285,0.8375979531990122,0.7749575147718907,0.6665980686714431,0.6706020609114198,0.7958408179065192,0.7941634646622622,0.9804670013171964,True,0.9891087537930523,0.9696944712544052,0.9193018700966822,0.8296309375219344,4.8058910759864375,0.012773015012498945,MLP,raw,Spike2Vec,4,28129,3,3492
0.8542857142857143,0.6701539662623168,0.8481306293777904,0.8542857142857143,0.8423519135012358,0.7375777005896018,0.6701539662623168,0.6803536306990489,0.8036061250071816,0.8016591982784537,0.985637755590245,True,0.9908426475758647,0.9721240181774813,0.922102639777934,0.8315361940301554,190.30743345996598,0.03983437898568809,LR,raw,Spike2Vec,0,28129,3,3492
0.8538095238095238,0.6896288644009987,0.853531006252573,0.8538095238095238,0.842464766741524,0.7634034872409378,0.6896288644009987,0.6912259371030386,0.8025651986374555,0.8010821844983566,0.9870427228447248,True,0.9908052655475792,0.9749030887429095,0.9217331993359742,0.8412568503521346,242.41612819000147,0.0403007420245558,LR,raw,Spike2Vec,1,28129,3,3492
0.8566666666666667,0.6823585576762476,0.84833492540102,0.8566666666666667,0.8442637108729766,0.7283107220165213,0.6823585576762476,0.6859210468177855,0.8064503665184741,0.8050188595901355,0.9827370541268348,True,0.9901265867941627,0.9698072201929374,0.9232472269718794,0.8376905164277548,186.7473140959628,0.041338976996485144,LR,raw,Spike2Vec,2,28129,3,3492
0.8623809523809524,0.7008843951460194,0.857088380204478,0.8623809523809524,0.8523296961594051,0.764876743084746,0.7008843951460194,0.7084474084674196,0.8139839650073912,0.8128850055187978,0.9856404722353264,True,0.9905562621869558,0.9716511356748523,0.9267210619670472,0.8471113367533302,190.77024872601032,0.04075803799787536,LR,raw,Spike2Vec,3,28129,3,3492
0.8509523809523809,0.6587555240787877,0.8489576811831084,0.8509523809523809,0.840243292745168,0.7520806287651726,0.6587555240787877,0.6687254980695301,0.7986225806087099,0.7973647865440107,0.9808781159123018,True,0.9892128633884214,0.9696815445077367,0.9205659389966178,0.8257671229028763,167.1614529939834,0.040304556023329496,LR,raw,Spike2Vec,4,28129,3,3492
0.8452380952380952,0.6678002387387515,0.8543576550926729,0.8452380952380952,0.8382249524745256,0.7513519733817922,0.6678002387387515,0.6757245847887745,0.7917981042784177,0.7896856933577349,0.9291213448781264,True,0.9593829403144243,0.9203710501315598,0.9175685567526238,0.8301532355854042,1.2544769490486942,0.0058433840167708695,DT,raw,Spike2Vec,0,28129,3,3492
0.8461904761904762,0.6874441517254567,0.8544608982251508,0.8461904761904762,0.8362725562664646,0.7390720067702521,0.6874441517254567,0.6735703035440673,0.7931615736705423,0.7911539552201813,0.9365298718572131,True,0.9614144848269276,0.9295053468107013,0.918368375337516,0.8400115474689792,1.1843999000266194,0.006099910009652376,DT,raw,Spike2Vec,1,28129,3,3492
0.8504761904761905,0.6768751053291013,0.8540206405219698,0.8504761904761905,0.84070439076998,0.7643498909772468,0.6768751053291013,0.6818141744398758,0.7984210391921962,0.7967210870890146,0.9240292161958656,True,0.9570717427594317,0.915366982395107,0.9202722689033727,0.8348135648874312,1.130181148997508,0.005881725053768605,DT,raw,Spike2Vec,2,28129,3,3492
0.8495238095238096,0.684580286000991,0.8507872579089103,0.8495238095238096,0.8427763113760333,0.734180677126577,0.684580286000991,0.6859049602247826,0.797100905559029,0.7957019206051361,0.9239554831579528,True,0.9558407557943027,0.9154981543223584,0.920299863597712,0.8386674095276643,1.2555648980196565,0.006206618971191347,DT,raw,Spike2Vec,3,28129,3,3492
0.8495238095238096,0.6960307021726242,0.8531973710522011,0.8495238095238096,0.8391663807746642,0.769821754602922,0.6960307021726242,0.6902198159377378,0.7976697930992385,0.7958612373220784,0.9340601726078752,True,0.9577140143864017,0.9273641507406888,0.9200143792772818,0.8443796410534613,1.2427125860122032,0.005908183986321092,DT,raw,Spike2Vec,4,28129,3,3492
