name,n,mean_diff,ci_low,ci_high,t,df,p,cohens_d,p_corrected,correction,note,metric,method_a,method_b,mean_a,sd_a,mean_b,sd_b,p_naive,t_naive,tost_margin,p_tost,equivalent,ci90_low,ci90_high,significant_holm,verdict
Murmur2Vec | DT vs Murmur2Vec | KNN,20,0.07820025348542457,0.05659207432360767,0.09980843264724149,7.574678568707998,19,3.736164023837597e-07,5.240076071618865,1.4197423290582869e-05,Holm-Bonferroni,Nadeau-Bengio corrected (test_frac=0.3),accuracy,Murmur2Vec | DT,Murmur2Vec | KNN,0.7770595690747781,0.008644167922194159,0.6988593155893537,0.012033709507470982,1.7545052605882286e-15,23.43433260681968,0.01,0.9999987301294788,False,0.06034885253891552,0.09605165443193363,True,different
Murmur2Vec | DT vs Murmur2Vec | LR,20,-0.019391634980988597,-0.03634851697804739,-0.0024347529839298075,-2.3935507999969445,19,0.027166869689669002,-1.6558310903227567,0.6044938337205414,Holm-Bonferroni,Nadeau-Bengio corrected (test_frac=0.3),accuracy,Murmur2Vec | DT,Murmur2Vec | LR,0.7770595690747781,0.008644167922194159,0.7964512040557667,0.008928037037394454,5.178139659965606e-07,-7.405101754438555,0.01,0.8696377239918958,False,-0.03340040902276607,-0.005382860939211122,False,inconclusive
Murmur2Vec | DT vs Murmur2Vec | MLP,20,-0.009315589353612175,-0.029429844242368434,0.010798665535144086,-0.9693499811916435,19,0.34454935922684404,-0.67058523941207,1.0,Holm-Bonferroni,Nadeau-Bengio corrected (test_frac=0.3),accuracy,Murmur2Vec | DT,Murmur2Vec | MLP,0.7770595690747781,0.008644167922194159,0.7863751584283905,0.012229366911553496,0.00737888510007857,-2.9989483600667195,0.01,0.47198445674470496,False,-0.025932798331310965,0.007301619624086616,False,inconclusive
Murmur2Vec | DT vs Murmur2Vec | NB,20,0.22294043092522178,0.1768867159069846,0.268994145943459,10.132074783583745,19,4.258547248966334e-09,7.0092535475556215,2.2996155144418206e-07,Holm-Bonferroni,Nadeau-Bengio corrected (test_frac=0.3),accuracy,Murmur2Vec | DT,Murmur2Vec | NB,0.7770595690747781,0.008644167922194159,0.5541191381495564,0.030121066215488854,7.983704971717735e-18,31.34633480773185,0.01,0.9999999955504325,False,0.18489357257079067,0.26098728927965287,True,different
Murmur2Vec | DT vs Murmur2Vec | RF,20,-0.018124207858048174,-0.032050713345171324,-0.004197702370925026,-2.723899620695611,19,0.01347541175989022,-1.8843626293086886,0.3773115292769261,Holm-Bonferroni,Nadeau-Bengio corrected (test_frac=0.3),accuracy,Murmur2Vec | DT,Murmur2Vec | RF,0.7770595690747781,0.008644167922194159,0.7951837769328264,0.009906606118856253,7.674524467080193e-08,-8.42712586678893,0.01,0.8814876595031592,False,-0.029629463871183235,-0.006618951844913113,False,inconclusive
Murmur2Vec | DT vs Spike2Vec | DT,20,-0.0008238276299112835,-0.007975446122643153,0.006327790862820586,-0.2411050097041456,19,0.8120564593842257,-0.1667936904038986,1.0,Holm-Bonferroni,Nadeau-Bengio corrected (test_frac=0.3),accuracy,Murmur2Vec | DT,Spike2Vec | DT,0.7770595690747781,0.008644167922194159,0.7778833967046894,0.008614530547820534,0.464842710270049,-0.7459240599223433,0.01,0.007319283326217154,True,-0.006732072289221607,0.0050844170293990396,False,equivalent (TOST)
Murmur2Vec | DT vs Spike2Vec | KNN,20,0.07820025348542457,0.054279546239067986,0.10212096073178116,6.842398509381319,19,1.5726064012313925e-06,4.733493094955886,5.5041224043098734e-05,Holm-Bonferroni,Nadeau-Bengio corrected (test_frac=0.3),accuracy,Murmur2Vec | DT,Spike2Vec | KNN,0.7770595690747781,0.008644167922194159,0.6988593155893537,0.013038590164865744,1.1313372611356722e-14,21.168824662694455,0.01,0.9999951885180559,False,0.05843837846666568,0.09796212850418347,True,different
Murmur2Vec | DT vs Spike2Vec | LR,20,-0.018314321926489248,-0.0339935328272654,-0.0026351110257130904,-2.4447860657592875,19,0.024413820672133373,-1.6912750616687353,0.6044938337205414,Holm-Bonferroni,Nadeau-Bengio corrected (test_frac=0.3),accuracy,Murmur2Vec | DT,Spike2Vec | LR,0.7770595690747781,0.008644167922194159,0.7953738910012675,0.008862216712241558,3.816147088209877e-07,-7.563612013082882,0.01,0.8595500521765161,False,-0.03126755959721466,-0.0053610842557638375,False,inconclusive
Murmur2Vec | DT vs Spike2Vec | MLP,20,-0.0057667934093789674,-0.025732454709454997,0.014198867890697062,-0.6045398217081471,19,0.5526364089354342,-0.4182137400734524,1.0,Holm-Bonferroni,Nadeau-Bengio corrected (test_frac=0.3),accuracy,Murmur2Vec | DT,Spike2Vec | MLP,0.7770595690747781,0.008644167922194159,0.782826362484157,0.01130091865711256,0.07692789280367067,-1.8703087038573347,0.01,0.3311099293195445,False,-0.022261243143471582,0.010727656324713647,False,inconclusive
Murmur2Vec | DT vs Spike2Vec | NB,20,0.22205323193916343,0.17449720965255758,0.2696092542257693,9.772952687396367,19,7.609280394885874e-09,6.7608169854029825,3.8807330013917954e-07,Holm-Bonferroni,Nadeau-Bengio corrected (test_frac=0.3),accuracy,Murmur2Vec | DT,Spike2Vec | NB,0.7770595690747781,0.008644167922194159,0.5550063371356149,0.031213613788978727,1.5646185448450488e-17,30.235292725592544,0.01,0.9999999920922769,False,0.18276525608049146,0.26134120779783543,True,different
Murmur2Vec | DT vs Spike2Vec | RF,20,-0.0240811153358682,-0.03649916595189745,-0.01166306471983895,-4.058797569232998,19,0.0006699036365532001,-2.8078297751069283,0.019427205460042805,Holm-Bonferroni,Nadeau-Bengio corrected (test_frac=0.3),accuracy,Murmur2Vec | DT,Spike2Vec | RF,0.7770595690747781,0.008644167922194159,0.8011406844106463,0.008446289380849945,1.1995501111581386e-10,-12.556996492774077,0.01,0.9858344616798325,False,-0.03434017505860988,-0.01382205561312652,True,different
Murmur2Vec | KNN vs Murmur2Vec | LR,20,-0.09759188846641317,-0.11869291661941238,-0.07649086031341397,-9.680199874350587,19,8.861101824833496e-09,-6.6966516493022015,4.341939894168413e-07,Holm-Bonferroni,Nadeau-Bengio corrected (test_frac=0.3),accuracy,Murmur2Vec | KNN,Murmur2Vec | LR,0.6988593155893537,0.012033709507470982,0.7964512040557667,0.008928037037394454,1.868771125429519e-17,-29.94833661895161,0.01,0.9999999759204422,False,-0.11502431121346203,-0.08015946571936432,True,different
Murmur2Vec | KNN vs Murmur2Vec | MLP,20,-0.08751584283903677,-0.10848605407887152,-0.06654563159920202,-8.73490314947159,19,4.4356500223611613e-08,-6.042706177730461,1.9073295096152993e-06,Holm-Bonferroni,Nadeau-Bengio corrected (test_frac=0.3),accuracy,Murmur2Vec | KNN,Murmur2Vec | MLP,0.6988593155893537,0.012033709507470982,0.7863751584283905,0.012229366911553496,1.2615350036659591e-16,-27.023803562926474,0.01,0.9999998627724229,False,-0.10484019238149049,-0.07019149329658304,True,different
Murmur2Vec | KNN vs Murmur2Vec | NB,20,0.14474017743979722,0.09876080385081114,0.1907195510287833,6.588708139629446,19,2.631444695054375e-06,4.557992996294448,8.683767493679437e-05,Holm-Bonferroni,Nadeau-Bengio corrected (test_frac=0.3),accuracy,Murmur2Vec | KNN,Murmur2Vec | NB,0.6988593155893537,0.012033709507470982,0.5541191381495564,0.030121066215488854,2.2532994726021435e-14,20.383964361364665,0.01,0.9999966144763894,False,0.1067547355818955,0.18272561929769895,True,different
Murmur2Vec | KNN vs Murmur2Vec | RF,20,-0.09632446134347276,-0.11717196373426766,-0.07547695895267786,-9.670674733143427,19,9.001290702915702e-09,-6.690062265466877,4.341939894168413e-07,Holm-Bonferroni,Nadeau-Bengio corrected (test_frac=0.3),accuracy,Murmur2Vec | KNN,Murmur2Vec | RF,0.6988593155893537,0.012033709507470982,0.7951837769328264,0.009906606118856253,1.9033509427812205e-17,-29.918867998580364,0.01,0.9999999749830986,False,-0.113547436084862,-0.07910148660208353,True,different
Murmur2Vec | KNN vs Spike2Vec | DT,20,-0.07902408111533588,-0.10097549316180746,-0.057072669068864296,-7.534791033112318,19,4.0328898276408637e-07,-5.212482330322141,1.4921692362271195e-05,Holm-Bonferroni,Nadeau-Bengio corrected (test_frac=0.3),accuracy,Murmur2Vec | KNN,Spike2Vec | DT,0.6988593155893537,0.012033709507470982,0.7778833967046894,0.008614530547820534,1.933422456845133e-15,-23.310929644233642,0.01,0.999998664205314,False,-0.09715904079190324,-0.060889121438768505,True,different
Murmur2Vec | KNN vs Spike2Vec | KNN,20,-1.6653345369377347e-17,-0.009262249599729913,0.009262249599729879,-3.763216707687483e-15,19,0.9999999999999971,-2.603350312940479e-15,1.0,Holm-Bonferroni,Nadeau-Bengio corrected (test_frac=0.3),accuracy,Murmur2Vec | KNN,Spike2Vec | KNN,0.6988593155893537,0.012033709507470982,0.6988593155893537,0.013038590164865744,0.9999999999999909,-1.1642536537960524e-14,0.01,0.017888767071761104,True,-0.00765192337740312,0.007651923377403087,False,equivalent (TOST)
Murmur2Vec | KNN vs Spike2Vec | LR,20,-0.09651457541191383,-0.11890569087459234,-0.07412345994923532,-9.021762594848907,19,2.689719181008157e-08,-6.241152263858697,1.2372708232637522e-06,Holm-Bonferroni,Nadeau-Bengio corrected (test_frac=0.3),accuracy,Murmur2Vec | KNN,Spike2Vec | LR,0.6988593155893537,0.012033709507470982,0.7953738910012675,0.008862216712241558,6.926402279502038e-17,-27.9112814398295,0.01,0.9999999286663414,False,-0.1150127920719354,-0.07801635875189225,True,different
Murmur2Vec | KNN vs Spike2Vec | MLP,20,-0.08396704689480354,-0.10346014498040014,-0.06447394880920694,-9.015757688015123,19,2.717748778958157e-08,-6.2369981379342,1.2372708232637522e-06,Holm-Bonferroni,Nadeau-Bengio corrected (test_frac=0.3),accuracy,Murmur2Vec | KNN,Spike2Vec | MLP,0.6988593155893537,0.012033709507470982,0.782826362484157,0.01130091865711256,7.012569059978342e-17,-27.892703623920962,0.01,0.9999999066596877,False,-0.1000710928215661,-0.06786300096804099,True,different
Murmur2Vec | KNN vs Spike2Vec | NB,20,0.14385297845373887,0.09587430682044404,0.1918316500870337,6.275449777000683,19,5.028019449844263e-06,4.341284440894259,0.00015586860294517215,Holm-Bonferroni,Nadeau-Bengio corrected (test_frac=0.3),accuracy,Murmur2Vec | KNN,Spike2Vec | NB,0.6988593155893537,0.012033709507470982,0.5550063371356149,0.031213613788978727,5.460411819625647e-14,19.414814239003462,0.01,0.9999936738507891,False,0.1042158346762421,0.18349012223123565,True,different
Murmur2Vec | KNN vs Spike2Vec | RF,20,-0.10228136882129277,-0.12081639031594893,-0.0837463473266366,-11.54988492041888,19,4.9279967578795e-10,-7.990078397711038,3.25247786020047e-08,Holm-Bonferroni,Nadeau-Bengio corrected (test_frac=0.3),accuracy,Murmur2Vec | KNN,Spike2Vec | RF,0.6988593155893537,0.012033709507470982,0.8011406844106463,0.008446289380849945,6.897854251961152e-19,-35.732716885668964,0.01,0.999999998650481,False,-0.117593908474701,-0.08696882916788454,True,different
Murmur2Vec | LR vs Murmur2Vec | MLP,20,0.010076045627376424,-0.004244220685896628,0.024396311940649475,1.472696485530222,19,0.15720584421257058,1.0187945989502758,1.0,Holm-Bonferroni,Nadeau-Bengio corrected (test_frac=0.3),accuracy,Murmur2Vec | LR,Murmur2Vec | MLP,0.7964512040557667,0.008928037037394454,0.7863751584283905,0.012229366911553496,0.00021585274404101903,4.556187956724906,0.01,0.504376090088477,False,-0.0017545123157357654,0.02190660357048861,False,inconclusive
Murmur2Vec | LR vs Murmur2Vec | NB,20,0.24233206590621034,0.19557288476222617,0.2890912470501945,10.847213973536444,19,1.398225930489939e-09,7.503978666668792,8.808823362086615e-08,Holm-Bonferroni,Nadeau-Bengio corrected (test_frac=0.3),accuracy,Murmur2Vec | LR,Murmur2Vec | NB,0.7964512040557667,0.008928037037394454,0.5541191381495564,0.030121066215488854,2.233287015883299e-18,33.55881280075931,0.01,0.999999998605237,False,0.20370239311977273,0.28096173869264796,True,different
Murmur2Vec | LR vs Murmur2Vec | RF,20,0.0012674271229404233,-0.017371539690232807,0.019906393936113653,0.14232309559395265,19,0.8883231849034641,0.09845749108635811,1.0,Holm-Bonferroni,Nadeau-Bengio corrected (test_frac=0.3),accuracy,Murmur2Vec | LR,Murmur2Vec | RF,0.7964512040557667,0.008928037037394454,0.7951837769328264,0.009906606118856253,0.664677205674792,0.4403152859263528,0.01,0.16955468246844407,False,-0.014130986011220854,0.016665840257101702,False,inconclusive
Murmur2Vec | LR vs Spike2Vec | DT,20,0.018567807351077315,0.002755762337177052,0.03437985236497758,2.457801466493379,19,0.023757227028767373,1.7002789671586653,0.6044938337205414,Holm-Bonferroni,Nadeau-Bengio corrected (test_frac=0.3),accuracy,Murmur2Vec | LR,Spike2Vec | DT,0.7964512040557667,0.008928037037394454,0.7778833967046894,0.008614530547820534,3.5333557649136943e-07,7.6038787025598165,0.01,0.864572694164332,False,0.005504829984332419,0.03163078471782221,False,inconclusive
Murmur2Vec | LR vs Spike2Vec | KNN,20,0.09759188846641317,0.07352417550537463,0.12165960142745172,8.486978817056533,19,6.891895679274131e-08,5.8711949578052804,2.8256772285023938e-06,Holm-Bonferroni,Nadeau-Bengio corrected (test_frac=0.3),accuracy,Murmur2Vec | LR,Spike2Vec | KNN,0.7964512040557667,0.008928037037394454,0.6988593155893537,0.013038590164865744,2.1507567398366432e-16,26.256782069613234,0.01,0.9999998278127846,False,0.07770856601172904,0.1174752109210973,True,different
Murmur2Vec | LR vs Spike2Vec | LR,20,0.0010773130544993515,-0.003658830680758753,0.0058134567897574554,0.47609242101523785,19,0.6394372246134171,0.3293552961504174,1.0,Holm-Bonferroni,Nadeau-Bengio corrected (test_frac=0.3),accuracy,Murmur2Vec | LR,Spike2Vec | LR,0.7964512040557667,0.008928037037394454,0.7953738910012675,0.008862216712241558,0.1571456922943616,1.4729216618838163,0.01,0.00043620518053978614,True,-0.0028354090737857233,0.004990035182784427,False,equivalent (TOST)
Murmur2Vec | LR vs Spike2Vec | MLP,20,0.01362484157160963,-0.006299940135145284,0.03354962327836454,1.4312388244239957,19,0.16860546218311942,0.9901146627684988,1.0,Holm-Bonferroni,Nadeau-Bengio corrected (test_frac=0.3),accuracy,Murmur2Vec | LR,Spike2Vec | MLP,0.7964512040557667,0.008928037037394454,0.782826362484157,0.01130091865711256,0.0002887882629439261,4.427927382939287,0.01,0.646203303946143,False,-0.002835835857771859,0.03008551900099112,False,inconclusive
Murmur2Vec | LR vs Spike2Vec | NB,20,0.24144486692015205,0.19294808777308886,0.28994164606721523,10.420277865151435,19,2.7006448033659002e-09,7.2086291458455,1.539367537918563e-07,Holm-Bonferroni,Nadeau-Bengio corrected (test_frac=0.3),accuracy,Murmur2Vec | LR,Spike2Vec | NB,0.7964512040557667,0.008928037037394454,0.5550063371356149,0.031213613788978727,4.729722822149611e-18,32.237969589393565,0.01,0.9999999973201189,False,0.20137969332614852,0.28151004051415557,True,different
Murmur2Vec | LR vs Spike2Vec | RF,20,-0.004689480354879605,-0.020533161528963104,0.011154200819203895,-0.6195021900272356,19,0.5429437802245225,-0.4285645354890494,1.0,Holm-Bonferroni,Nadeau-Bengio corrected (test_frac=0.3),accuracy,Murmur2Vec | LR,Spike2Vec | RF,0.7964512040557667,0.008928037037394454,0.8011406844106463,0.008446289380849945,0.07045489472160184,-1.9165988681982713,0.01,0.24573392927783821,False,-0.017778593648007268,0.00839963293824806,False,inconclusive
Murmur2Vec | MLP vs Murmur2Vec | NB,20,0.23225602027883396,0.18576952299812516,0.27874251755954277,10.457175000502009,19,2.5493426825676312e-09,7.234154162426474,1.478618755889226e-07,Holm-Bonferroni,Nadeau-Bengio corrected (test_frac=0.3),accuracy,Murmur2Vec | MLP,Murmur2Vec | NB,0.7863751584283905,0.012229366911553496,0.5541191381495564,0.030121066215488854,4.427578413535453e-18,32.3521209337973,0.01,0.9999999973976994,False,0.19385162278924195,0.270660417768426,True,different
Murmur2Vec | MLP vs Murmur2Vec | RF,20,-0.008808618504436,-0.026284139677666598,0.008666902668794597,-1.0549986025098907,19,0.3046574177126156,-0.7298359768613087,1.0,Holm-Bonferroni,Nadeau-Bengio corrected (test_frac=0.3),accuracy,Murmur2Vec | MLP,Murmur2Vec | RF,0.7863751584283905,0.012229366911553496,0.7951837769328264,0.009906606118856253,0.00408384178675586,-3.2639257133737,0.01,0.4440184876941772,False,-0.023245861590785743,0.005628624581913742,False,inconclusive
Murmur2Vec | MLP vs Spike2Vec | DT,20,0.008491761723700891,-0.011075983281061234,0.028059506728463017,0.9083040252049422,19,0.3750951047007298,0.6283543446838763,1.0,Holm-Bonferroni,Nadeau-Bengio corrected (test_frac=0.3),accuracy,Murmur2Vec | MLP,Spike2Vec | DT,0.7863751584283905,0.012229366911553496,0.7778833967046894,0.008614530547820534,0.011175299754326936,2.8100860573409623,0.01,0.436770004648198,False,-0.007673953077309063,0.024657476524710845,False,inconclusive
Murmur2Vec | MLP vs Spike2Vec | KNN,20,0.08751584283903674,0.06420021324221734,0.11083147243585614,7.856222086702923,19,2.1917283365765695e-07,5.43484465993353,8.547740512648621e-06,Holm-Bonferroni,Nadeau-Bengio corrected (test_frac=0.3),accuracy,Murmur2Vec | MLP,Spike2Vec | KNN,0.7863751584283905,0.012229366911553496,0.6988593155893537,0.013038590164865744,8.959313483042866e-16,24.3053642135262,0.01,0.9999993769842997,False,0.06825384722449652,0.10677783845357695,True,different
Murmur2Vec | MLP vs Spike2Vec | LR,20,-0.008998732572877071,-0.022858896689212913,0.004861431543458772,-1.3588990416080358,19,0.19009266156368063,-0.940070827703868,1.0,Holm-Bonferroni,Nadeau-Bengio corrected (test_frac=0.3),accuracy,Murmur2Vec | MLP,Spike2Vec | LR,0.7863751584283905,0.012229366911553496,0.7953738910012675,0.008862216712241558,0.0004807714669226232,-4.204124548820682,0.01,0.44070531656311585,False,-0.020449181265117744,0.0024517161193636002,False,inconclusive
Murmur2Vec | MLP vs Spike2Vec | MLP,20,0.0035487959442332072,-0.01402912099646545,0.021126712884931863,0.4225594705291265,19,0.6773602805452754,0.2923218127701085,1.0,Holm-Bonferroni,Nadeau-Bengio corrected (test_frac=0.3),accuracy,Murmur2Vec | MLP,Spike2Vec | MLP,0.7863751584283905,0.012229366911553496,0.782826362484157,0.01130091865711256,0.20670998341670904,1.3073028893198575,0.01,0.2259193512758662,False,-0.010973040475345086,0.0180706323638115,False,inconclusive
Murmur2Vec | MLP vs Spike2Vec | NB,20,0.23136882129277564,0.18306990137329576,0.2796677412122555,10.026321690281824,19,5.044731380543617e-09,6.936094766138764,2.673707631688117e-07,Holm-Bonferroni,Nadeau-Bengio corrected (test_frac=0.3),accuracy,Murmur2Vec | MLP,Spike2Vec | NB,0.7863751584283905,0.012229366911553496,0.5550063371356149,0.031213613788978727,9.709620741622373e-18,31.019158790933563,0.01,0.9999999948825227,False,0.19146710730247612,0.27127053528307515,True,different
Murmur2Vec | MLP vs Spike2Vec | RF,20,-0.014765525982256028,-0.03038584123899496,0.000854789274482905,-1.9784876648708587,19,0.06255652318048689,-1.3686951567175516,1.0,Holm-Bonferroni,Nadeau-Bengio corrected (test_frac=0.3),accuracy,Murmur2Vec | MLP,Spike2Vec | RF,0.7863751584283905,0.012229366911553496,0.8011406844106463,0.008446289380849945,6.951833919533667e-06,-6.120990821790347,0.01,0.7346310457235901,False,-0.02767010755161177,-0.0018609444129002867,False,inconclusive
Murmur2Vec | NB vs Murmur2Vec | RF,20,-0.24106463878327,-0.2874164392112558,-0.1947128383552842,-10.885318002361538,19,1.3196665362482549e-09,-7.5303385983632545,8.445865831988831e-08,Holm-Bonferroni,Nadeau-Bengio corrected (test_frac=0.3),accuracy,Murmur2Vec | NB,Murmur2Vec | RF,0.5541191381495564,0.030121066215488854,0.7951837769328264,0.009906606118856253,2.091533599509444e-18,-33.676697999061446,0.01,0.9999999986778625,False,-0.2793577576914423,-0.20277151987509776,True,different
Murmur2Vec | NB vs Spike2Vec | DT,20,-0.22376425855513302,-0.27204115425848613,-0.17548736285177988,-9.701203212206412,19,8.559964435915645e-09,-6.711181518408082,4.2799822179578224e-07,Holm-Bonferroni,Nadeau-Bengio corrected (test_frac=0.3),accuracy,Murmur2Vec | NB,Spike2Vec | DT,0.5541191381495564,0.030121066215488854,0.7778833967046894,0.008614530547820534,1.7948347236263976e-17,-30.013316169001452,0.01,0.9999999911701737,False,-0.2636477774393263,-0.1838807396709397,True,different
Murmur2Vec | NB vs Spike2Vec | KNN,20,-0.14474017743979722,-0.18858037812584777,-0.10089997675374666,-6.910202697069525,19,1.3724660633394199e-06,-4.780399257143191,4.940877828021912e-05,Holm-Bonferroni,Nadeau-Bengio corrected (test_frac=0.3),accuracy,Murmur2Vec | NB,Spike2Vec | KNN,0.5541191381495564,0.030121066215488854,0.6988593155893537,0.013038590164865744,9.44819660394749e-15,-21.378595397123345,0.01,0.9999981868556842,False,-0.18095836103413876,-0.10852199384545569,True,different
Murmur2Vec | NB vs Spike2Vec | LR,20,-0.241254752851711,-0.2883225220689473,-0.19418698363447467,-10.728190635685303,19,1.6766490713656315e-09,-7.421639681723012,1.0395224242466916e-07,Holm-Bonferroni,Nadeau-Bengio corrected (test_frac=0.3),accuracy,Murmur2Vec | NB,Spike2Vec | LR,0.5541191381495564,0.030121066215488854,0.7953738910012675,0.008862216712241558,2.74494043428372e-18,-33.190581665685116,0.01,0.9999999983257856,False,-0.2801393628719471,-0.20237014283147492,True,different
Murmur2Vec | NB vs Spike2Vec | MLP,20,-0.22870722433460072,-0.2738889214726117,-0.18352552719658977,-10.59477072069851,19,2.058784061013371e-09,-7.329341309236565,1.2352704366080226e-07,Holm-Bonferroni,Nadeau-Bengio corrected (test_frac=0.3),accuracy,Murmur2Vec | NB,Spike2Vec | MLP,0.5541191381495564,0.030121066215488854,0.782826362484157,0.01130091865711256,3.468231962148635e-18,-32.77781079550053,0.01,0.9999999978688561,False,-0.2660336730378591,-0.1913807756313424,True,different
Murmur2Vec | NB vs Spike2Vec | NB,20,-0.0008871989860583073,-0.00785871974053949,0.006084321768422874,-0.26635921834888815,19,0.7928317404373973,-0.18426426334328047,1.0,Holm-Bonferroni,Nadeau-Bengio corrected (test_frac=0.3),accuracy,Murmur2Vec | NB,Spike2Vec | NB,0.5541191381495564,0.030121066215488854,0.5550063371356149,0.031213613788978727,0.4201330912606952,-0.8240548373189956,0.01,0.00656515086211653,True,-0.006646657534748372,0.004872259562631757,False,equivalent (TOST)
Murmur2Vec | NB vs Spike2Vec | RF,20,-0.24702154626109,-0.29354244266164137,-0.20050064986053862,-11.113759155239684,19,9.35957961994621e-10,-7.688371577335452,6.083726752965037e-08,Holm-Bonferroni,Nadeau-Bengio corrected (test_frac=0.3),accuracy,Murmur2Vec | NB,Spike2Vec | RF,0.5541191381495564,0.030121066215488854,0.8011406844106463,0.008446289380849945,1.4181520673733965e-18,-34.383442966398704,0.01,0.9999999990746364,False,-0.2854543622710913,-0.2085887302510887,True,different
Murmur2Vec | RF vs Spike2Vec | DT,20,0.017300380228136892,0.003943301800831002,0.030657458655442782,2.710930550042684,19,0.013858432176620524,1.8753907744394556,0.3773115292769261,Holm-Bonferroni,Nadeau-Bengio corrected (test_frac=0.3),accuracy,Murmur2Vec | RF,Spike2Vec | DT,0.7951837769328264,0.009906606118856253,0.7778833967046894,0.008614530547820534,8.250459207228526e-08,8.387002512045195,0.01,0.8665743288558078,False,0.006265551208339243,0.02833520924793454,False,inconclusive
Murmur2Vec | RF vs Spike2Vec | KNN,20,0.09632446134347275,0.07346544495567099,0.11918347773127451,8.819688966468043,19,3.821923327729758e-08,6.101360037009871,1.6816462642010935e-06,Holm-Bonferroni,Nadeau-Bengio corrected (test_frac=0.3),accuracy,Murmur2Vec | RF,Spike2Vec | KNN,0.7951837769328264,0.009906606118856253,0.6988593155893537,0.013038590164865744,1.0546251210433961e-16,27.28611159590941,0.01,0.9999998998041667,False,0.07743969258412493,0.11520923010282057,True,different
Murmur2Vec | RF vs Spike2Vec | LR,20,-0.0001901140684410718,-0.01768388273807881,0.01730365460119667,-0.022746003210800548,19,0.9820900667381866,-0.015735425083550712,1.0,Holm-Bonferroni,Nadeau-Bengio corrected (test_frac=0.3),accuracy,Murmur2Vec | RF,Spike2Vec | LR,0.7951837769328264,0.009906606118856253,0.7953738910012675,0.008862216712241558,0.944633812439883,-0.07037096028334941,0.01,0.1275104725901002,False,-0.01464243215820478,0.014262204021322635,False,inconclusive
Murmur2Vec | RF vs Spike2Vec | MLP,20,0.012357414448669207,-0.0035061120385002573,0.02822094093583867,1.6304297605123403,19,0.11947663196583243,1.1279126760323055,1.0,Holm-Bonferroni,Nadeau-Bengio corrected (test_frac=0.3),accuracy,Murmur2Vec | RF,Spike2Vec | MLP,0.7951837769328264,0.009906606118856253,0.782826362484157,0.01130091865711256,7.203801441254897e-05,5.0441788325838655,0.01,0.6204199788468119,False,-0.00074809386960859,0.025462922766947005,False,inconclusive
Murmur2Vec | RF vs Spike2Vec | NB,20,0.24017743979721168,0.19243208021097913,0.28792279938344423,10.528712385417032,19,2.2806678927105717e-09,7.2836429077929115,1.3455940566992373e-07,Holm-Bonferroni,Nadeau-Bengio corrected (test_frac=0.3),accuracy,Murmur2Vec | RF,Spike2Vec | NB,0.7951837769328264,0.009906606118856253,0.5550063371356149,0.031213613788978727,3.89814854896416e-18,32.573441331318364,0.01,0.9999999977238379,False,0.20073304464821198,0.27962183494621135,True,different
Murmur2Vec | RF vs Spike2Vec | RF,20,-0.005956907477820028,-0.01269571981207613,0.0007819048564360739,-1.850170330101367,19,0.07990374830722477,-1.2799266909139642,1.0,Holm-Bonferroni,Nadeau-Bengio corrected (test_frac=0.3),accuracy,Murmur2Vec | RF,Spike2Vec | RF,0.7951837769328264,0.009906606118856253,0.8011406844106463,0.008446289380849945,1.620756572487254e-05,-5.724006174199972,0.01,0.11221441288324319,False,-0.01152411607884179,-0.00038969887679826676,False,inconclusive
Spike2Vec | DT vs Spike2Vec | KNN,20,0.07902408111533585,0.054314803661198854,0.10373335856947284,6.693813809768663,19,2.1237875553578187e-06,4.630703897765997,7.220877688216584e-05,Holm-Bonferroni,Nadeau-Bengio corrected (test_frac=0.3),accuracy,Spike2Vec | DT,Spike2Vec | KNN,0.7778833967046894,0.008614530547820534,0.6988593155893537,0.013038590164865744,1.688819466235241e-14,20.709137398156013,0.01,0.9999937752703874,False,0.05861073598203648,0.09943742624863522,True,different
Spike2Vec | DT vs Spike2Vec | LR,20,-0.017490494296577962,-0.03232300542492584,-0.0026579831682300853,-2.4680935661840153,19,0.02324976283540544,-1.707398924108181,0.6044938337205414,Holm-Bonferroni,Nadeau-Bengio corrected (test_frac=0.3),accuracy,Spike2Vec | DT,Spike2Vec | LR,0.7778833967046894,0.008614530547820534,0.7953738910012675,0.008862216712241558,3.3251632601078593e-07,-7.635720118031795,0.01,0.8481140902200377,False,-0.029744238640922405,-0.005236749952233518,False,inconclusive
Spike2Vec | DT vs Spike2Vec | MLP,20,-0.004942965779467684,-0.025273062667202056,0.015387131108266687,-0.5088881933850785,19,0.6166892858420825,-0.3520430366910399,1.0,Holm-Bonferroni,Nadeau-Bengio corrected (test_frac=0.3),accuracy,Spike2Vec | DT,Spike2Vec | MLP,0.7778833967046894,0.008614530547820534,0.782826362484157,0.01130091865711256,0.13190316212595668,-1.5743843220932359,0.01,0.30431888517636757,False,-0.02173849066412003,0.011852559105184663,False,inconclusive
Spike2Vec | DT vs Spike2Vec | NB,20,0.22287705956907478,0.17315394421088218,0.27260017492726735,9.381693876045448,19,1.4565278823690593e-08,6.490148610953439,6.845681047134579e-07,Holm-Bonferroni,Nadeau-Bengio corrected (test_frac=0.3),accuracy,Spike2Vec | DT,Spike2Vec | NB,0.7778833967046894,0.008614530547820534,0.5550063371356149,0.031213613788978727,3.347709910331346e-17,29.024826956335453,0.01,0.9999999850546261,False,0.18179875945311152,0.263955359685038,True,different
Spike2Vec | DT vs Spike2Vec | RF,20,-0.02325728770595692,-0.03430472488668024,-0.0122098505252336,-4.406276479562137,19,0.0003033583047637615,-3.0482117143393004,0.009100749142912845,Holm-Bonferroni,Nadeau-Bengio corrected (test_frac=0.3),accuracy,Spike2Vec | DT,Spike2Vec | RF,0.7778833967046894,0.008614530547820534,0.8011406844106463,0.008446289380849945,2.922674936439766e-11,-13.632017206147692,0.01,0.989394763468966,False,-0.03238402758846172,-0.014130547823452116,True,different
Spike2Vec | KNN vs Spike2Vec | LR,20,-0.0965145754119138,-0.12133122121458537,-0.07169792960924223,-8.13999319426114,19,1.2940285236331147e-07,-5.631154269251543,5.1761140945324584e-06,Holm-Bonferroni,Nadeau-Bengio corrected (test_frac=0.3),accuracy,Spike2Vec | KNN,Spike2Vec | LR,0.6988593155893537,0.013038590164865744,0.7953738910012675,0.008862216712241558,4.6545450970571e-16,-25.18328747566921,0.01,0.9999996803130916,False,-0.11701662193112365,-0.07601252889270395,True,different
Spike2Vec | KNN vs Spike2Vec | MLP,20,-0.08396704689480353,-0.10462558069961028,-0.06330851308999677,-8.50714046742072,19,6.647345828467393e-08,-5.885142557123115,2.7918852479563047e-06,Holm-Bonferroni,Nadeau-Bengio corrected (test_frac=0.3),accuracy,Spike2Vec | KNN,Spike2Vec | MLP,0.6988593155893537,0.013038590164865744,0.782826362484157,0.01130091865711256,2.0583114241886622e-16,-26.319157630008448,0.01,0.9999997819105838,False,-0.1010339069552885,-0.06690018683431856,True,different
Spike2Vec | KNN vs Spike2Vec | NB,20,0.14385297845373893,0.0980168485494417,0.18968910835803615,6.568786344540872,19,2.7410030720216623e-06,4.5442113261152555,8.771209830469319e-05,Holm-Bonferroni,Nadeau-Bengio corrected (test_frac=0.3),accuracy,Spike2Vec | KNN,Spike2Vec | NB,0.6988593155893537,0.013038590164865744,0.5550063371356149,0.031213613788978727,2.3810176813279638e-14,20.322330858636352,0.01,0.9999964587298952,False,0.10598587606485432,0.18172008084262353,True,different
Spike2Vec | KNN vs Spike2Vec | RF,20,-0.10228136882129277,-0.12386492514019516,-0.08069781250239037,-9.9185399337219,19,6.0032526756535496e-09,-6.861532578663256,3.121691391339846e-07,Holm-Bonferroni,Nadeau-Bengio corrected (test_frac=0.3),accuracy,Spike2Vec | KNN,Spike2Vec | RF,0.6988593155893537,0.013038590164865744,0.8011406844106463,0.008446289380849945,1.187746372012421e-17,-30.685706551440934,0.01,0.9999999847416754,False,-0.12011242782977835,-0.08445030981280718,True,different
Spike2Vec | LR vs Spike2Vec | MLP,20,0.012547528517110279,-0.006420422675924591,0.03151547971014515,1.3845606593151243,19,0.1822328357590946,0.9578232415767752,1.0,Holm-Bonferroni,Nadeau-Bengio corrected (test_frac=0.3),accuracy,Spike2Vec | LR,Spike2Vec | MLP,0.7953738910012675,0.008862216712241558,0.782826362484157,0.01130091865711256,0.0004011660201449747,4.283515757189744,0.01,0.6091669080434874,False,-0.0031226720742943397,0.028217729108514895,False,inconclusive
Spike2Vec | LR vs Spike2Vec | NB,20,0.24036755386565273,0.19169647541060594,0.28903863232069954,10.336632926774982,19,3.0794087722853734e-09,7.150764533357626,1.724468912479809e-07,Holm-Bonferroni,Nadeau-Bengio corrected (test_frac=0.3),accuracy,Spike2Vec | LR,Spike2Vec | NB,0.7953738910012675,0.008862216712241558,0.5550063371356149,0.031213613788978727,5.497855805785966e-18,31.97919117536443,0.01,0.9999999969397144,False,0.20015838448152667,0.2805767232497788,True,different
Spike2Vec | LR vs Spike2Vec | RF,20,-0.005766793409378956,-0.020344672216279832,0.008811085397521918,-0.8279693830984163,19,0.4179669437932242,-0.5727797573260032,1.0,Holm-Bonferroni,Nadeau-Bengio corrected (test_frac=0.3),accuracy,Spike2Vec | LR,Spike2Vec | RF,0.7953738910012675,0.008862216712241558,0.8011406844106463,0.008446289380849945,0.019085383179776802,-2.561548947033553,0.01,0.2752634914549117,False,-0.017810175574196348,0.006276588755438436,False,inconclusive
Spike2Vec | MLP vs Spike2Vec | NB,20,0.22782002534854245,0.18130684509636852,0.2743332056007164,10.251562902068242,19,3.5219023126343094e-09,7.091914062432119,1.9370462719488703e-07,Holm-Bonferroni,Nadeau-Bengio corrected (test_frac=0.3),accuracy,Spike2Vec | MLP,Spike2Vec | NB,0.782826362484157,0.01130091865711256,0.5550063371356149,0.031213613788978727,6.4149055033205344e-18,31.716003868369814,0.01,0.9999999963693256,False,0.1893935839644371,0.2662464667326478,True,different
Spike2Vec | MLP vs Spike2Vec | RF,20,-0.018314321926489234,-0.03402741066769366,-0.0026012331852848097,-2.439515041482572,19,0.02468452924630866,-1.687628627310525,0.6044938337205414,Holm-Bonferroni,Nadeau-Bengio corrected (test_frac=0.3),accuracy,Spike2Vec | MLP,Spike2Vec | RF,0.782826362484157,0.01130091865711256,0.8011406844106463,0.008446289380849945,3.93725699676157e-07,-7.5473046628819835,0.01,0.8590466886673416,False,-0.031295547467370566,-0.0053330963856079005,False,inconclusive
Spike2Vec | NB vs Spike2Vec | RF,20,-0.24613434727503164,-0.2944410650297968,-0.1978276295202665,-10.6644610399327,19,1.8489840074840754e-09,-7.377552275672971,1.127880244565286e-07,Holm-Bonferroni,Nadeau-Bengio corrected (test_frac=0.3),accuracy,Spike2Vec | NB,Spike2Vec | RF,0.5550063371356149,0.031213613788978727,0.8011406844106463,0.008446289380849945,3.068302366433864e-18,-32.993416791926066,0.01,0.9999999981812732,False,-0.286042503376124,-0.20622619117393928,True,different
Murmur2Vec | DT vs Murmur2Vec | KNN,20,0.11498698747510563,0.07570583232639416,0.1542681426238171,6.126869991938931,19,6.866247494852138e-06,4.2384986435345215,0.00021971991983526842,Holm-Bonferroni,Nadeau-Bengio corrected (test_frac=0.3),f1_macro,Murmur2Vec | DT,Murmur2Vec | KNN,0.6358776076647144,0.020960980242163533,0.5208906201896087,0.022627000628643926,8.427442108458306e-14,18.95514217896768,0.02,0.9999653219854138,False,0.08253521794142896,0.1474387570087823,True,different
Murmur2Vec | DT vs Murmur2Vec | LR,20,-0.02237636431024223,-0.05533889270769518,0.01058616408721072,-1.4208336261959347,19,0.1715695080653648,-0.9829164655432647,1.0,Holm-Bonferroni,Nadeau-Bengio corrected (test_frac=0.3),f1_macro,Murmur2Vec | DT,Murmur2Vec | LR,0.6358776076647144,0.020960980242163533,0.6582539719749566,0.015543584800380535,0.00031071773170242767,-4.39573606631714,0.02,0.5591743688243453,False,-0.04960805774572677,0.004855329125242305,False,inconclusive
Murmur2Vec | DT vs Murmur2Vec | MLP,20,-0.01790082261644138,-0.05870891400599291,0.022907268773110147,-0.9181231234818361,19,0.3700630928426134,-0.6351470846607493,1.0,Holm-Bonferroni,Nadeau-Bengio corrected (test_frac=0.3),f1_macro,Murmur2Vec | DT,Murmur2Vec | MLP,0.6358776076647144,0.020960980242163533,0.6537784302811558,0.02537802658765715,0.010458129572526453,-2.8404641140244986,0.02,0.4576948694547344,False,-0.05161405665626014,0.01581241142337738,False,inconclusive
Murmur2Vec | DT vs Murmur2Vec | NB,20,0.2935417949350779,0.2319696483288775,0.35511394154127834,9.978376126835016,19,5.449727609782797e-09,6.90292657326048,2.9973501853805385e-07,Holm-Bonferroni,Nadeau-Bengio corrected (test_frac=0.3),f1_macro,Murmur2Vec | DT,Murmur2Vec | NB,0.6358776076647144,0.020960980242163533,0.3423358127296364,0.0434249815849655,1.0617513880529504e-17,30.870826123000235,0.02,0.9999999916199568,False,0.24267452527883637,0.3444090645913195,True,different
Murmur2Vec | DT vs Murmur2Vec | RF,20,-0.004415863203898756,-0.033298102789866564,0.024466376382069055,-0.3200066213434096,19,0.7524556184053304,-0.22137692366096257,1.0,Holm-Bonferroni,Nadeau-Bengio corrected (test_frac=0.3),f1_macro,Murmur2Vec | DT,Murmur2Vec | RF,0.6358776076647144,0.020960980242163533,0.6402934708686132,0.022740514027826647,0.3346020035749796,-0.9900276999113878,0.02,0.1364050705760598,False,-0.02827666309921461,0.0194449366914171,False,inconclusive
Murmur2Vec | DT vs Spike2Vec | DT,20,0.0010409481699513278,-0.019238949299888553,0.021320845639791208,0.10743296717059743,19,0.9155718377365087,0.07432089896187971,1.0,Holm-Bonferroni,Nadeau-Bengio corrected (test_frac=0.3),f1_macro,Murmur2Vec | DT,Spike2Vec | DT,0.6358776076647144,0.020960980242163533,0.6348366594947631,0.024146218516158075,0.7432464280061704,0.3323731644553132,0.02,0.032620893154803085,True,-0.01571310492157097,0.017795001261473625,False,equivalent (TOST)
Murmur2Vec | DT vs Spike2Vec | KNN,20,0.11323955540590565,0.07215752553909312,0.15432158527271816,5.7692649108004534,19,1.4702244886331525e-05,3.9911115350565076,0.00045576959147627726,Holm-Bonferroni,Nadeau-Bengio corrected (test_frac=0.3),f1_macro,Murmur2Vec | DT,Spike2Vec | KNN,0.6358776076647144,0.020960980242163533,0.5226380522588088,0.02079374968520409,2.493402948082297e-13,17.848793396339772,0.02,0.999930401349003,False,0.07930000958129274,0.14717910123051856,True,different
Murmur2Vec | DT vs Spike2Vec | LR,20,-0.02137529220331243,-0.053530351565511974,0.010779767158887118,-1.3913518319960572,19,0.1801969191347207,-0.962521297229011,1.0,Holm-Bonferroni,Nadeau-Bengio corrected (test_frac=0.3),f1_macro,Murmur2Vec | DT,Spike2Vec | LR,0.6358776076647144,0.020960980242163533,0.6572528998680267,0.014027757211813598,0.00038241427916720343,-4.304526100790698,0.02,0.5351971914252187,False,-0.047939902429598544,0.005189318022973684,False,inconclusive
Murmur2Vec | DT vs Spike2Vec | MLP,20,-0.015786429860039048,-0.04605570072150561,0.014482841001427514,-1.0915815442503105,19,0.28866633003851594,-0.7551436378933329,1.0,Holm-Bonferroni,Nadeau-Bengio corrected (test_frac=0.3),f1_macro,Murmur2Vec | DT,Spike2Vec | MLP,0.6358776076647144,0.020960980242163533,0.6516640375247533,0.01854082402800666,0.0031640820678791853,-3.377105014211957,0.02,0.3869683838494711,False,-0.040793113045143124,0.009220253325065028,False,inconclusive
Murmur2Vec | DT vs Spike2Vec | NB,20,0.28786099524959086,0.2293722200089243,0.34634977049025745,10.301121623835698,19,3.256614102585872e-09,7.1261982198017115,1.8562700384739472e-07,Holm-Bonferroni,Nadeau-Bengio corrected (test_frac=0.3),f1_macro,Murmur2Vec | DT,Spike2Vec | NB,0.6358776076647144,0.020960980242163533,0.34801661241512355,0.04036987226965141,5.862668578526525e-18,31.86932728122923,0.02,0.9999999948180334,False,0.2395410248405896,0.3361809656585921,True,different
Murmur2Vec | DT vs Spike2Vec | RF,20,-0.01476740895845513,-0.03671166929738029,0.007176851380470032,-1.4085023461239419,19,0.17513661839850636,-0.9743858269093535,1.0,Holm-Bonferroni,Nadeau-Bengio corrected (test_frac=0.3),f1_macro,Murmur2Vec | DT,Spike2Vec | RF,0.6358776076647144,0.020960980242163533,0.6506450166231696,0.018552091017501465,0.00033889290278250054,-4.357585890563317,0.02,0.3117262060292743,False,-0.0328964603167923,0.003361642399882042,False,inconclusive
Murmur2Vec | KNN vs Murmur2Vec | LR,20,-0.13736335178534786,-0.17255287473744763,-0.1021738288332481,-8.170181785988714,19,1.2242484809539035e-07,-5.652038392018288,5.753967860483347e-06,Holm-Bonferroni,Nadeau-Bengio corrected (test_frac=0.3),f1_macro,Murmur2Vec | KNN,Murmur2Vec | LR,0.5208906201896087,0.022627000628643926,0.6582539719749566,0.015543584800380535,4.346849763326302e-16,-25.276684111983,0.02,0.9999994038312239,False,-0.16643485654426599,-0.10829184702642973,True,different
Murmur2Vec | KNN vs Murmur2Vec | MLP,20,-0.13288781009154702,-0.17392785581621317,-0.09184776436688086,-6.777219131899677,19,1.79350902073304e-06,-4.688402746473571,6.994685180858856e-05,Holm-Bonferroni,Nadeau-Bengio corrected (test_frac=0.3),f1_macro,Murmur2Vec | KNN,Murmur2Vec | MLP,0.5208906201896087,0.022627000628643926,0.6537784302811558,0.02537802658765715,1.3473600290305528e-14,-20.967174494023233,0.02,0.9999924559886125,False,-0.16679267109846946,-0.09898294908462456,True,different
Murmur2Vec | KNN vs Murmur2Vec | NB,20,0.17855480745997232,0.12272764956122029,0.23438196535872435,6.694224121559881,19,2.122017453095211e-06,4.630987746774183,7.85146457645228e-05,Holm-Bonferroni,Nadeau-Bengio corrected (test_frac=0.3),f1_macro,Murmur2Vec | KNN,Murmur2Vec | NB,0.5208906201896087,0.022627000628643926,0.3423358127296364,0.0434249815849655,1.6869331788840637e-14,20.710406809511312,0.02,0.9999949469962937,False,0.1324337080424083,0.22467590687753633,True,different
Murmur2Vec | KNN vs Murmur2Vec | RF,20,-0.11940285067900436,-0.15843903747080612,-0.0803666638872026,-6.402086350518232,19,3.864050640649127e-06,-4.428890175271222,0.0001275136711414212,Holm-Bonferroni,Nadeau-Bengio corrected (test_frac=0.3),f1_macro,Murmur2Vec | KNN,Murmur2Vec | RF,0.5208906201896087,0.022627000628643926,0.6402934708686132,0.022740514027826647,3.79981942757639e-14,-19.806598993574823,0.02,0.9999808656793044,False,-0.15165224182967824,-0.08715345952833047,True,different
Murmur2Vec | KNN vs Spike2Vec | DT,20,-0.1139460393051543,-0.15096877558240457,-0.07692330302790405,-6.441765929569769,19,3.5595887987365104e-06,-4.456340054607202,0.00012102601915704135,Holm-Bonferroni,Nadeau-Bengio corrected (test_frac=0.3),f1_macro,Murmur2Vec | KNN,Spike2Vec | DT,0.5208906201896087,0.022627000628643926,0.6348366594947631,0.024146218516158075,3.3963189906251866e-14,-19.92935858591366,0.02,0.9999800640780255,False,-0.14453203660148958,-0.08336004200881902,True,different
Murmur2Vec | KNN vs Spike2Vec | KNN,20,-0.0017474320691999805,-0.01829561053436111,0.014800746395961151,-0.22101631076676637,19,0.8274375300651731,-0.15289655804945318,1.0,Holm-Bonferroni,Nadeau-Bengio corrected (test_frac=0.3),f1_macro,Murmur2Vec | KNN,Spike2Vec | KNN,0.5208906201896087,0.022627000628643926,0.5226380522588088,0.02079374968520409,0.502372555237148,-0.68377419464864,0.02,0.01618839335313842,True,-0.015418559400372064,0.011923695261972102,False,equivalent (TOST)
Murmur2Vec | KNN vs Spike2Vec | LR,20,-0.13636227967841807,-0.17380967205581332,-0.09891488730102282,-7.621612971192105,19,3.415786362963325e-07,-5.272544754898537,1.4687881360742298e-05,Holm-Bonferroni,Nadeau-Bengio corrected (test_frac=0.3),f1_macro,Murmur2Vec | KNN,Spike2Vec | LR,0.5208906201896087,0.022627000628643926,0.6572528998680267,0.014027757211813598,1.5660211168443889e-15,-23.579536972726192,0.02,0.9999984337593174,False,-0.16729910275471843,-0.10542545660211772,True,different
Murmur2Vec | KNN vs Spike2Vec | MLP,20,-0.1307734173351447,-0.16456169230125914,-0.09698514236903025,-8.100795569887138,19,1.3908486356136392e-07,-5.604037800653781,6.258818860261377e-06,Holm-Bonferroni,Nadeau-Bengio corrected (test_frac=0.3),f1_macro,Murmur2Vec | KNN,Spike2Vec | MLP,0.5208906201896087,0.022627000628643926,0.6516640375247533,0.01854082402800666,5.088614060459093e-16,-25.062018941480545,0.02,0.9999992439198773,False,-0.15868729379803712,-0.10285954087225227,True,different
Murmur2Vec | KNN vs Spike2Vec | NB,20,0.1728740077744852,0.12042078279394712,0.22532723275502325,6.898135563413109,19,1.406057998513965e-06,4.772051351980953,5.764837793907257e-05,Holm-Bonferroni,Nadeau-Bengio corrected (test_frac=0.3),f1_macro,Murmur2Vec | KNN,Spike2Vec | NB,0.5208906201896087,0.022627000628643926,0.34801661241512355,0.04036987226965141,9.754878620384437e-15,21.341262430298375,0.02,0.9999963673947934,False,0.129540252391725,0.21620776315724538,True,different
Murmur2Vec | KNN vs Spike2Vec | RF,20,-0.12975439643356074,-0.1636386824631242,-0.09587011040399726,-8.01489730855536,19,1.6302593154078864e-07,-5.544614365096029,7.1731409877947e-06,Holm-Bonferroni,Nadeau-Bengio corrected (test_frac=0.3),f1_macro,Murmur2Vec | KNN,Spike2Vec | RF,0.5208906201896087,0.022627000628643926,0.6506450166231696,0.018552091017501465,6.195527477905486e-16,-24.796269258753114,0.02,0.9999991073732897,False,-0.15774759156444895,-0.10176120130267252,True,different
Murmur2Vec | LR vs Murmur2Vec | MLP,20,0.00447554169380085,-0.020197835980371035,0.029148919367972734,0.3796568327747887,19,0.7084104292451032,0.26264225825612947,1.0,Holm-Bonferroni,Nadeau-Bengio corrected (test_frac=0.3),f1_macro,Murmur2Vec | LR,Murmur2Vec | MLP,0.6582539719749566,0.015543584800380535,0.6537784302811558,0.02537802658765715,0.2546777211487205,1.1745718864495218,0.02,0.10176313606734785,False,-0.015908145162359597,0.024859228549961296,False,inconclusive
Murmur2Vec | LR vs Murmur2Vec | NB,20,0.31591815924532024,0.26240491847370584,0.36943140001693464,12.356274764722826,19,1.5781993593161428e-10,8.547929676706538,9.784836027760086e-09,Holm-Bonferroni,Nadeau-Bengio corrected (test_frac=0.3),f1_macro,Murmur2Vec | LR,Murmur2Vec | NB,0.6582539719749566,0.015543584800380535,0.3423358127296364,0.0434249815849655,1.945842140868286e-19,38.227503648007236,0.02,0.9999999997620683,False,0.27170868144493165,0.3601276370457088,True,different
Murmur2Vec | LR vs Murmur2Vec | RF,20,0.017960501106343472,-0.014227633189012802,0.05014863540169975,1.1678763515730206,19,0.2573035304522251,0.8079235137143471,1.0,Holm-Bonferroni,Nadeau-Bengio corrected (test_frac=0.3),f1_macro,Murmur2Vec | LR,Murmur2Vec | RF,0.6582539719749566,0.015543584800380535,0.6402934708686132,0.022740514027826647,0.0018522124813691952,3.6131437945715277,0.02,0.447945032363625,False,-0.00863143367554902,0.044552435888235965,False,inconclusive
Murmur2Vec | LR vs Spike2Vec | DT,20,0.023417312480193558,-0.013472683568063217,0.06030730852845033,1.3286257403368855,19,0.1997091343694227,0.9191281038429238,1.0,Holm-Bonferroni,Nadeau-Bengio corrected (test_frac=0.3),f1_macro,Murmur2Vec | LR,Spike2Vec | DT,0.6582539719749566,0.015543584800380535,0.6348366594947631,0.024146218516158075,0.0005953484248152749,4.110465840446527,0.02,0.5758391725169849,False,-0.007059022681644003,0.05389364764203112,False,inconclusive
Murmur2Vec | LR vs Spike2Vec | KNN,20,0.13561591971614786,0.1022189832344433,0.16901285619785245,8.499204179464003,19,6.74251376408806e-08,5.879652323809286,3.3712568820440304e-06,Holm-Bonferroni,Nadeau-Bengio corrected (test_frac=0.3),f1_macro,Murmur2Vec | LR,Spike2Vec | KNN,0.6582539719749566,0.015543584800380535,0.5226380522588088,0.02079374968520409,2.0941922790160191e-16,26.294604560204338,0.02,0.9999996469359897,False,0.10802534398760627,0.16320649544468946,True,different
Murmur2Vec | LR vs Spike2Vec | LR,20,0.0010010721069298012,-0.005162227989951987,0.00716437220381159,0.3399587829677964,19,0.7376170030612069,0.23517960106260635,1.0,Holm-Bonferroni,Nadeau-Bengio corrected (test_frac=0.3),f1_macro,Murmur2Vec | LR,Spike2Vec | LR,0.6582539719749566,0.015543584800380535,0.6572528998680267,0.014027757211813598,0.30610531240321287,1.0517551497945392,0.02,1.7428081025875135e-06,True,-0.004090682286587716,0.006092826500447319,False,equivalent (TOST)
Murmur2Vec | LR vs Spike2Vec | MLP,20,0.006589934450203183,-0.012300076234226708,0.025479945134633072,0.7301685293708043,19,0.47419467211865773,0.5051222443697314,1.0,Holm-Bonferroni,Nadeau-Bengio corrected (test_frac=0.3),f1_macro,Murmur2Vec | LR,Spike2Vec | MLP,0.6582539719749566,0.015543584800380535,0.6516640375247533,0.01854082402800666,0.03583300147438103,2.2589753507159593,0.02,0.07686272115348486,False,-0.009015876297954441,0.02219574519836081,False,inconclusive
Murmur2Vec | LR vs Spike2Vec | NB,20,0.31023735955983306,0.2615874190165476,0.35888730010311853,13.347071936441553,19,4.2109973841451405e-11,9.233351837430188,2.7792582735357928e-09,Holm-Bonferroni,Nadeau-Bengio corrected (test_frac=0.3),f1_macro,Murmur2Vec | LR,Spike2Vec | NB,0.6582539719749566,0.015543584800380535,0.34801661241512355,0.04036987226965141,4.5693431308472474e-20,41.29280473733297,0.02,0.999999999933994,False,0.27004565306951206,0.35042906605015406,True,different
Murmur2Vec | LR vs Spike2Vec | RF,20,0.0076089553517871,-0.01775762059057013,0.03297553129414433,0.6278232669792865,19,0.5375932226167196,0.4343209614325437,1.0,Holm-Bonferroni,Nadeau-Bengio corrected (test_frac=0.3),f1_macro,Murmur2Vec | LR,Spike2Vec | RF,0.6582539719749566,0.015543584800380535,0.6506450166231696,0.018552091017501465,0.06706777635822327,1.9423423876324644,0.02,0.1597172024649849,False,-0.013347410957284818,0.028565321660859018,False,inconclusive
Murmur2Vec | MLP vs Murmur2Vec | NB,20,0.31144261755151936,0.25785413902311544,0.3650310960799233,12.164123856543052,19,2.0590150633918715e-10,8.41500187429757,1.2559991886690416e-08,Holm-Bonferroni,Nadeau-Bengio corrected (test_frac=0.3),f1_macro,Murmur2Vec | MLP,Murmur2Vec | NB,0.6537784302811558,0.02537802658765715,0.3423358127296364,0.0434249815849655,2.611137203976723e-19,37.63303244343501,0.02,0.9999999996857311,False,0.2671709827617469,0.35571425234129184,True,different
Murmur2Vec | MLP vs Murmur2Vec | RF,20,0.013484959412542625,-0.020852704264703023,0.04782262308978827,0.8219646126324578,19,0.42129264865559246,0.5686257257392081,1.0,Holm-Bonferroni,Nadeau-Bengio corrected (test_frac=0.3),f1_macro,Murmur2Vec | MLP,Murmur2Vec | RF,0.6537784302811558,0.02537802658765715,0.6402934708686132,0.022740514027826647,0.019852710513305897,2.5429715530160424,0.02,0.34785268367347055,False,-0.014882789543929418,0.04185270836901467,False,inconclusive
Murmur2Vec | MLP vs Spike2Vec | DT,20,0.018941770786392708,-0.021632984965217043,0.05951652653800246,0.9770997053367294,19,0.34079756990031473,0.6759464100130342,1.0,Holm-Bonferroni,Nadeau-Bengio corrected (test_frac=0.3),f1_macro,Murmur2Vec | MLP,Spike2Vec | DT,0.6537784302811558,0.02537802658765715,0.6348366594947631,0.024146218516158075,0.006997099440106776,3.0229242438721786,0.02,0.4785182646093742,False,-0.01457869513553815,0.05246223670832356,False,inconclusive
Murmur2Vec | MLP vs Spike2Vec | KNN,20,0.13114037802234704,0.09441325934767009,0.167867496697024,7.4734957603471575,19,4.5373404823009475e-07,5.170078961095761,1.905683002566398e-05,Holm-Bonferroni,Nadeau-Bengio corrected (test_frac=0.3),f1_macro,Murmur2Vec | MLP,Spike2Vec | KNN,0.6537784302811558,0.02537802658765715,0.5226380522588088,0.02079374968520409,2.2466818881161107e-15,23.12129601210323,0.02,0.9999977734611294,False,0.10079860252327022,0.16148215352142387,True,different
Murmur2Vec | MLP vs Spike2Vec | LR,20,-0.0034744695868710483,-0.029400856258590773,0.022451917084848675,-0.28049216860456067,19,0.7821312797208515,-0.19404127682106312,1.0,Holm-Bonferroni,Nadeau-Bengio corrected (test_frac=0.3),f1_macro,Murmur2Vec | MLP,Spike2Vec | LR,0.6537784302811558,0.02537802658765715,0.6572528998680267,0.014027757211813598,0.3963436703186308,-0.8677789708255028,0.02,0.09897151889110722,False,-0.024893318445220722,0.017944379271478624,False,inconclusive
Murmur2Vec | MLP vs Spike2Vec | MLP,20,0.0021143927564023337,-0.021770268409356957,0.025999053922161623,0.18528522841098424,19,0.8549689237594,0.12817820360480867,1.0,Holm-Bonferroni,Nadeau-Bengio corrected (test_frac=0.3),f1_macro,Murmur2Vec | MLP,Spike2Vec | MLP,0.6537784302811558,0.02537802658765715,0.6516640375247533,0.01854082402800666,0.5732114491385103,0.5732303529883215,0.02,0.0667714030218481,False,-0.017617703120279212,0.021846488633083878,False,inconclusive
Murmur2Vec | MLP vs Spike2Vec | NB,20,0.3057618178660322,0.25576059149009084,0.3557630442419735,12.799022865989759,19,8.656814524469519e-11,8.854217753508625,5.626929440905187e-09,Holm-Bonferroni,Nadeau-Bengio corrected (test_frac=0.3),f1_macro,Murmur2Vec | MLP,Spike2Vec | NB,0.6537784302811558,0.02537802658765715,0.34801661241512355,0.04036987226965141,1.0047133759121242e-19,39.59726556886152,0.02,0.999999999863297,False,0.2644537588588502,0.34706987687321417,True,different
Murmur2Vec | MLP vs Spike2Vec | RF,20,0.0031334136579862504,-0.027468359855923465,0.03373518717189597,0.21431144033516872,19,0.832587467771491,0.14825820530705922,1.0,Holm-Bonferroni,Nadeau-Bengio corrected (test_frac=0.3),f1_macro,Murmur2Vec | MLP,Spike2Vec | RF,0.6537784302811558,0.02537802658765715,0.6506450166231696,0.018552091017501465,0.5152748857054511,0.6630308505774091,0.02,0.13148522846590938,False,-0.022147963573297763,0.028414790889270264,False,inconclusive
Murmur2Vec | NB vs Murmur2Vec | RF,20,-0.29795765813897673,-0.3670164879858505,-0.22889882829210298,-9.030453412877566,19,2.6496843067713887e-08,-6.247164472453648,1.3513389964534081e-06,Holm-Bonferroni,Nadeau-Bengio corrected (test_frac=0.3),f1_macro,Murmur2Vec | NB,Murmur2Vec | RF,0.3423358127296364,0.0434249815849655,0.6402934708686132,0.022740514027826647,6.803660516065827e-17,-27.93816885405594,0.02,0.9999999614313387,False,-0.3550099831526329,-0.2409053331253206,True,different
Murmur2Vec | NB vs Spike2Vec | DT,20,-0.2925008467651266,-0.35912513463161533,-0.2258765588986379,-9.189010912072064,19,2.0187261260200185e-08,-6.3568527384267,1.0497375855304097e-06,Holm-Bonferroni,Nadeau-Bengio corrected (test_frac=0.3),f1_macro,Murmur2Vec | NB,Spike2Vec | DT,0.3423358127296364,0.0434249815849655,0.6348366594947631,0.024146218516158075,4.923952367465515e-17,-28.42870969215558,0.02,0.9999999697975015,False,-0.34754189703473776,-0.23745979649551546,True,different
Murmur2Vec | NB vs Spike2Vec | KNN,20,-0.1803022395291723,-0.23841941979522913,-0.12218505926311546,-6.493379800441623,19,3.2001605043398607e-06,-4.492045940641303,0.00011200561765189512,Holm-Bonferroni,Nadeau-Bengio corrected (test_frac=0.3),f1_macro,Murmur2Vec | NB,Spike2Vec | KNN,0.3423358127296364,0.0434249815849655,0.5226380522588088,0.02079374968520409,2.937643309287158e-14,-20.089040162651877,0.02,0.9999927093059954,False,-0.22831522012511296,-0.13228925893323162,True,different
Murmur2Vec | NB vs Spike2Vec | LR,20,-0.3149170871383904,-0.37214124989459774,-0.25769292438218305,-11.51836928279629,19,5.158600677140509e-10,-7.968276239759388,3.0435743995129005e-08,Holm-Bonferroni,Nadeau-Bengio corrected (test_frac=0.3),f1_macro,Murmur2Vec | NB,Spike2Vec | LR,0.3423358127296364,0.0434249815849655,0.6572528998680267,0.014027757211813598,7.260137093570361e-19,-35.635214671196806,0.02,0.9999999992335858,False,-0.36219230942988556,-0.2676418648468952,True,different
Murmur2Vec | NB vs Spike2Vec | MLP,20,-0.309328224795117,-0.3640642259909824,-0.2545922235992516,-11.828255646349476,19,3.3038347648020545e-10,-8.182652084733759,1.9823008588812327e-08,Holm-Bonferroni,Nadeau-Bengio corrected (test_frac=0.3),f1_macro,Murmur2Vec | NB,Spike2Vec | MLP,0.3423358127296364,0.0434249815849655,0.6516640375247533,0.01854082402800666,4.414455251363825e-19,-36.59393259539011,0.02,0.9999999994954943,False,-0.35454787501361473,-0.2641085745766193,True,different
Murmur2Vec | NB vs Spike2Vec | NB,20,-0.005680799685487109,-0.017217542739711027,0.005855943368736808,-1.0306245301741501,19,0.31565874442594244,-0.7129742721624376,1.0,Holm-Bonferroni,Nadeau-Bengio corrected (test_frac=0.3),f1_macro,Murmur2Vec | NB,Spike2Vec | NB,0.3423358127296364,0.0434249815849655,0.34801661241512355,0.04036987226965141,0.004837068564147057,-3.188517877527293,0.02,0.008833523643506093,True,-0.015211775170998018,0.0038501758000238006,False,equivalent (TOST)
Murmur2Vec | NB vs Spike2Vec | RF,20,-0.30830920389353306,-0.37132228425859015,-0.24529612352847593,-10.24070837683514,19,3.582961277219209e-09,-7.084405025919636,2.006458315242757e-07,Holm-Bonferroni,Nadeau-Bengio corrected (test_frac=0.3),f1_macro,Murmur2Vec | NB,Spike2Vec | RF,0.3423358127296364,0.0434249815849655,0.6506450166231696,0.018552091017501465,6.543005850859831e-18,-31.68242243619493,0.02,0.9999999947398536,False,-0.36036688788659044,-0.2562515199004757,True,different
Murmur2Vec | RF vs Spike2Vec | DT,20,0.005456811373850084,-0.02277455924948706,0.033688181997187226,0.4045583765031794,19,0.6903202384979947,0.2798688616365773,1.0,Holm-Bonferroni,Nadeau-Bengio corrected (test_frac=0.3),f1_macro,Murmur2Vec | RF,Spike2Vec | DT,0.6402934708686132,0.022740514027826647,0.6348366594947631,0.024146218516158075,0.225902157535128,1.2516115988097398,0.02,0.14722031829131396,False,-0.017866279039859385,0.028779901787559556,False,inconclusive
Murmur2Vec | RF vs Spike2Vec | KNN,20,0.11765541860980441,0.0814088946794041,0.15390194254020473,6.793909996849578,19,1.7340523068621868e-06,4.699949296105381,6.936209227448748e-05,Holm-Bonferroni,Nadeau-Bengio corrected (test_frac=0.3),f1_macro,Murmur2Vec | RF,Spike2Vec | KNN,0.6402934708686132,0.022740514027826647,0.5226380522588088,0.02079374968520409,1.2882073870955907e-14,21.01881223378784,0.02,0.9999902622227465,False,0.08771068209344887,0.14760015512615995,True,different
Murmur2Vec | RF vs Spike2Vec | LR,20,-0.016959428999413672,-0.04671486732665742,0.01279600932783007,-1.1929413525829895,19,0.24757720718528273,-0.8252631949742271,1.0,Holm-Bonferroni,Nadeau-Bengio corrected (test_frac=0.3),f1_macro,Murmur2Vec | RF,Spike2Vec | LR,0.6402934708686132,0.022740514027826647,0.6572528998680267,0.014027757211813598,0.001552341622398094,-3.690689206582069,0.02,0.4164609157261111,False,-0.0415416141035327,0.007622756104705353,False,inconclusive
Murmur2Vec | RF vs Spike2Vec | MLP,20,-0.01137056665614029,-0.04114609640999939,0.01840496309771881,-0.7992761076054297,19,0.43400927809665746,-0.5529300772421111,1.0,Holm-Bonferroni,Nadeau-Bengio corrected (test_frac=0.3),f1_macro,Murmur2Vec | RF,Spike2Vec | MLP,0.6402934708686132,0.022740514027826647,0.6516640375247533,0.01854082402800666,0.023022147476187353,-2.4727784790351395,0.02,0.27565065086003243,False,-0.035969350109866294,0.013228216797585717,False,inconclusive
Murmur2Vec | RF vs Spike2Vec | NB,20,0.2922768584534895,0.22842538149209296,0.35612833541488603,9.580710179341366,19,1.0445224375393014e-08,6.62782581524712,5.640421162712227e-07,Holm-Bonferroni,Nadeau-Bengio corrected (test_frac=0.3),f1_macro,Murmur2Vec | RF,Spike2Vec | NB,0.6402934708686132,0.022740514027826647,0.34801661241512355,0.04036987226965141,2.2651681736571817e-17,29.640538131841048,0.02,0.9999999841008729,False,0.23952654072755886,0.34502717617942014,True,different
Murmur2Vec | RF vs Spike2Vec | RF,20,-0.010351545754556374,-0.025981778616493145,0.005278687107380399,-1.3861619629069009,19,0.18175112991867845,-0.9589310051021254,1.0,Holm-Bonferroni,Nadeau-Bengio corrected (test_frac=0.3),f1_macro,Murmur2Vec | RF,Spike2Vec | RF,0.6402934708686132,0.022740514027826647,0.6506450166231696,0.018552091017501465,0.00039666274376668316,-4.2884698262811,0.02,0.1059239393806491,False,-0.02326432066336427,0.0025612291542515247,False,inconclusive
Spike2Vec | DT vs Spike2Vec | KNN,20,0.11219860723595432,0.07711099956086533,0.14728621491104332,6.692801230295385,19,2.1281623919060816e-06,4.63000340685798,7.85146457645228e-05,Holm-Bonferroni,Nadeau-Bengio corrected (test_frac=0.3),f1_macro,Spike2Vec | DT,Spike2Vec | KNN,0.6348366594947631,0.024146218516158075,0.5226380522588088,0.02079374968520409,1.693483988099198e-14,20.706004707580114,0.02,0.999986818478115,False,0.08321129885743776,0.14118591561447086,True,different
Spike2Vec | DT vs Spike2Vec | LR,20,-0.022416240373263757,-0.05874365113910444,0.013911170392576923,-1.2915242050434348,19,0.21201337435728054,-0.8934616857173168,1.0,Holm-Bonferroni,Nadeau-Bengio corrected (test_frac=0.3),f1_macro,Spike2Vec | DT,Spike2Vec | LR,0.6348366594947631,0.024146218516158075,0.6572528998680267,0.014027757211813598,0.00077378682210087,-3.9956821291109463,0.02,0.5546265836957139,False,-0.05242780081401972,0.007595320067492205,False,inconclusive
Spike2Vec | DT vs Spike2Vec | MLP,20,-0.016827378029990375,-0.04907207078185084,0.015417314721870093,-1.0922760920821253,19,0.2883687479931767,-0.755624118146201,1.0,Holm-Bonferroni,Nadeau-Bengio corrected (test_frac=0.3),f1_macro,Spike2Vec | DT,Spike2Vec | MLP,0.6348366594947631,0.024146218516158075,0.6516640375247533,0.01854082402800666,0.00314875384865571,-3.379253787226476,0.02,0.41951535391990025,False,-0.0434660380670009,0.009811282007020153,False,inconclusive
Spike2Vec | DT vs Spike2Vec | NB,20,0.2868200470796395,0.22309827808908558,0.3505418160701934,9.420976023330228,19,1.3635010415401437e-08,6.517323551534963,7.226555520162762e-07,Holm-Bonferroni,Nadeau-Bengio corrected (test_frac=0.3),f1_macro,Spike2Vec | DT,Spike2Vec | NB,0.6348366594947631,0.024146218516158075,0.34801661241512355,0.04036987226965141,3.0973551249642846e-17,29.14635698518506,0.02,0.9999999789307263,False,0.23417688641567738,0.33946320774360156,True,different
Spike2Vec | DT vs Spike2Vec | RF,20,-0.015808357128406458,-0.03769974306896415,0.006083028812151236,-1.511428825030716,19,0.14713331537855426,-1.0455891887897462,1.0,Holm-Bonferroni,Nadeau-Bengio corrected (test_frac=0.3),f1_macro,Spike2Vec | DT,Spike2Vec | RF,0.6348366594947631,0.024146218516158075,0.6506450166231696,0.018552091017501465,0.00016459728189288796,-4.676017005345467,0.02,0.3465335337793034,False,-0.03389372678279279,0.002277012525979876,False,inconclusive
Spike2Vec | KNN vs Spike2Vec | LR,20,-0.1346148476092181,-0.16886081159020536,-0.10036888362823085,-8.227308604395537,19,1.1026930217329498e-07,-5.691558072155999,5.292926504318159e-06,Holm-Bonferroni,Nadeau-Bengio corrected (test_frac=0.3),f1_macro,Spike2Vec | KNN,Spike2Vec | LR,0.5226380522588088,0.02079374968520409,0.6572528998680267,0.014027757211813598,3.8216439880983483e-16,-25.453421494456936,0.02,0.9999994320582779,False,-0.1629068396945386,-0.10632285552389761,True,different
Spike2Vec | KNN vs Spike2Vec | MLP,20,-0.12902598526594466,-0.16224962166459037,-0.09580234886729896,-8.128384490036032,19,1.3219503819768132e-07,-5.623123500331026,6.080971757093341e-06,Holm-Bonferroni,Nadeau-Bengio corrected (test_frac=0.3),f1_macro,Spike2Vec | KNN,Spike2Vec | MLP,0.5226380522588088,0.02079374968520409,0.6516640375247533,0.01854082402800666,4.7788872036146395e-16,-25.147372785233475,0.02,0.9999992537799722,False,-0.15647339070495933,-0.10157857982693,True,different
Spike2Vec | KNN vs Spike2Vec | NB,20,0.17462143984368522,0.12016643964899096,0.2290764400383795,6.711722940069868,19,2.0479272205010805e-06,4.643093229445698,7.782123437904106e-05,Holm-Bonferroni,Nadeau-Bengio corrected (test_frac=0.3),f1_macro,Spike2Vec | KNN,Spike2Vec | NB,0.5226380522588088,0.02079374968520409,0.34801661241512355,0.04036987226965141,1.6085125045061576e-14,20.764544173819218,0.02,0.9999949319588786,False,0.12963393604996076,0.21960894363740968,True,different
Spike2Vec | KNN vs Spike2Vec | RF,20,-0.12800696436436082,-0.16046063498717528,-0.09555329374154635,-8.255511638737204,19,1.0473739899123157e-07,-5.711068609013806,5.132132550570346e-06,Holm-Bonferroni,Nadeau-Bengio corrected (test_frac=0.3),f1_macro,Spike2Vec | KNN,Spike2Vec | RF,0.5226380522588088,0.02079374968520409,0.6506450166231696,0.018552091017501465,3.587369217948609e-16,-25.540675267840076,0.02,0.9999993857849923,False,-0.15481826957130496,-0.10119565915741668,True,different
Spike2Vec | LR vs Spike2Vec | MLP,20,0.005588862343273382,-0.013715547848785585,0.02489327253533235,0.605956007195684,19,0.5517150852188163,0.41919344100978945,1.0,Holm-Bonferroni,Nadeau-Bengio corrected (test_frac=0.3),f1_macro,Spike2Vec | LR,Spike2Vec | MLP,0.6572528998680267,0.014027757211813598,0.6516640375247533,0.01854082402800666,0.07629352457586523,1.8746900596398746,0.02,0.06733818788963307,False,-0.010359300794103354,0.021537025480650118,False,inconclusive
Spike2Vec | LR vs Spike2Vec | NB,20,0.30923628745290327,0.25706584873207183,0.3614067261737347,12.406240085468076,19,1.4735370921200919e-10,8.582495114602422,9.283283680356579e-09,Holm-Bonferroni,Nadeau-Bengio corrected (test_frac=0.3),f1_macro,Spike2Vec | LR,Spike2Vec | NB,0.6572528998680267,0.014027757211813598,0.34801661241512355,0.04036987226965141,1.8039030568164344e-19,38.38208498562173,0.02,0.9999999997721126,False,0.26613615337003993,0.3523364215357666,True,different
Spike2Vec | LR vs Spike2Vec | RF,20,0.006607883244857299,-0.01726179607242183,0.030477562562136427,0.579415349338014,19,0.5691159939120497,0.40083291720623987,1.0,Holm-Bonferroni,Nadeau-Bengio corrected (test_frac=0.3),f1_macro,Spike2Vec | LR,Spike2Vec | RF,0.6572528998680267,0.014027757211813598,0.6506450166231696,0.018552091017501465,0.08897785816466798,1.792579300985395,0.02,0.12739313874630082,False,-0.013111835513783136,0.026327602003497735,False,inconclusive
Spike2Vec | MLP vs Spike2Vec | NB,20,0.3036474251096299,0.25260922449051487,0.3546856257287449,12.4522682442602,19,1.3835424330437568e-10,8.614336868852387,8.854671571480043e-09,Holm-Bonferroni,Nadeau-Bengio corrected (test_frac=0.3),f1_macro,Spike2Vec | MLP,Spike2Vec | NB,0.6516640375247533,0.01854082402800666,0.34801661241512355,0.04036987226965141,1.6827708663675558e-19,38.52448563967325,0.02,0.9999999997812092,False,0.2614826792503319,0.34581217096892786,True,different
Spike2Vec | MLP vs Spike2Vec | RF,20,0.001019020901583917,-0.019400334776684115,0.02143837657985195,0.10445164345855795,19,0.9179056855299619,0.07225845328798061,1.0,Holm-Bonferroni,Nadeau-Bengio corrected (test_frac=0.3),f1_macro,Spike2Vec | MLP,Spike2Vec | RF,0.6516640375247533,0.01854082402800666,0.6506450166231696,0.018552091017501465,0.7501113908600188,0.3231496270018357,0.02,0.03332561401235528,True,-0.015850244322126356,0.01788828612529419,False,equivalent (TOST)
Spike2Vec | NB vs Spike2Vec | RF,20,-0.30262840420804593,-0.36111936655350496,-0.2441374418625869,-10.829169228120966,19,1.4371190956631857e-09,-7.491495518002824,8.335290754846478e-08,Holm-Bonferroni,Nadeau-Bengio corrected (test_frac=0.3),f1_macro,Spike2Vec | NB,Spike2Vec | RF,0.34801661241512355,0.04036987226965141,0.6506450166231696,0.018552091017501465,2.3039091955600636e-18,-33.50298646277863,0.02,0.9999999978065939,False,-0.3509501814738059,-0.25430662694228595,True,different
