accuracy,balanced_accuracy,precision_weighted,recall_weighted,f1_weighted,precision_macro,recall_macro,f1_macro,mcc,kappa,roc_auc_ovr_macro,roc_auc_available,train_time,test_time,classifier,corpus,embedding,protocol,jaccard,n_clusters,split,m,k
0.9921097770154373,0.9891670931506304,0.9921235735279763,0.9921097770154373,0.9921047535542493,0.9913053083426927,0.9891670931506304,0.990217544103932,0.9906814433207765,0.990678395107301,0.9998630529786225,True,3.870375605998561,0.020136966020800173,LR,pfam8,Murmur2Vec,stratified,,,0,66577,3
0.9931389365351629,0.9880357861919256,0.9931644971168444,0.9931389365351629,0.9931024012358485,0.9930225712365368,0.9880357861919256,0.9904232362583022,0.9919002640725529,0.9918918678354987,0.9999161900299169,True,3.4804517829907127,0.01765655301278457,LR,pfam8,Murmur2Vec,stratified,,,1,66577,3
0.9910806174957119,0.9824778069318358,0.9911993443178533,0.9910806174957119,0.990982947441596,0.9931291398013551,0.9824778069318358,0.9874704253262582,0.98948165266896,0.989453088579305,0.999857284663554,True,3.509890329965856,0.017215537023730576,LR,pfam8,Murmur2Vec,stratified,,,2,66577,3
0.9945111492281303,0.99060775641287,0.9945399235476597,0.9945111492281303,0.9944988218409834,0.9955562999640417,0.99060775641287,0.9930338528680728,0.9935194870329249,0.9935131207702808,0.9999636736459607,True,3.9838641679962166,0.017052063019946218,LR,pfam8,Murmur2Vec,stratified,,,3,66577,3
0.9910806174957119,0.9842390698833696,0.9911355552221316,0.9910806174957119,0.991045907451175,0.9927564904523516,0.9842390698833696,0.9883806247790154,0.9894695283586425,0.9894555288075259,0.9997514435068178,True,3.2389295900356956,0.0173750719986856,LR,pfam8,Murmur2Vec,stratified,,,4,66577,3
0.9921097770154373,0.9883739769203175,0.9921261640102564,0.9921097770154373,0.9920982768324559,0.9913647942078523,0.9883739769203175,0.9898412013913396,0.9906825709066548,0.9906772881664202,0.9999405096913194,True,3.5304590259911492,0.01769951405003667,LR,pfam8,Murmur2Vec,stratified,,,5,66577,3
0.9924528301886792,0.9867888166966194,0.9924861419312416,0.9924528301886792,0.9924247351275298,0.9936414335015733,0.9867888166966194,0.9901220802417896,0.9910880768872776,0.991079593174922,0.9998918000749698,True,3.2345395439770073,0.01662335795117542,LR,pfam8,Murmur2Vec,stratified,,,6,66577,3
0.9934819897084048,0.9894183043065847,0.9934795108922607,0.9934819897084048,0.9934669175223353,0.9931866082564744,0.9894183043065847,0.9912740506781152,0.9923009400008778,0.9922981099393527,0.9999040584990806,True,3.551369770022575,0.016423736000433564,LR,pfam8,Murmur2Vec,stratified,,,7,66577,3
0.9941680960548885,0.9928117527638854,0.9941865604242315,0.9941680960548885,0.9941712280503355,0.9930291398957363,0.9928117527638854,0.9929130831765081,0.9931132975088867,0.9931112262753997,0.9999339603366457,True,3.088219495024532,0.01643323397729546,LR,pfam8,Murmur2Vec,stratified,,,8,66577,3
0.9910806174957119,0.9830134858438635,0.9911701827607589,0.9910806174957119,0.9910348361288723,0.9934134253926046,0.9830134858438635,0.9880167667789422,0.9894720355254756,0.9894552574007982,0.9997222711664114,True,3.1278307490283623,0.018496281991247088,LR,pfam8,Murmur2Vec,stratified,,,9,66577,3
0.9317324185248713,0.8555006166455783,0.9363878944088628,0.9317324185248713,0.9265506424419753,0.953723266060382,0.8555006166455783,0.8859288093732657,0.9197247560254249,0.9186854485101993,0.9961271167073865,True,1.042548575962428,0.0911242039874196,RF,pfam8,Murmur2Vec,stratified,,,0,66577,3
0.9252144082332762,0.8442717678328149,0.9307129373271146,0.9252144082332762,0.9192365393441991,0.9503267044367474,0.8442717678328149,0.8756010341703088,0.9120534825968715,0.9108576321462974,0.9954857393355627,True,1.0323787840316072,0.09221961797447875,RF,pfam8,Murmur2Vec,stratified,,,1,66577,3
0.9149228130360206,0.8187738447682681,0.9223600798882995,0.9149228130360206,0.9059701068705115,0.9448248061478173,0.8187738447682681,0.8503673673767591,0.9000913408511709,0.8984115884873962,0.9928191588545003,True,1.0089481750037521,0.09024821902858093,RF,pfam8,Murmur2Vec,stratified,,,2,66577,3
0.9231560891938251,0.8352303252498381,0.929521458457354,0.9231560891938251,0.9160085113769949,0.9507330359691212,0.8352303252498381,0.8677151096891371,0.9097583918689545,0.9083136399187269,0.9954280887882835,True,1.0214058220153674,0.08996687701437622,RF,pfam8,Murmur2Vec,stratified,,,3,66577,3
0.9248713550600343,0.839428582766895,0.9307012760638501,0.9248713550600343,0.9181341229868571,0.9503207092566648,0.839428582766895,0.8708974328742005,0.9117431396230482,0.9103982696803161,0.9946830524169639,True,1.0214544420014136,0.09344760596286505,RF,pfam8,Murmur2Vec,stratified,,,4,66577,3
0.9248713550600343,0.8448395421567052,0.9309693843578589,0.9248713550600343,0.9193807419740364,0.9515012094447148,0.8448395421567052,0.8786371563704738,0.9117492868619888,0.910408279232968,0.9942483273702791,True,1.007849275949411,0.08924528799252585,RF,pfam8,Murmur2Vec,stratified,,,5,66577,3
0.9234991423670669,0.8340473858708628,0.9300510612595959,0.9234991423670669,0.915894198620513,0.9514908339946822,0.8340473858708628,0.8657465041505381,0.9101860740015125,0.9087185961049411,0.996423237964577,True,1.0180459570256062,0.08992164296796545,RF,pfam8,Murmur2Vec,stratified,,,6,66577,3
0.9361921097770154,0.8577022528900089,0.9405544153785148,0.9361921097770154,0.9304858546029167,0.9573609857377905,0.8577022528900089,0.8875962843988392,0.9250369327988707,0.9239946629867929,0.9962829078112349,True,1.023802829964552,0.09041550999972969,RF,pfam8,Murmur2Vec,stratified,,,7,66577,3
0.9300171526586621,0.8491226518450716,0.9351093169203509,0.9300171526586621,0.9237105347759323,0.9538123538576099,0.8491226518450716,0.8790070371577973,0.917775906624383,0.9165931939844317,0.9955565653322449,True,1.0246634270297363,0.09004076395649463,RF,pfam8,Murmur2Vec,stratified,,,8,66577,3
0.9238421955403088,0.837653385135984,0.9291732398065328,0.9238421955403088,0.9171176657529209,0.9469706723514666,0.837653385135984,0.8691071008559597,0.9104727013793658,0.9091955740682665,0.995217056919104,True,1.02327260596212,0.07929618598427624,RF,pfam8,Murmur2Vec,stratified,,,9,66577,3
0.7989708404802744,0.7465823140769524,0.8001244753311495,0.7989708404802744,0.7988311482198955,0.7484805106577255,0.7465823140769524,0.7460087607900086,0.7627618190202963,0.7626341895199644,0.8587255164795361,True,5.630312299006619,0.00696949299890548,DT,pfam8,Murmur2Vec,stratified,,,0,66577,3
0.811663807890223,0.7601652088115027,0.8134219985884666,0.811663807890223,0.8115933948449863,0.7662152742939565,0.7601652088115027,0.7612802162169652,0.7776881686752274,0.7774860829299839,0.866414905575529,True,5.771362579020206,0.007147944008465856,DT,pfam8,Murmur2Vec,stratified,,,1,66577,3
0.8061749571183533,0.744781540396545,0.8037575832695012,0.8061749571183533,0.8044255273002132,0.7527633490609917,0.744781540396545,0.74776241745636,0.7708276385358726,0.7707035428859103,0.8582971091217967,True,5.72191397001734,0.0070796869695186615,DT,pfam8,Murmur2Vec,stratified,,,2,66577,3
0.7975986277873071,0.7383466810090233,0.7955767358800683,0.7975986277873071,0.7959872693101949,0.7459233268283508,0.7383466810090233,0.7413292219227562,0.7607702782571664,0.760583881045471,0.8544128669455271,True,5.601686750014778,0.007211271033156663,DT,pfam8,Murmur2Vec,stratified,,,3,66577,3
0.8065180102915952,0.7469633513709012,0.8067804372840182,0.8065180102915952,0.8061067305717492,0.7558459001593749,0.7469633513709012,0.7502760615779285,0.7713462820370928,0.7712477548243883,0.8594403484700274,True,5.597618732019328,0.006929347990080714,DT,pfam8,Murmur2Vec,stratified,,,4,66577,3
0.7989708404802744,0.7404402842827651,0.8007950545929307,0.7989708404802744,0.7988876170141932,0.7406329048388645,0.7404402842827651,0.7386445788544698,0.7628342300550767,0.7625604149114934,0.8556903417141475,True,5.722666706016753,0.006906296010129154,DT,pfam8,Murmur2Vec,stratified,,,5,66577,3
0.8102915951972556,0.760576181339892,0.8116834323426882,0.8102915951972556,0.810354352951057,0.7662350263709448,0.760576181339892,0.7618483638254889,0.7759584998972999,0.7758711783623251,0.8665140397158121,True,5.609296901966445,0.0069062759866937995,DT,pfam8,Murmur2Vec,stratified,,,6,66577,3
0.8072041166380789,0.7560320537235595,0.8089539337196249,0.8072041166380789,0.8076321888304886,0.7572374578139779,0.7560320537235595,0.755969812694613,0.7725004105074058,0.7723654619338856,0.8640475199665845,True,5.709725773020182,0.0067127670045010746,DT,pfam8,Murmur2Vec,stratified,,,7,66577,3
0.8133790737564323,0.7629136417858187,0.8145738080772257,0.8133790737564323,0.8133666302680307,0.762946224764914,0.7629136417858187,0.7620355091293681,0.779831360425603,0.7796542883389046,0.8679389941353972,True,5.684061338019092,0.006646875001024455,DT,pfam8,Murmur2Vec,stratified,,,8,66577,3
0.7924528301886793,0.7449758476811095,0.7972253417681177,0.7924528301886793,0.7940010925025989,0.7462850695764928,0.7449758476811095,0.743522927807719,0.7551927106308707,0.7550285424408371,0.857439542635412,True,5.627132108027581,0.006727483996655792,DT,pfam8,Murmur2Vec,stratified,,,9,66577,3
0.9927958833619211,0.9899320752279361,0.9928201050489289,0.9927958833619211,0.9927923002128919,0.9932179026797482,0.9899320752279361,0.9915462462593447,0.9914917915404596,0.9914880238588404,0.9998951269819858,True,2.341774753993377,0.015801552042830735,LR,pfam8,Spike2Vec,stratified,,,0,66577,3
0.9921097770154373,0.9878666574118145,0.9921210784858452,0.9921097770154373,0.9920813094379096,0.9915899430631607,0.9878666574118145,0.9896624994736585,0.9906834183637713,0.9906767371903695,0.9998849164230013,True,2.1281657610088587,0.015313857002183795,LR,pfam8,Spike2Vec,stratified,,,1,66577,3
0.9921097770154373,0.9848922392506707,0.992195153520544,0.9921097770154373,0.9920252137274788,0.9943650283704957,0.9848922392506707,0.9893513454702856,0.9906933587667995,0.9906712446141726,0.9998988795011827,True,2.1054503790219314,0.01613979897229001,LR,pfam8,Spike2Vec,stratified,,,2,66577,3
0.9948542024013722,0.9919293545996934,0.9948780760523589,0.9948542024013722,0.9948478556854501,0.9960748378494448,0.9919293545996934,0.993969906697957,0.9939236533767876,0.9939191300621938,0.9999824098315031,True,2.054223129991442,0.015845564019400626,LR,pfam8,Spike2Vec,stratified,,,3,66577,3
0.9921097770154373,0.9867848049296711,0.9921527250641273,0.9921097770154373,0.9920935270674075,0.9934275736363442,0.9867848049296711,0.9900355286077702,0.9906828894319851,0.9906741344068036,0.999669731214329,True,2.112613291013986,0.01578889903612435,LR,pfam8,Spike2Vec,stratified,,,4,66577,3
0.9903945111492282,0.9854943825837754,0.9904470957984556,0.9903945111492282,0.9903726157077413,0.9899049838923394,0.9854943825837754,0.9876287851829035,0.9886592734526296,0.9886482755378683,0.9999137438601864,True,1.8408448540139943,0.015867183974478394,LR,pfam8,Spike2Vec,stratified,,,5,66577,3
0.9948542024013722,0.9912116701147894,0.9948556488479068,0.9948542024013722,0.9948328019633588,0.9953236517852381,0.9912116701147894,0.9932229047636264,0.993923424603051,0.9939191816477078,0.9999088005933937,True,2.0710739179630764,0.015259325969964266,LR,pfam8,Spike2Vec,stratified,,,6,66577,3
0.995197255574614,0.9921723033692328,0.9952085783259015,0.995197255574614,0.9951856935636885,0.9956582800470701,0.9921723033692328,0.9938850652267577,0.9943289674886575,0.9943247352817899,0.9999249542914721,True,2.1035001800046302,0.015441864961758256,LR,pfam8,Spike2Vec,stratified,,,7,66577,3
0.9945111492281303,0.9937797886464954,0.9945392476735117,0.9945111492281303,0.9945109146901449,0.9944735268663161,0.9937797886464954,0.994113535571743,0.9935214177667281,0.9935158858017362,0.9999335587635811,True,1.934784112032503,0.015364251041319221,LR,pfam8,Spike2Vec,stratified,,,8,66577,3
0.9924528301886792,0.9853465822216372,0.9925133851033129,0.9924528301886792,0.9924160718745838,0.994376864598004,0.9853465822216372,0.9897156470670296,0.9910905495009739,0.9910783794898163,0.9998548295854137,True,2.315092100005131,0.015078380005434155,LR,pfam8,Spike2Vec,stratified,,,9,66577,3
0.9392795883361921,0.8667059607722816,0.9431574897848224,0.9392795883361921,0.934292588033055,0.9574636911732453,0.8667059607722816,0.8941295863697027,0.928606960334206,0.9277642961815761,0.997239878640643,True,1.3118408279842697,0.07052559097064659,RF,pfam8,Spike2Vec,stratified,,,0,66577,3
0.9334476843910806,0.8548416713420621,0.9378373569401282,0.9334476843910806,0.9278311103570482,0.9534563892543872,0.8548416713420621,0.8843472729535014,0.9217459839802448,0.9207512341848606,0.9962335483580927,True,1.3271498450194485,0.06972760002827272,RF,pfam8,Spike2Vec,stratified,,,1,66577,3
0.9317324185248713,0.8449785197186108,0.9369812573910398,0.9317324185248713,0.9247911255441227,0.9545002098866481,0.8449785197186108,0.8760435843395364,0.9198783475096934,0.9186215785914085,0.9948899745994195,True,1.3109662549686618,0.0700805849628523,RF,pfam8,Spike2Vec,stratified,,,2,66577,3
0.9368782161234992,0.8624969314363103,0.9406356308546856,0.9368782161234992,0.931997186717865,0.9554549872056943,0.8624969314363103,0.8921262857467457,0.9257740832820588,0.9248510499500371,0.9973175249179138,True,1.313180122000631,0.06903619697550312,RF,pfam8,Spike2Vec,stratified,,,3,66577,3
0.9320754716981132,0.8518210833619144,0.9370839054249266,0.9320754716981132,0.9262240577046499,0.9544611242582588,0.8518210833619144,0.8822193457186532,0.9201864514507128,0.9190803278847113,0.9977126384005418,True,1.3138603849802166,0.06916476500919089,RF,pfam8,Spike2Vec,stratified,,,4,66577,3
0.9317324185248713,0.8508103368025799,0.9367327914056928,0.9317324185248713,0.9259946349140864,0.9544558378124425,0.8508103368025799,0.8827855965184486,0.9198091718048464,0.9186424765416114,0.9968192132757534,True,1.3205547480029054,0.0690595000050962,RF,pfam8,Spike2Vec,stratified,,,5,66577,3
0.934819897084048,0.8529864740324787,0.9394139067953521,0.934819897084048,0.928387082232281,0.9550472601209554,0.8529864740324787,0.8815716175744649,0.9234456380282343,0.9223671045656301,0.9976770851631569,True,1.3210526410257444,0.07038733398076147,RF,pfam8,Spike2Vec,stratified,,,6,66577,3
0.9379073756432247,0.8678887609566321,0.9416205374881118,0.9379073756432247,0.9334089983600822,0.9561533219366358,0.8678887609566321,0.8957096928605621,0.9269417838724898,0.9261265968753671,0.9970554610858362,True,1.3165138590265997,0.0693532059667632,RF,pfam8,Spike2Vec,stratified,,,7,66577,3
0.9427101200686107,0.8749195402985576,0.9466427346740615,0.9427101200686107,0.9386403383896446,0.9612417250324599,0.8749195402985576,0.902889873378334,0.9326959156779433,0.9318460677769054,0.9975541954446215,True,1.3206676370464265,0.06956805399386212,RF,pfam8,Spike2Vec,stratified,,,8,66577,3
0.9365351629502573,0.8645577362908724,0.940974614259553,0.9365351629502573,0.9322521044098595,0.9549760873728121,0.8645577362908724,0.8940434282378793,0.925427531934899,0.9244792530983778,0.9972779841992893,True,1.3223091429681517,0.07208855095086619,RF,pfam8,Spike2Vec,stratified,,,9,66577,3
0.8130360205831904,0.7695637633469323,0.8148937450730743,0.8130360205831904,0.8128965231881711,0.7745195474838322,0.7695637633469323,0.7698872324823159,0.7794913781650904,0.7793005159645325,0.8712050509717726,True,5.492778026033193,0.0052141069900244474,DT,pfam8,Spike2Vec,stratified,,,0,66577,3
0.8202401372212693,0.7723588382419195,0.8231020395728974,0.8202401372212693,0.8209577050102159,0.7753055444302108,0.7723588382419195,0.7727823547311137,0.7879272718296197,0.7877268880294286,0.8731517142040754,True,5.408425420988351,0.0051887090085074306,DT,pfam8,Spike2Vec,stratified,,,1,66577,3
0.8113207547169812,0.7591742301608961,0.8096400417574158,0.8113207547169812,0.8098631337013875,0.766740245071613,0.7591742301608961,0.7615697362508035,0.7770211728771357,0.7769247294712313,0.865840804077165,True,5.326740271993913,0.005181826010812074,DT,pfam8,Spike2Vec,stratified,,,2,66577,3
0.8271012006861064,0.7837476279533953,0.827568184599466,0.8271012006861064,0.8267058128199045,0.785906439267408,0.7837476279533953,0.7838553439748548,0.7959223250382339,0.7957387882331105,0.8793179948776723,True,5.20935829798691,0.005118708999361843,DT,pfam8,Spike2Vec,stratified,,,3,66577,3
0.8099485420240137,0.7730750018464176,0.8123489497910333,0.8099485420240137,0.8101837336813164,0.7680779644128954,0.7730750018464176,0.7694750106814722,0.7760487701920071,0.7757123024283309,0.8727319538885885,True,5.402322605019435,0.005221028986852616,DT,pfam8,Spike2Vec,stratified,,,4,66577,3
0.8164665523156089,0.7712608560326994,0.81903204081072,0.8164665523156089,0.8171082172528638,0.7698186068405074,0.7712608560326994,0.7689846024672562,0.7834385499646997,0.7833077831900945,0.872335404044201,True,5.432524232019205,0.005178440012969077,DT,pfam8,Spike2Vec,stratified,,,5,66577,3
0.8178387650085763,0.7646219607074312,0.8186207607228987,0.8178387650085763,0.8175626783185608,0.7761895940817396,0.7646219607074312,0.7688197940091429,0.7846970779506125,0.7846012953437815,0.8690511254343818,True,5.392525092989672,0.0051619490259326994,DT,pfam8,Spike2Vec,stratified,,,6,66577,3
0.8034305317324185,0.7605857878629967,0.8069165980942175,0.8034305317324185,0.8043178252105181,0.7551614840659878,0.7605857878629967,0.7565440459167307,0.7684022580463176,0.7681331574603099,0.8660813039176353,True,5.36936400202103,0.005138105014339089,DT,pfam8,Spike2Vec,stratified,,,7,66577,3
0.8250428816466552,0.7794237588698466,0.8254125124747633,0.8250428816466552,0.8249508335715418,0.7820153789885528,0.7794237588698466,0.7802442303440141,0.7933972935090903,0.7933313296442099,0.8769951073326077,True,5.41628743003821,0.0051592939998954535,DT,pfam8,Spike2Vec,stratified,,,8,66577,3
0.8003430531732418,0.7536769750349124,0.8028023588194622,0.8003430531732418,0.8005895485070634,0.7581048699591266,0.7536769750349124,0.7537200627481839,0.7643709076097022,0.7641979445763081,0.8623391652795012,True,5.162785510008689,0.005114631960168481,DT,pfam8,Spike2Vec,stratified,,,9,66577,3
0.9932065217391305,0.9905461527265813,0.993226917024704,0.9932065217391305,0.9932037063027274,0.991369955198252,0.9905461527265813,0.9909467607557018,0.9919541841662137,0.9919492925755331,0.9999342957575301,True,3.793121339986101,0.01733146299375221,LR,pfam8,Murmur2Vec,jaccard_group,0.9,8500,0,66577,3
0.9914704878880928,0.9842568745219572,0.9915380085017657,0.9914704878880928,0.9914318545304568,0.993266961280815,0.9842568745219572,0.9886313220385674,0.9899632492972867,0.9899467876024787,0.9997900352051422,True,2.8816317409509793,0.01612002501497045,LR,pfam8,Murmur2Vec,jaccard_group,0.9,8500,1,66577,3
0.9944636678200692,0.9910976986784942,0.9945076445494933,0.9944636678200692,0.9944422813578788,0.9960959503901538,0.9910976986784942,0.9935289669126186,0.9934912957756489,0.9934806154050915,0.9999155490558677,True,3.195636319986079,0.01675359101500362,LR,pfam8,Murmur2Vec,jaccard_group,0.9,8500,2,66577,3
0.993238674780257,0.9880137026608939,0.993257018941061,0.993238674780257,0.9932177118903449,0.9932363885595022,0.9880137026608939,0.9905575826953155,0.991983375925334,0.9919777546771344,0.9999567390462456,True,3.305140777025372,0.016585770004894584,LR,pfam8,Murmur2Vec,jaccard_group,0.9,8500,3,66577,3
0.991304347826087,0.9854136959844273,0.9913382619008031,0.991304347826087,0.991269290349962,0.9924582226570783,0.9854136959844273,0.9888590480212629,0.9897150130912981,0.989700882091686,0.9998665683721242,True,3.3353486270061694,0.0166794239776209,LR,pfam8,Murmur2Vec,jaccard_group,0.9,8500,4,66577,3
0.9913374913374914,0.9866704765719571,0.9913631902694358,0.9913374913374914,0.9913270745459681,0.9900129274490395,0.9866704765719571,0.9883076624046319,0.9897548233164577,0.9897484381820166,0.9999268270786427,True,2.894184705975931,0.01633945299545303,LR,pfam8,Murmur2Vec,jaccard_group,0.9,8500,5,66577,3
0.9944827586206897,0.989495399485849,0.9945057953137417,0.9944827586206897,0.9944686760782924,0.9946062529968496,0.989495399485849,0.9920063407383211,0.993458520954199,0.9934517909986682,0.999780602139529,True,3.484619913971983,0.016013709013350308,LR,pfam8,Murmur2Vec,jaccard_group,0.9,8500,6,66577,3
0.9915196743554953,0.9855689995295555,0.9915275797030432,0.9915196743554953,0.9914970153420373,0.9907278881545672,0.9855689995295555,0.9881064111125695,0.9899814307148246,0.9899738708463155,0.9999160264144155,True,3.143810120993294,0.01668094703927636,LR,pfam8,Murmur2Vec,jaccard_group,0.9,8500,7,66577,3
0.9904632152588556,0.9829553249665213,0.9905314242111516,0.9904632152588556,0.9904188595796235,0.9921797152856386,0.9829553249665213,0.9874137349233757,0.988778163667741,0.9887617824047145,0.9998195419603761,True,3.133922259963583,0.016655338986311108,LR,pfam8,Murmur2Vec,jaccard_group,0.9,8500,8,66577,3
0.9927710843373494,0.9859565765289741,0.9928216158141612,0.9927710843373494,0.9927385720119629,0.9941356265870684,0.9859565765289741,0.9899291853693803,0.9914588309836054,0.9914475371135953,0.9999248060356825,True,3.557863410038408,0.01617604901548475,LR,pfam8,Murmur2Vec,jaccard_group,0.9,8500,9,66577,3
0.923233695652174,0.8267152214524602,0.929302213261945,0.923233695652174,0.9158162244409521,0.950734036700976,0.8267152214524602,0.8605293382509631,0.9094603158059166,0.9081062521459562,0.9944452436516329,True,1.013101019023452,0.09022261499194428,RF,pfam8,Murmur2Vec,jaccard_group,0.9,8500,0,66577,3
0.90992835209826,0.8208213972290064,0.918106951795068,0.90992835209826,0.8996454435263799,0.940130261534839,0.8208213972290064,0.8484748264516111,0.8947303419214665,0.8927838639842772,0.9926474394594266,True,0.9911312680342235,0.08947033900767565,RF,pfam8,Murmur2Vec,jaccard_group,0.9,8500,1,66577,3
0.9155709342560554,0.8236463313595843,0.923480793908721,0.9155709342560554,0.907369954607547,0.9445704687099193,0.8236463313595843,0.8550975618797669,0.9014092404399177,0.8996138215635536,0.9948766149289836,True,1.0120824389741756,0.07944169797701761,RF,pfam8,Murmur2Vec,jaccard_group,0.9,8500,2,66577,3
0.9259634888438134,0.829353377501602,0.9309398884737582,0.9259634888438134,0.9182884577568292,0.9498279856777214,0.829353377501602,0.8614559312867294,0.9125491306049707,0.9113436284622478,0.9936951433355948,True,1.002321865002159,0.09279347595293075,RF,pfam8,Murmur2Vec,jaccard_group,0.9,8500,3,66577,3
0.9085217391304348,0.8109673066828753,0.9168026088656825,0.9085217391304348,0.8991195186812585,0.9395055208622402,0.8109673066828753,0.843122990863946,0.8923993531351005,0.8904493254692043,0.9940458926322613,True,1.0028527799877338,0.08981227304320782,RF,pfam8,Murmur2Vec,jaccard_group,0.9,8500,4,66577,3
0.911988911988912,0.8255996677307642,0.9197381111877007,0.911988911988912,0.9038549594848214,0.938714460864474,0.8255996677307642,0.8552670759129737,0.8965379256630759,0.8947607494077956,0.993597775022253,True,1.0133939730003476,0.08057865803129971,RF,pfam8,Murmur2Vec,jaccard_group,0.9,8500,5,66577,3
0.9189655172413793,0.8240364828522633,0.9253956453298503,0.9189655172413793,0.9106993505794877,0.9470680966594358,0.8240364828522633,0.8556566279823723,0.9043507823959254,0.9028216652787442,0.995041616036302,True,0.9976612660102546,0.09060640697134659,RF,pfam8,Murmur2Vec,jaccard_group,0.9,8500,6,66577,3
0.9097693351424695,0.80248695375168,0.9182199000186556,0.9097693351424695,0.8981224824960298,0.9411791528565959,0.80248695375168,0.8308818758087717,0.8941087005718993,0.8921162545010146,0.9931352839906875,True,1.0034465719945729,0.0824712099856697,RF,pfam8,Murmur2Vec,jaccard_group,0.9,8500,7,66577,3
0.9046321525885559,0.8088935607754009,0.9143735347638462,0.9046321525885559,0.8923112857163602,0.937873371805154,0.8088935607754009,0.8349300611296302,0.8886394251710497,0.8864010090809548,0.9936017915958885,True,1.0013660810072906,0.08988764398964122,RF,pfam8,Murmur2Vec,jaccard_group,0.9,8500,8,66577,3
0.9115318416523236,0.8155427980251754,0.9194931819642981,0.9115318416523236,0.899332134954074,0.9407633556456996,0.8155427980251754,0.8411053037955696,0.8961741202786891,0.8942178987874769,0.994414714598459,True,1.0030517999548465,0.09037779300706461,RF,pfam8,Murmur2Vec,jaccard_group,0.9,8500,9,66577,3
0.7819293478260869,0.7197087220025631,0.7866281115737535,0.7819293478260869,0.7835003638565622,0.7118741856175944,0.7197087220025631,0.7138751494504417,0.7423314123203277,0.7421441222222191,0.8441220540431786,True,4.703065642039292,0.007003698032349348,DT,pfam8,Murmur2Vec,jaccard_group,0.9,8500,0,66577,3
0.7830092118730808,0.7255778993135311,0.78258367696913,0.7830092118730808,0.7813262881832689,0.7275782145401942,0.7255778993135311,0.7250928772798995,0.7448913081463523,0.7444104578428954,0.847095574523077,True,4.400752580026165,0.006599387037567794,DT,pfam8,Murmur2Vec,jaccard_group,0.9,8500,1,66577,3
0.7868512110726643,0.7253161201193061,0.787209899450315,0.7868512110726643,0.7853782262787359,0.7352156167645836,0.7253161201193061,0.7268682125792794,0.7491210312425605,0.7488058953234669,0.8472143998215766,True,4.664232073002495,0.00656812998931855,DT,pfam8,Murmur2Vec,jaccard_group,0.9,8500,2,66577,3
0.7816091954022989,0.7218678055546954,0.785804493416183,0.7816091954022989,0.7832089754830428,0.7236725624912002,0.7218678055546954,0.7214476196100973,0.7412874768355051,0.741190454455448,0.8450406973838015,True,4.530808416020591,0.006579831009730697,DT,pfam8,Murmur2Vec,jaccard_group,0.9,8500,3,66577,3
0.7749565217391304,0.7129954654121029,0.7761979651154546,0.7749565217391304,0.7747076266258829,0.7188838267664007,0.7129954654121029,0.7145004180904215,0.733730739673505,0.7335172513779169,0.8401443570401339,True,4.665621652966365,0.00634918303694576,DT,pfam8,Murmur2Vec,jaccard_group,0.9,8500,4,66577,3
0.7754677754677755,0.7207604974960333,0.7782110048041695,0.7754677754677755,0.7761944157756921,0.7237658543986006,0.7207604974960333,0.7208950589030225,0.7345967156251724,0.7344780003103697,0.8441162127012358,True,4.769870324002113,0.006933677999768406,DT,pfam8,Murmur2Vec,jaccard_group,0.9,8500,5,66577,3
0.786896551724138,0.7158516456222218,0.7892754894030596,0.786896551724138,0.7876116026471845,0.7137925233547671,0.7158516456222218,0.7137049405746859,0.7474923351983599,0.7473815965759367,0.8425855285243596,True,4.6320026910398155,0.006657995982095599,DT,pfam8,Murmur2Vec,jaccard_group,0.9,8500,6,66577,3
0.7886702849389416,0.7146897620913686,0.7910549521969928,0.7886702849389416,0.7886146263387597,0.7260955871470305,0.7146897620913686,0.7174477149353252,0.7502583277787538,0.7500493680683116,0.8420712112426891,True,4.587144440971315,0.0067147809895686805,DT,pfam8,Murmur2Vec,jaccard_group,0.9,8500,7,66577,3
0.7724795640326976,0.7009843205168865,0.7707428128387365,0.7724795640326976,0.7706406175819137,0.7171051235080089,0.7009843205168865,0.707611708372934,0.7316726381166377,0.7313911208120084,0.8339876217073052,True,4.529721343016718,0.00657660496653989,DT,pfam8,Murmur2Vec,jaccard_group,0.9,8500,8,66577,3
0.7817555938037866,0.7195360722551587,0.7805389864882866,0.7817555938037866,0.7799602630190864,0.7296034557831903,0.7195360722551587,0.7221662316574571,0.7419645150763368,0.7417373682303463,0.8438938766028943,True,4.651317787996959,0.006441856035962701,DT,pfam8,Murmur2Vec,jaccard_group,0.9,8500,9,66577,3
0.9928668478260869,0.9894878738930539,0.9928813245933752,0.9928668478260869,0.9928650566983179,0.9897995360529718,0.9894878738930539,0.9896332260388871,0.9915505687826869,0.9915475858448313,0.9999436941176996,True,2.4990843670093454,0.01575292501365766,LR,pfam8,Spike2Vec,jaccard_group,0.9,8500,0,66577,3
0.9914704878880928,0.9844290741385353,0.9915344657946451,0.9914704878880928,0.9914376610614916,0.9932993829369996,0.9844290741385353,0.9887393457854249,0.9899610597674364,0.9899472206791878,0.9998357703343181,True,2.298435410950333,0.015424144978169352,LR,pfam8,Spike2Vec,jaccard_group,0.9,8500,1,66577,3
0.9934256055363322,0.9892341572157161,0.9934856485585162,0.9934256055363322,0.9934024538768952,0.9953287866031086,0.9892341572157161,0.9922017057086268,0.9922711272645911,0.992257454649849,0.9999531023327863,True,2.12405399401905,0.01546059298561886,LR,pfam8,Spike2Vec,jaccard_group,0.9,8500,2,66577,3
0.9939148073022313,0.9883443642066587,0.9939230892099065,0.9939148073022313,0.993899189420502,0.9936616407790223,0.9883443642066587,0.990962517481844,0.9927842893890224,0.9927798685747319,0.9999615136473563,True,1.9313195869908668,0.015089654014445841,LR,pfam8,Spike2Vec,jaccard_group,0.9,8500,3,66577,3
0.9926956521739131,0.987966216558831,0.9927113521882368,0.9926956521739131,0.9926765949399866,0.9932836905403613,0.987966216558831,0.990584889221879,0.9913583486202406,0.9913507673212435,0.9998725508892097,True,2.136947351973504,0.015281360014341772,LR,pfam8,Spike2Vec,jaccard_group,0.9,8500,4,66577,3
0.9923769923769924,0.988018379637478,0.9924191016223061,0.9923769923769924,0.9923693860994932,0.9915627229720914,0.988018379637478,0.9897442133857547,0.9909858380774393,0.9909790370450251,0.9999387093224217,True,1.9636310430360027,0.01540440897224471,LR,pfam8,Spike2Vec,jaccard_group,0.9,8500,5,66577,3
0.9941379310344828,0.9887186563351006,0.9941676929421042,0.9941379310344828,0.9941239615996063,0.9937661507996143,0.9887186563351006,0.991185234656848,0.993049492704977,0.9930430855961533,0.9998382977062218,True,2.262606237025466,0.01509783900110051,LR,pfam8,Spike2Vec,jaccard_group,0.9,8500,6,66577,3
0.9918588873812755,0.9856379883031159,0.991902526199408,0.9918588873812755,0.991841574534323,0.9921887999156447,0.9856379883031159,0.9888309099360142,0.990383134482198,0.9903748963715133,0.9998566385934128,True,2.142936357005965,0.015473968000151217,LR,pfam8,Spike2Vec,jaccard_group,0.9,8500,7,66577,3
0.9914850136239782,0.9849875880145696,0.9915417143116851,0.9914850136239782,0.9914549236904274,0.9929239849886721,0.9849875880145696,0.9888553055112183,0.9899810716364394,0.989966338020949,0.9997167753325946,True,1.9315820249612443,0.015320451988372952,LR,pfam8,Spike2Vec,jaccard_group,0.9,8500,8,66577,3
0.9931153184165232,0.9873886610243954,0.9931618080059084,0.9931153184165232,0.9930945241837257,0.9943783226374185,0.9873886610243954,0.9907990044635279,0.991865032349402,0.9918556181936238,0.9999483459678393,True,2.1642010420328006,0.014854296983685344,LR,pfam8,Spike2Vec,jaccard_group,0.9,8500,9,66577,3
0.9358016304347826,0.8497979929181434,0.9403640188916763,0.9358016304347826,0.9302169363181091,0.9562973707321405,0.8497979929181434,0.8816422947491283,0.9242976490548154,0.9232956343043932,0.9962080965267119,True,1.2708563550258987,0.0693100790376775,RF,pfam8,Spike2Vec,jaccard_group,0.9,8500,0,66577,3
0.9201637666325486,0.8388201985340161,0.9269848748918343,0.9201637666325486,0.9120331278703449,0.9465734057618386,0.8388201985340161,0.8670420477288876,0.9066657460756363,0.9050751194183603,0.9950353196682374,True,1.2502705110237002,0.0693893869756721,RF,pfam8,Spike2Vec,jaccard_group,0.9,8500,1,66577,3
0.9314878892733564,0.8499210781798082,0.9371785450764156,0.9314878892733564,0.9254618703064634,0.9541893612556944,0.8499210781798082,0.8804349152745667,0.9199343861267071,0.9186840636709096,0.9967611906611766,True,1.2875289769726805,0.06974337401334196,RF,pfam8,Spike2Vec,jaccard_group,0.9,8500,2,66577,3
0.9374577417173766,0.8556540242081725,0.9412631404856743,0.9374577417173766,0.932534540830401,0.9573885382780472,0.8556540242081725,0.8880656906369349,0.9260976891153199,0.9252263786655444,0.9960238557395142,True,1.2714069760404527,0.07945169101003557,RF,pfam8,Spike2Vec,jaccard_group,0.9,8500,3,66577,3
0.9245217391304348,0.8390818548732364,0.9304773904127677,0.9245217391304348,0.9173699715053337,0.9470517227094926,0.8390818548732364,0.8684309417445073,0.9111745835344744,0.909856715705384,0.9954763876341791,True,1.290952468989417,0.06960374402115121,RF,pfam8,Spike2Vec,jaccard_group,0.9,8500,4,66577,3
0.9230769230769231,0.8456456744720451,0.9303203051203831,0.9230769230769231,0.9170670930254755,0.9458011782035816,0.8456456744720451,0.8746843837876165,0.9096649708951294,0.9081775853628056,0.9961392672850058,True,1.3127561039873399,0.06879234802909195,RF,pfam8,Spike2Vec,jaccard_group,0.9,8500,5,66577,3
0.9348275862068965,0.8539327838577437,0.9394717260767209,0.9348275862068965,0.9295891574368254,0.9546022325348288,0.8539327838577437,0.884902738970351,0.9230858793972673,0.9220391741415277,0.9970601884412049,True,1.3027186450199224,0.06941499398089945,RF,pfam8,Spike2Vec,jaccard_group,0.9,8500,6,66577,3
0.9219810040705563,0.8289969727657358,0.9292245842075738,0.9219810040705563,0.9138283756755845,0.9483244589890464,0.8289969727657358,0.858386075932501,0.9084682114884784,0.9069069332943775,0.9970501548352815,True,1.3117154820356518,0.07119916495867074,RF,pfam8,Spike2Vec,jaccard_group,0.9,8500,7,66577,3
0.9155313351498637,0.8329300675834295,0.9239347694709192,0.9155313351498637,0.9068885071370504,0.9424961945119894,0.8329300675834295,0.8594175864216063,0.9013497681192406,0.899615836126845,0.9949604491849773,True,1.2820698549621738,0.07080563501222059,RF,pfam8,Spike2Vec,jaccard_group,0.9,8500,8,66577,3
0.9201376936316695,0.8324216844891014,0.927010637527232,0.9201376936316695,0.9100732824976546,0.9457251258883328,0.8324216844891014,0.8581077077637607,0.9062887323022409,0.9046254721425461,0.9962339173620829,True,1.3122943569906056,0.06888336798874661,RF,pfam8,Spike2Vec,jaccard_group,0.9,8500,9,66577,3
0.8019701086956522,0.7407676288751024,0.80134296159177,0.8019701086956522,0.8009775098266847,0.743242122850995,0.7407676288751024,0.7402333804925729,0.7653168614256316,0.7652099674466636,0.8559516031882919,True,4.4772884550038725,0.005070048966445029,DT,pfam8,Spike2Vec,jaccard_group,0.9,8500,0,66577,3
0.7864210167178437,0.7399039678147165,0.7851624586509742,0.7864210167178437,0.7854301398162609,0.7439105101931013,0.7399039678147165,0.7414697527714771,0.7484436438751458,0.7483290229264268,0.8544138212400796,True,4.230661972018424,0.005184712004847825,DT,pfam8,Spike2Vec,jaccard_group,0.9,8500,1,66577,3
0.7982698961937716,0.7431866397884708,0.7983375318818107,0.7982698961937716,0.7965362316506572,0.7585997678382707,0.7431866397884708,0.7484276098653397,0.7624534878841256,0.7619343668110053,0.8568488404300929,True,4.355767680041026,0.005022861994802952,DT,pfam8,Spike2Vec,jaccard_group,0.9,8500,2,66577,3
0.7897227856659905,0.7355705127623331,0.7923017458966783,0.7897227856659905,0.7906160442891296,0.7337602497504323,0.7355705127623331,0.7340485788061997,0.7509508429077534,0.7508353334433885,0.8524784455930609,True,4.266944086004514,0.005019254982471466,DT,pfam8,Spike2Vec,jaccard_group,0.9,8500,3,66577,3
0.7850434782608696,0.7241660953275421,0.7855711673652052,0.7850434782608696,0.7845458628098416,0.7370354056535307,0.7241660953275421,0.729224258094084,0.7453795969807966,0.7452078131968514,0.8463913607229374,True,4.402976152021438,0.005035384965594858,DT,pfam8,Spike2Vec,jaccard_group,0.9,8500,4,66577,3
0.7862092862092862,0.7360776420596326,0.789001077868675,0.7862092862092862,0.7869099179055904,0.7397291054393242,0.7360776420596326,0.7364866581199191,0.747340002113981,0.7472058531036905,0.8525363048814424,True,4.2126257690251805,0.00498785701347515,DT,pfam8,Spike2Vec,jaccard_group,0.9,8500,5,66577,3
0.7927586206896552,0.7313500743473571,0.7936661145748521,0.7927586206896552,0.7926793423420115,0.7278806355838972,0.7313500743473571,0.7287335659674429,0.7544072778494113,0.7542480305579017,0.8506883843693629,True,4.323463539010845,0.005091789003927261,DT,pfam8,Spike2Vec,jaccard_group,0.9,8500,6,66577,3
0.80359565807327,0.7401159844172974,0.804273517525569,0.80359565807327,0.8037597330036903,0.7401265801019945,0.7401159844172974,0.7397418551366417,0.7679907849468266,0.7679551792092086,0.8558926713375209,True,4.2831283420091495,0.004884775960817933,DT,pfam8,Spike2Vec,jaccard_group,0.9,8500,7,66577,3
0.7878065395095368,0.7235703185236501,0.7870924666691124,0.7878065395095368,0.7861822958243351,0.7414446791375685,0.7235703185236501,0.7296656299327264,0.7498513402605104,0.7496566402658902,0.8464180765419566,True,4.326824977004435,0.0050448119873180985,DT,pfam8,Spike2Vec,jaccard_group,0.9,8500,8,66577,3
0.7903614457831325,0.7337568442520777,0.7924748435487369,0.7903614457831325,0.7905257512030323,0.7443444617999293,0.7337568442520777,0.737292228000862,0.7521896402241525,0.7520320075351423,0.8516202605604755,True,4.308201754000038,0.004940739017911255,DT,pfam8,Spike2Vec,jaccard_group,0.9,8500,9,66577,3
0.9928522804629,0.9868266839026212,0.9928936982480162,0.9928522804629,0.9928229651171463,0.9942573114720756,0.9868266839026212,0.990446324534926,0.9915552938021204,0.9915443040750375,0.999810590252115,True,4.264823920966592,0.016710530035197735,LR,pfam8,Murmur2Vec,jaccard_group,0.7,7215,0,66577,3
0.9895938234306815,0.9846644585094713,0.9896391538311582,0.9895938234306815,0.9895687486965079,0.9907226840823455,0.9846644585094713,0.987617203761733,0.9877417773075381,0.9877291051371292,0.999858532693533,True,3.3124295620364137,0.01699719298630953,LR,pfam8,Murmur2Vec,jaccard_group,0.7,7215,1,66577,3
0.9917098445595854,0.9845263306188397,0.9917446512787716,0.9917098445595854,0.9916479836927076,0.9928446370809345,0.9845263306188397,0.9885183197135765,0.9902183752947015,0.990202730713847,0.9999585249613989,True,2.9961891479906626,0.01674678799463436,LR,pfam8,Murmur2Vec,jaccard_group,0.7,7215,2,66577,3
0.9928982076428813,0.9877281911663645,0.9929107397700502,0.9928982076428813,0.9928819524247765,0.9927685610250255,0.9877281911663645,0.9902023947288552,0.9916083586446286,0.991603306428811,0.9999064776338893,True,3.66680590697797,0.0162998290034011,LR,pfam8,Murmur2Vec,jaccard_group,0.7,7215,3,66577,3
0.9923664122137404,0.988078790696586,0.9924293326923108,0.9923664122137404,0.9923550740792118,0.9932849892919688,0.988078790696586,0.990611263203903,0.9909807965492207,0.9909702199837502,0.9999414344019885,True,3.5280683639575727,0.015977510018274188,LR,pfam8,Murmur2Vec,jaccard_group,0.7,7215,4,66577,3
0.9932312076950481,0.9872348531992103,0.9932702183579577,0.9932312076950481,0.9931891510626809,0.9946832274837172,0.9872348531992103,0.9908487396558052,0.9920195655226142,0.9920059655854667,0.99994911810827,True,3.1674949289881624,0.015971087967045605,LR,pfam8,Murmur2Vec,jaccard_group,0.7,7215,5,66577,3
0.9931763903104742,0.987903557900482,0.9932409258121443,0.9931763903104742,0.9931642371491772,0.9942533421515697,0.987903557900482,0.9909929097333048,0.9919324394489692,0.9919228885249765,0.9998733108098404,True,3.073039192997385,0.016685644979588687,LR,pfam8,Murmur2Vec,jaccard_group,0.7,7215,6,66577,3
0.9921501706484641,0.9855548965665729,0.9922009573296717,0.9921501706484641,0.9921194442983828,0.9928845232424384,0.9855548965665729,0.9891186679815809,0.9907867240918242,0.9907734262078782,0.9999213290364826,True,3.2745477330172434,0.016599714988842607,LR,pfam8,Murmur2Vec,jaccard_group,0.7,7215,7,66577,3
0.9908876139048262,0.981832150595025,0.990924205861019,0.9908876139048262,0.9908189299778228,0.9916858483089941,0.981832150595025,0.9865564085512898,0.9892773342585829,0.9892631600138235,0.9998889802262565,True,3.1647473800112493,0.016902507049962878,LR,pfam8,Murmur2Vec,jaccard_group,0.7,7215,8,66577,3
0.9887448840381992,0.9840350463170606,0.9888206513078843,0.9887448840381992,0.9887109536351357,0.9888785214113561,0.9840350463170606,0.9863595814832835,0.9867693134519269,0.9867496250753034,0.9998260691451832,True,3.1843217450077645,0.016020780021790415,LR,pfam8,Murmur2Vec,jaccard_group,0.7,7215,9,66577,3
0.9142273655547992,0.8034291125477107,0.9223671467216714,0.9142273655547992,0.9036164256612755,0.9429313329767742,0.8034291125477107,0.8330890734111103,0.8993398754034724,0.8975102091667936,0.994997487420741,True,1.0057764129596762,0.09196996403625235,RF,pfam8,Murmur2Vec,jaccard_group,0.7,7215,0,66577,3
0.8969452836522323,0.7684340577858849,0.90894098031983,0.8969452836522323,0.8810858671978767,0.9337818541042625,0.7684340577858849,0.7921456683746226,0.8796493860858227,0.8770342790276738,0.991644998099315,True,1.0110830510384403,0.0899049110012129,RF,pfam8,Murmur2Vec,jaccard_group,0.7,7215,1,66577,3
0.8991364421416235,0.7716104445772525,0.910921640324829,0.8991364421416235,0.8843722333776892,0.9369419304455632,0.7716104445772525,0.7959370495398363,0.881846105553426,0.8793840875002568,0.9898302051115404,True,0.9960492519894615,0.08338563301367685,RF,pfam8,Murmur2Vec,jaccard_group,0.7,7215,2,66577,3
0.9117348664186675,0.7975185974565236,0.920029947792325,0.9117348664186675,0.8994798580376843,0.9424295515179713,0.7975185974565236,0.826061637666685,0.8963645040049866,0.8945061605290103,0.9938729148878198,True,0.9909127299906686,0.090342323994264,RF,pfam8,Murmur2Vec,jaccard_group,0.7,7215,3,66577,3
0.9035392088827203,0.7932345442707458,0.9130527439158475,0.9035392088827203,0.8908391149909072,0.9373964317891569,0.7932345442707458,0.8209441962572505,0.8866780584819435,0.8845653175254842,0.9937232977735991,True,0.9997661590459757,0.09001066698692739,RF,pfam8,Murmur2Vec,jaccard_group,0.7,7215,4,66577,3
0.8977556109725686,0.7926018765382947,0.9092703713446194,0.8977556109725686,0.8818253961030255,0.9342409557356504,0.7926018765382947,0.8163892588269375,0.8805415615996427,0.8777353674120436,0.9908282757983808,True,1.002429872052744,0.08990199601976201,RF,pfam8,Murmur2Vec,jaccard_group,0.7,7215,5,66577,3
0.9010576595018764,0.7922405871472181,0.9122089242163,0.9010576595018764,0.8883995628159655,0.9365120283992974,0.7922405871472181,0.8216790701450873,0.8838793736130028,0.8814580000753099,0.9896729023750721,True,1.0012450639624149,0.07931845600251108,RF,pfam8,Murmur2Vec,jaccard_group,0.7,7215,6,66577,3
0.8901023890784983,0.7817124118883296,0.9030949816308138,0.8901023890784983,0.8740618380389211,0.9283776121483804,0.7817124118883296,0.8055603339874502,0.8721869864851156,0.8692005088017857,0.9923046668237108,True,1.002110931032803,0.09043813095195219,RF,pfam8,Murmur2Vec,jaccard_group,0.7,7215,7,66577,3
0.8903138710766115,0.769123896536245,0.9031111797895839,0.8903138710766115,0.8697923497755162,0.9287232229501581,0.769123896536245,0.7870351466154702,0.8721868954874034,0.8690410071402382,0.9910669141555861,True,1.0014392139855772,0.091487857978791,RF,pfam8,Murmur2Vec,jaccard_group,0.7,7215,8,66577,3
0.8877899045020464,0.7719945482251841,0.9018723859519349,0.8877899045020464,0.8718671598036632,0.9289630731863145,0.7719945482251841,0.7968175604190362,0.8692540867981862,0.8662165556298159,0.9899405126490092,True,1.0210041819955222,0.0899362500058487,RF,pfam8,Murmur2Vec,jaccard_group,0.7,7215,9,66577,3
0.7573179033356024,0.6755969815448116,0.7642222306477449,0.7573179033356024,0.7602401601314708,0.6762087410293083,0.6755969815448116,0.674338150067064,0.7137043142856292,0.7135696167430715,0.8203483391627715,True,4.5702086389646865,0.00660518795484677,DT,pfam8,Murmur2Vec,jaccard_group,0.7,7215,0,66577,3
0.7445451493789862,0.6615545748929632,0.7454278044541771,0.7445451493789862,0.7434208782000606,0.6701520753779998,0.6615545748929632,0.6628913451825175,0.6989535851941453,0.6985641695924667,0.812228547971309,True,4.862203930970281,0.006832448998466134,DT,pfam8,Murmur2Vec,jaccard_group,0.7,7215,1,66577,3
0.7602763385146805,0.6858897660237403,0.7621086598029576,0.7602763385146805,0.7606631507248753,0.6871608405758587,0.6858897660237403,0.6852773445274537,0.7171979905335238,0.7170936740944134,0.8256355674197158,True,4.560914442001376,0.006518295966088772,DT,pfam8,Murmur2Vec,jaccard_group,0.7,7215,2,66577,3
0.7659790328035171,0.6918902358668199,0.7663492156430123,0.7659790328035171,0.7651904994467253,0.6979632760989343,0.6918902358668199,0.6932284705045927,0.7235532980107076,0.7232934644868686,0.8289652563522325,True,4.54050682997331,0.006623430992476642,DT,pfam8,Murmur2Vec,jaccard_group,0.7,7215,3,66577,3
0.7713393476752255,0.7102391790089895,0.7720288587740726,0.7713393476752255,0.7709542542690118,0.7218213486494907,0.7102391790089895,0.7142961704948829,0.7294256970179982,0.7293216773340087,0.8384146489680229,True,4.470628563023638,0.006502367032226175,DT,pfam8,Murmur2Vec,jaccard_group,0.7,7215,4,66577,3
0.7509796936230851,0.6874630608167476,0.7498603531222136,0.7509796936230851,0.7485739976974118,0.7013157422726476,0.6874630608167476,0.6911505765281045,0.7058914574947628,0.7054774101973837,0.825623602133913,True,4.462072114984039,0.00679336697794497,DT,pfam8,Murmur2Vec,jaccard_group,0.7,7215,5,66577,3
0.7710678949164108,0.690631363847449,0.7689087534206619,0.7710678949164108,0.7694446402447499,0.6993143497921706,0.690631363847449,0.6939656469292337,0.7288552188200028,0.7287143200612121,0.8287173750254577,True,4.6081828600144945,0.006594326987396926,DT,pfam8,Murmur2Vec,jaccard_group,0.7,7215,6,66577,3
0.7559726962457338,0.683331745202383,0.7545763347727303,0.7559726962457338,0.7530032354800221,0.7044395180888485,0.683331745202383,0.6890586755815613,0.7128091955343142,0.7124348999530963,0.8239403286760174,True,4.540600623993669,0.006522102979943156,DT,pfam8,Murmur2Vec,jaccard_group,0.7,7215,7,66577,3
0.755315558555518,0.6875749235761152,0.7579898297835664,0.755315558555518,0.7548554604550729,0.692349015099259,0.6875749235761152,0.6871857138597132,0.7123612782940034,0.7119131378900992,0.8261216676492783,True,4.3481268110335805,0.006637488026171923,DT,pfam8,Murmur2Vec,jaccard_group,0.7,7215,8,66577,3
0.730218281036835,0.6772717763563302,0.7442096517455814,0.730218281036835,0.7347182850515075,0.6813942198724126,0.6772717763563302,0.6748400895134921,0.6840600302759928,0.6833454235444676,0.8191724937023158,True,4.327249387046322,0.006608854979276657,DT,pfam8,Murmur2Vec,jaccard_group,0.7,7215,9,66577,3
0.9935330156569094,0.9889437554275875,0.9935748953191162,0.9935330156569094,0.9935112786609085,0.9949702837633753,0.9889437554275875,0.991884758862796,0.9923604978333275,0.9923502353910765,0.9998542942010993,True,2.691507153038401,0.014859185030218214,LR,pfam8,Spike2Vec,jaccard_group,0.7,7215,0,66577,3
0.9919436052366566,0.9881341188439952,0.9919953152509392,0.9919436052366566,0.9919305216553216,0.9940026343738764,0.9881341188439952,0.9909981887756125,0.9905095038968633,0.9905005203747336,0.9998644635848729,True,2.1153261639992706,0.015205006988253444,LR,pfam8,Spike2Vec,jaccard_group,0.7,7215,1,66577,3
0.9924006908462867,0.9859735650744221,0.9924574663064128,0.9924006908462867,0.9923558054344574,0.9938357086960593,0.9859735650744221,0.9897621269277473,0.9910356244878987,0.9910194294200334,0.9999690384148623,True,2.135114125034306,0.014513914007693529,LR,pfam8,Spike2Vec,jaccard_group,0.7,7215,2,66577,3
0.993912749408184,0.9881399425501296,0.9939463827046586,0.993912749408184,0.9938917667520668,0.9950584081367314,0.9881399425501296,0.9915183800534462,0.9928097872196741,0.9928019843836086,0.9999143599284852,True,2.151827541005332,0.01492161100031808,LR,pfam8,Spike2Vec,jaccard_group,0.7,7215,3,66577,3
0.993060374739764,0.9896536166037728,0.9931116599973924,0.993060374739764,0.9930535212157343,0.9939479866221974,0.9896536166037728,0.9917500283627954,0.9918008019911554,0.9917919612484877,0.9999488987445913,True,2.134278084966354,0.014772923954296857,LR,pfam8,Spike2Vec,jaccard_group,0.7,7215,4,66577,3
0.9935874599216246,0.9877210891525827,0.9936352532909778,0.9935874599216246,0.993543784449994,0.9951468747825736,0.9877210891525827,0.9913059408365237,0.99244074829491,0.992427196863805,0.9999710501727593,True,2.074693759030197,0.014424499007873237,LR,pfam8,Spike2Vec,jaccard_group,0.7,7215,5,66577,3
0.9941999317639031,0.988654121524924,0.9942508527056801,0.9941999317639031,0.9941837947280725,0.9952621393399113,0.988654121524924,0.9918733221516679,0.9931422109893643,0.9931341298112041,0.9999004215352075,True,1.9112341799773276,0.015086147002875805,LR,pfam8,Spike2Vec,jaccard_group,0.7,7215,6,66577,3
0.9921501706484641,0.98623792032324,0.9922136268823235,0.9921501706484641,0.9921249901819112,0.9930507935699115,0.98623792032324,0.9895385730502814,0.99078618437114,0.9907740186288431,0.9999520786845839,True,2.0926615240168758,0.014855679008178413,LR,pfam8,Spike2Vec,jaccard_group,0.7,7215,7,66577,3
0.9929125885926426,0.9846105911625024,0.9929662470953939,0.9929125885926426,0.9928530429515969,0.9938484829016414,0.9846105911625024,0.9890281974723212,0.9916629433697011,0.9916500209678772,0.9999225591780742,True,2.231844733993057,0.01504947803914547,LR,pfam8,Spike2Vec,jaccard_group,0.7,7215,8,66577,3
0.990450204638472,0.9856856942344996,0.9904871030798973,0.990450204638472,0.9904260169156638,0.9903135095545506,0.9856856942344996,0.9879482939234986,0.9887709626741362,0.9887581982882051,0.9998817048462938,True,1.9114012690261006,0.014937089988961816,LR,pfam8,Spike2Vec,jaccard_group,0.7,7215,9,66577,3
0.9234172906739279,0.8174270799774314,0.9297313226381564,0.9234172906739279,0.9140404008161084,0.9426114779616415,0.8174270799774314,0.8446755629176608,0.9101660220758434,0.9086442786069652,0.9951426133182945,True,1.2913710760185495,0.06860598601633683,RF,pfam8,Spike2Vec,jaccard_group,0.7,7215,0,66577,3
0.9157435381000336,0.7999280104118853,0.923464983990503,0.9157435381000336,0.9034795040203795,0.9431848063314596,0.7999280104118853,0.8270263408470644,0.901484311703533,0.8996628361909373,0.9957845022869412,True,1.2915895510232076,0.07959837303496897,RF,pfam8,Spike2Vec,jaccard_group,0.7,7215,1,66577,3
0.9146804835924007,0.8098733509278064,0.9229941157907992,0.9146804835924007,0.9058864672335291,0.9444982680506013,0.8098733509278064,0.8417034323623565,0.8999031931903655,0.8982267444342917,0.995718576338503,True,1.2821129040094092,0.07018185901688412,RF,pfam8,Spike2Vec,jaccard_group,0.7,7215,2,66577,3
0.9249239093676023,0.8160656856556888,0.931888192312695,0.9249239093676023,0.914424726108973,0.950407673538878,0.8160656856556888,0.8460103210739974,0.9119691358050439,0.9103730925129186,0.995039200814984,True,1.2914247350418009,0.06922071502776816,RF,pfam8,Spike2Vec,jaccard_group,0.7,7215,3,66577,3
0.9149895905621096,0.810517201856402,0.9224857482758899,0.9149895905621096,0.9035294354821928,0.9427458728763407,0.810517201856402,0.8370594831140337,0.9001028099860212,0.8984192686457806,0.9947191180699645,True,1.302808770968113,0.06958404899341986,RF,pfam8,Spike2Vec,jaccard_group,0.7,7215,4,66577,3
0.9030993943712148,0.8050083868799021,0.9143549748904113,0.9030993943712148,0.8897173546481838,0.936641977320089,0.8050083868799021,0.8295645374503735,0.8867872294357906,0.8843005714476219,0.9920509228949288,True,1.2917513209977187,0.06939055101247504,RF,pfam8,Spike2Vec,jaccard_group,0.7,7215,5,66577,3
0.912316615489594,0.8089572052089937,0.9209472543139255,0.912316615489594,0.9010093855512115,0.9382344666862825,0.8089572052089937,0.8363407463183479,0.8971077173686833,0.8951496698594084,0.9957210697205765,True,1.282640754012391,0.06934316200204194,RF,pfam8,Spike2Vec,jaccard_group,0.7,7215,6,66577,3
0.8986348122866894,0.7926776301348184,0.9109372825875818,0.8986348122866894,0.883390015304271,0.9331489838556071,0.7926776301348184,0.8155194785849675,0.8822344631622774,0.8794918275016376,0.9950323381516578,True,1.2813944310182706,0.06893303099786863,RF,pfam8,Spike2Vec,jaccard_group,0.7,7215,7,66577,3
0.9034762065474181,0.7971879312814465,0.9137756757402351,0.9034762065474181,0.8884031084693789,0.9349129913448951,0.7971879312814465,0.8197539152003286,0.8874422585769723,0.8850319499654045,0.9935589129010527,True,1.2716026909765787,0.06996516697108746,RF,pfam8,Spike2Vec,jaccard_group,0.7,7215,8,66577,3
0.8980218281036835,0.7945560717579248,0.9102051203033237,0.8980218281036835,0.8857287101126318,0.9343737640379344,0.7945560717579248,0.8230131668450664,0.8811982382533691,0.8786040857371419,0.9952113936741951,True,1.271519125031773,0.06873446301324293,RF,pfam8,Spike2Vec,jaccard_group,0.7,7215,9,66577,3
0.7814840027229408,0.7139730758974375,0.7859704612449369,0.7814840027229408,0.7828323876415024,0.7133610223184379,0.7139730758974375,0.7114655831283749,0.7421697833686915,0.7419972399582587,0.8412187863550743,True,4.276018336997367,0.004981585021596402,DT,pfam8,Spike2Vec,jaccard_group,0.7,7215,0,66577,3
0.7458878818395435,0.6722654490921665,0.7498560260134984,0.7458878818395435,0.7455315256869477,0.6796571259263535,0.6722654490921665,0.6710920222271701,0.7009070187335982,0.7003145556751584,0.8176934053551501,True,4.658281726995483,0.0052136650192551315,DT,pfam8,Spike2Vec,jaccard_group,0.7,7215,1,66577,3
0.772020725388601,0.705845865684307,0.7743312567839701,0.772020725388601,0.7728943151367708,0.7025229838634863,0.705845865684307,0.7038362056304159,0.7310371160835236,0.7309431437674972,0.8364391906884523,True,4.293347024009563,0.0049684710102155805,DT,pfam8,Spike2Vec,jaccard_group,0.7,7215,2,66577,3
0.7693608386878593,0.6991761398585683,0.7714177412608134,0.7693608386878593,0.7695360924122828,0.7008960913009217,0.6991761398585683,0.6986767192630066,0.7278115803694933,0.7275774668930152,0.8328949225298486,True,4.327401749964338,0.005119911045767367,DT,pfam8,Spike2Vec,jaccard_group,0.7,7215,3,66577,3
0.7532963219986121,0.6879545695420619,0.7563309356931986,0.7532963219986121,0.7537044996029926,0.6930512477590955,0.6879545695420619,0.6889861786101455,0.7086024510188863,0.7082694863506387,0.82606557449448,True,4.366235796012916,0.004986835003364831,DT,pfam8,Spike2Vec,jaccard_group,0.7,7215,4,66577,3
0.7677235482721767,0.7134383885248179,0.7691231671105907,0.7677235482721767,0.7664617600502724,0.7207642297319841,0.7134383885248179,0.7126973049110202,0.7260730655629801,0.7257593761659802,0.8398969462516016,True,4.280034849012736,0.004713647009339184,DT,pfam8,Spike2Vec,jaccard_group,0.7,7215,5,66577,3
0.7765267826680314,0.7045847948926831,0.7765834380122675,0.7765267826680314,0.775901093686739,0.7110323174332837,0.7045847948926831,0.7064594233136742,0.735609247243534,0.7354559727844736,0.8361227031662937,True,4.479979144001845,0.005089734971988946,DT,pfam8,Spike2Vec,jaccard_group,0.7,7215,6,66577,3
0.7566552901023891,0.6939424082037589,0.7596477589318587,0.7566552901023891,0.7555953680397678,0.7142591504431175,0.6939424082037589,0.6983991954384987,0.7139686177284867,0.7135983250405181,0.8293081502933409,True,4.361890572996344,0.0050478780176490545,DT,pfam8,Spike2Vec,jaccard_group,0.7,7215,7,66577,3
0.7583530205872426,0.6920419961033791,0.755195920032031,0.7583530205872426,0.7557255561947531,0.7022219214129273,0.6920419961033791,0.6953828229754266,0.7151149811066905,0.7148461693964627,0.8284306424761623,True,4.316229076997843,0.0051262229681015015,DT,pfam8,Spike2Vec,jaccard_group,0.7,7215,8,66577,3
0.7465893587994543,0.6793394860695723,0.7486625595199704,0.7465893587994543,0.7453954229132141,0.6962908265052721,0.6793394860695723,0.6839616954217438,0.7015734143395915,0.7010822629028641,0.8211925088135572,True,4.219532062008511,0.005017361021600664,DT,pfam8,Spike2Vec,jaccard_group,0.7,7215,9,66577,3
0.9930046635576283,0.9863326692090182,0.9930627198381392,0.9930046635576283,0.9929460973168609,0.9941985448070629,0.9863326692090182,0.9900461585903099,0.9917289080066332,0.9917168612367316,0.9998109133282034,True,4.80594284896506,0.016899720998480916,LR,pfam8,Murmur2Vec,jaccard_group,0.5,5960,0,66577,3
0.9928455284552845,0.9888160665238821,0.992847106551785,0.9928455284552845,0.9928262882454717,0.9920129221531272,0.9888160665238821,0.9903852118262488,0.9915793091162993,0.9915744170156672,0.9998895215934482,True,2.859383348026313,0.017292760021518916,LR,pfam8,Murmur2Vec,jaccard_group,0.5,5960,1,66577,3
0.9891151685393258,0.978244253546536,0.989229743046469,0.9891151685393258,0.9890398471792027,0.9913107235357674,0.978244253546536,0.9844808293213511,0.9871103048178326,0.9870846314457802,0.9998679802115031,True,3.6491460480028763,0.016115385049488395,LR,pfam8,Murmur2Vec,jaccard_group,0.5,5960,2,66577,3
0.9910560715514276,0.9843316128592979,0.9910683264245612,0.9910560715514276,0.9910259199303444,0.9903646313446781,0.9843316128592979,0.9872802718282568,0.9894670333310263,0.9894587479477319,0.9998262710951158,True,3.5978410320240073,0.0166606770362705,LR,pfam8,Murmur2Vec,jaccard_group,0.5,5960,3,66577,3
0.9888965995836225,0.9752211478103825,0.9889676910293739,0.9888965995836225,0.9887999863858157,0.9889935524778963,0.9752211478103825,0.9817411150211945,0.9868993138855929,0.9868787301233192,0.999860396826911,True,2.8314199569867924,0.01654194702859968,LR,pfam8,Murmur2Vec,jaccard_group,0.5,5960,4,66577,3
0.983814215341309,0.9758448323301072,0.9840779123519083,0.983814215341309,0.9837477935008269,0.9839914865161044,0.9758448323301072,0.9796759170900333,0.980917532348999,0.9808565469593156,0.9998683293766314,True,3.073797457967885,0.016473750991281122,LR,pfam8,Murmur2Vec,jaccard_group,0.5,5960,5,66577,3
0.9904599659284498,0.9808329128887967,0.9905085067689647,0.9904599659284498,0.9904107683327187,0.990441106169718,0.9808329128887967,0.9854092980877391,0.9886909150571168,0.988680613836345,0.9999302219760469,True,4.069113717006985,0.015775314008351415,LR,pfam8,Murmur2Vec,jaccard_group,0.5,5960,6,66577,3
0.9889388178361562,0.9812323553226093,0.989057575945267,0.9889388178361562,0.9888883717147202,0.9888823021963657,0.9812323553226093,0.9848456651811468,0.9869586249478931,0.9869378982963224,0.9999120770255938,True,2.9224070709897205,0.01574858505045995,LR,pfam8,Murmur2Vec,jaccard_group,0.5,5960,7,66577,3
0.9861973775017253,0.9801853853607937,0.9862854599625218,0.9861973775017253,0.9861436467692157,0.9850051660536091,0.9801853853607937,0.9824742701016543,0.9837503968437783,0.9837227086468757,0.9998599171974893,True,3.516463036998175,0.016023705014958978,LR,pfam8,Murmur2Vec,jaccard_group,0.5,5960,8,66577,3
0.9902234636871509,0.9833560778535964,0.9902138615140834,0.9902234636871509,0.9902007755364647,0.9860954014661887,0.9833560778535964,0.9846885897295203,0.9884415482098948,0.9884382229534838,0.9995331789570439,True,2.8037975959596224,0.016132618009578437,LR,pfam8,Murmur2Vec,jaccard_group,0.5,5960,9,66577,3
0.8880746169220519,0.743754525179686,0.901993762937516,0.8880746169220519,0.8649838144627079,0.9304371291407304,0.743754525179686,0.7570743664194575,0.8687872706586575,0.8656089892454895,0.9901411294667246,True,0.997684364032466,0.07993624900700524,RF,pfam8,Murmur2Vec,jaccard_group,0.5,5960,0,66577,3
0.8790243902439024,0.7569866378378518,0.8962462018320608,0.8790243902439024,0.8571578338870302,0.9237745145522027,0.7569866378378518,0.7752756081614108,0.8593309870187258,0.8554400674031695,0.9910349960451568,True,0.9597760260221548,0.08998738101217896,RF,pfam8,Murmur2Vec,jaccard_group,0.5,5960,1,66577,3
0.8778089887640449,0.7396821806843048,0.8927574302759124,0.8778089887640449,0.8548828021904502,0.9264248485597548,0.7396821806843048,0.7569213368665884,0.8562136503717214,0.8527646296639078,0.9899350140435181,True,0.9903149080346338,0.09130983497016132,RF,pfam8,Murmur2Vec,jaccard_group,0.5,5960,2,66577,3
0.8826969384244926,0.7461110068759798,0.8996371413009888,0.8826969384244926,0.8631806900439668,0.9267774295145905,0.7461110068759798,0.7630101561924842,0.8633272411753224,0.8599476347327639,0.9907868218130464,True,0.9735212330124341,0.08964880200801417,RF,pfam8,Murmur2Vec,jaccard_group,0.5,5960,3,66577,3
0.8789035392088828,0.7200373706746586,0.8964883759917598,0.8789035392088828,0.8551623137220422,0.9251145162607539,0.7200373706746586,0.7304222120928752,0.8584922918218163,0.8549196057253371,0.9855155598912828,True,1.0007730849902146,0.078945339017082,RF,pfam8,Murmur2Vec,jaccard_group,0.5,5960,4,66577,3
0.8715693173821253,0.7248285269990933,0.8911561845271992,0.8715693173821253,0.8435273558417615,0.9237953586341703,0.7248285269990933,0.735189601281726,0.8500952394663231,0.8455773932913782,0.9866797854579108,True,0.9759393210406415,0.0897015809896402,RF,pfam8,Murmur2Vec,jaccard_group,0.5,5960,5,66577,3
0.8902896081771721,0.7382727391656227,0.9032223008043098,0.8902896081771721,0.8689912912909711,0.9294895882821499,0.7382727391656227,0.7517101704247908,0.8708791860234988,0.8681180698213558,0.9900904441497694,True,0.9812092509819195,0.07967702799942344,RF,pfam8,Murmur2Vec,jaccard_group,0.5,5960,6,66577,3
0.8651918423781542,0.7194273748109512,0.88502076426042,0.8651918423781542,0.8364494492742675,0.9179246226816671,0.7194273748109512,0.7272042883650174,0.8426004777468288,0.8381939074507069,0.987118013942238,True,0.9920973050175235,0.0798306519864127,RF,pfam8,Murmur2Vec,jaccard_group,0.5,5960,7,66577,3
0.8750862663906143,0.7340285418419822,0.8919093018544004,0.8750862663906143,0.8514149020149556,0.9221432738661091,0.7340285418419822,0.745597908702789,0.8542044066559219,0.850569830396937,0.9872595767481129,True,0.9703483859775588,0.08277899399399757,RF,pfam8,Murmur2Vec,jaccard_group,0.5,5960,8,66577,3
0.8687150837988827,0.7269751333515992,0.8847796671989764,0.8687150837988827,0.8452347395324594,0.9149587079126995,0.7269751333515992,0.74444674337627,0.8461024468361968,0.8421314274514023,0.9900959175345154,True,1.0002633680123836,0.07189924397971481,RF,pfam8,Murmur2Vec,jaccard_group,0.5,5960,9,66577,3
0.7108594270486343,0.6518190515876722,0.7191642994310333,0.7108594270486343,0.711627684013383,0.6562457758140401,0.6518190515876722,0.6489624569508284,0.6595367027724722,0.6585890648074351,0.8048710879102476,True,4.379188064020127,0.006632167962379754,DT,pfam8,Murmur2Vec,jaccard_group,0.5,5960,0,66577,3
0.7183739837398374,0.6477333524236483,0.7229620395814864,0.7183739837398374,0.7184079029324869,0.6583528416942057,0.6477333524236483,0.6484654554309913,0.6688171182678962,0.6684118434605554,0.803500557308631,True,4.276509212038945,0.006834111991338432,DT,pfam8,Murmur2Vec,jaccard_group,0.5,5960,1,66577,3
0.7247191011235955,0.6603168905164811,0.7282819012267153,0.7247191011235955,0.7253927453507272,0.6670002784572322,0.6603168905164811,0.6620511945416337,0.6740298371400077,0.6737134567743016,0.8100653762330372,True,4.695271814998705,0.006353800010401756,DT,pfam8,Murmur2Vec,jaccard_group,0.5,5960,2,66577,3
0.7292741658066736,0.6465456965673176,0.7372738609710091,0.7292741658066736,0.7320020741784502,0.6587326445630113,0.6465456965673176,0.6492591276200856,0.6814543374695317,0.6812040290368228,0.8037564454276079,True,4.383487753977533,0.006457132985815406,DT,pfam8,Murmur2Vec,jaccard_group,0.5,5960,3,66577,3
0.7276197085357391,0.6411540422434516,0.7339238335644352,0.7276197085357391,0.7291680774083816,0.6363399239526923,0.6411540422434516,0.6352415370346008,0.6794248991696734,0.6789996984906799,0.8010195276808227,True,4.416468585957773,0.006514658976811916,DT,pfam8,Murmur2Vec,jaccard_group,0.5,5960,4,66577,3
0.7163969035890219,0.6376093073490683,0.7214406754065318,0.7163969035890219,0.7176486327166696,0.6373033374009753,0.6376093073490683,0.6350517091545633,0.6656954273323916,0.6653918657858314,0.7983635011202896,True,4.515746747027151,0.006458855990786105,DT,pfam8,Murmur2Vec,jaccard_group,0.5,5960,5,66577,3
0.7260647359454855,0.6354667487134422,0.7304739675610827,0.7260647359454855,0.7274200706409449,0.6319866762950515,0.6354667487134422,0.63293367418946,0.6760350389346353,0.6757134266135585,0.7979637218301293,True,4.552106791001279,0.006441964011173695,DT,pfam8,Murmur2Vec,jaccard_group,0.5,5960,6,66577,3
0.7286553750432078,0.6498984503863857,0.7267480550836757,0.7286553750432078,0.7248123384445805,0.6653647071912188,0.6498984503863857,0.6520332892997812,0.679327005716135,0.6787538960375774,0.8050686440975485,True,4.385843455034774,0.006452773988712579,DT,pfam8,Murmur2Vec,jaccard_group,0.5,5960,7,66577,3
0.7298136645962733,0.6601430846222034,0.7318439223175254,0.7298136645962733,0.7291119947356701,0.668931231382815,0.6601430846222034,0.6607368321026998,0.6815008959392208,0.6811237384649566,0.8104217039830983,True,4.655113641987555,0.006567878008354455,DT,pfam8,Murmur2Vec,jaccard_group,0.5,5960,8,66577,3
0.7039106145251397,0.6365538818596685,0.7131011100413125,0.7039106145251397,0.7074591146450195,0.6361884449352959,0.6365538818596685,0.635064130354948,0.651002181037012,0.6506941826614197,0.7968665611642884,True,4.354693830013275,0.006422889011446387,DT,pfam8,Murmur2Vec,jaccard_group,0.5,5960,9,66577,3
0.9936708860759493,0.9872150189199467,0.9937352480290642,0.9936708860759493,0.9936130913939705,0.9952368372021447,0.9872150189199467,0.9910069527285192,0.9925194527124054,0.9925055543489215,0.9998350845129182,True,2.700103470007889,0.015099890995770693,LR,pfam8,Spike2Vec,jaccard_group,0.5,5960,0,66577,3
0.9931707317073171,0.9886593709868482,0.9931768969690254,0.9931707317073171,0.9931504951581972,0.9930327412343484,0.9886593709868482,0.990803456145084,0.991961816001195,0.9919570264201873,0.9999103271403562,True,2.0631375850061886,0.015445813012775034,LR,pfam8,Spike2Vec,jaccard_group,0.5,5960,1,66577,3
0.9915730337078652,0.9832255866531507,0.991629523697448,0.9915730337078652,0.9915234667556468,0.9923688741418265,0.9832255866531507,0.9876163214163678,0.9900190661433355,0.9900059567726048,0.9998925021490352,True,2.076606279995758,0.014196755015291274,LR,pfam8,Spike2Vec,jaccard_group,0.5,5960,2,66577,3
0.9920880632954936,0.9832561250863886,0.9921442952449274,0.9920880632954936,0.9920277158599253,0.9929572407236722,0.9832561250863886,0.9879227762470442,0.9906906430591059,0.9906723260591307,0.9998660468063898,True,2.0930515479994938,0.01468994002789259,LR,pfam8,Spike2Vec,jaccard_group,0.5,5960,3,66577,3
0.991325468424705,0.9771774524493444,0.9914415361004674,0.991325468424705,0.9912229547079989,0.9931847522096122,0.9771774524493444,0.9847349442090103,0.9897710442733461,0.9897469641835346,0.9999316920844628,True,2.1425927910022438,0.014730024966411293,LR,pfam8,Spike2Vec,jaccard_group,0.5,5960,4,66577,3
0.9890921885995778,0.9816301485823348,0.9891735465293826,0.9890921885995778,0.9890224796997978,0.989436794445367,0.9816301485823348,0.9853332448646905,0.9871266269600855,0.9871024240451033,0.999927937638187,True,2.022828423010651,0.01438396197045222,LR,pfam8,Spike2Vec,jaccard_group,0.5,5960,5,66577,3
0.9911413969335605,0.9797577305235117,0.9911894460803318,0.9911413969335605,0.9910698845411311,0.9923206937030808,0.9797577305235117,0.9857347571245288,0.9894995540462375,0.9894867448393984,0.9999587759731825,True,2.1125771009828895,0.014860816998407245,LR,pfam8,Spike2Vec,jaccard_group,0.5,5960,6,66577,3
0.9872105081230557,0.9766006107141388,0.9873641625885503,0.9872105081230557,0.9871241170259085,0.9877087355431446,0.9766006107141388,0.9818087958613633,0.9849214097091852,0.9848931358827434,0.9998830532898026,True,2.254566511954181,0.015036392956972122,LR,pfam8,Spike2Vec,jaccard_group,0.5,5960,7,66577,3
0.9889579020013802,0.9843415619515459,0.9890117355250457,0.9889579020013802,0.9889255248019745,0.9898636789419826,0.9843415619515459,0.9870214349906583,0.9869957311864284,0.9869791048724315,0.9998724338120295,True,1.920552528987173,0.014997590973507613,LR,pfam8,Spike2Vec,jaccard_group,0.5,5960,8,66577,3
0.9888268156424581,0.9784951978678554,0.9888470444254848,0.9888268156424581,0.9887295187884353,0.9870289105772526,0.9784951978678554,0.9825136874194339,0.9867981726575744,0.9867805063241476,0.9995798240833347,True,1.9226308360230178,0.014940495020709932,LR,pfam8,Spike2Vec,jaccard_group,0.5,5960,9,66577,3
0.9063957361758828,0.7806158794094002,0.9162568805092062,0.9063957361758828,0.8907838530647103,0.9403367978368806,0.7806158794094002,0.8056030979773616,0.8901168639683504,0.8878635989855692,0.9952487510781466,True,1.2444614400155842,0.0690414309501648,RF,pfam8,Spike2Vec,jaccard_group,0.5,5960,0,66577,3
0.8878048780487805,0.7735551983392188,0.9020657631108517,0.8878048780487805,0.8697811595291728,0.9238606837149816,0.7735551983392188,0.7944395218586288,0.8694157434112005,0.8661956180649379,0.9941072279091713,True,1.2249494709540159,0.06968678801786155,RF,pfam8,Spike2Vec,jaccard_group,0.5,5960,1,66577,3
0.9013342696629213,0.785236319272936,0.9109071424953991,0.9013342696629213,0.8872699407617608,0.936792038597626,0.785236319272936,0.8140384192932638,0.8837962749071243,0.8815001187533797,0.995371109453981,True,1.2866200639982708,0.06936939002480358,RF,pfam8,Spike2Vec,jaccard_group,0.5,5960,2,66577,3
0.9023047815617475,0.7883716285251138,0.9145415712769063,0.9023047815617475,0.8901470901304148,0.9357395145485732,0.7883716285251138,0.8135037578006613,0.8860482197556717,0.8837296127770845,0.9954386165611542,True,1.2505914450157434,0.0705973680014722,RF,pfam8,Spike2Vec,jaccard_group,0.5,5960,3,66577,3
0.897293546148508,0.7481006212355714,0.9090312211095356,0.897293546148508,0.8766708084678062,0.9315117917596334,0.7481006212355714,0.7615404706717006,0.8797947981080709,0.877208212393151,0.9935901721423154,True,1.2610542409820482,0.07042571902275085,RF,pfam8,Spike2Vec,jaccard_group,0.5,5960,4,66577,3
0.8866995073891626,0.7589627513765006,0.8999140966064936,0.8866995073891626,0.8650779741677623,0.9251937571368676,0.7589627513765006,0.7746301575035454,0.8673884572996645,0.864237212952537,0.9919662957647091,True,1.2611602880060673,0.06948557496070862,RF,pfam8,Spike2Vec,jaccard_group,0.5,5960,5,66577,3
0.9107325383304941,0.779960389455217,0.9195099107604492,0.9107325383304941,0.896662425458269,0.9390248650990554,0.779960389455217,0.8048346476322421,0.8948534617310123,0.8930100710808158,0.9935439097761383,True,1.260010814992711,0.06949414103291929,RF,pfam8,Spike2Vec,jaccard_group,0.5,5960,6,66577,3
0.8810922917386795,0.7494407099149611,0.8968783125057999,0.8810922917386795,0.8578525661558948,0.9252532714721746,0.7494407099149611,0.7640700104863885,0.8611515944796474,0.8575882246037209,0.9937614679474498,True,1.2618735010037199,0.0688562470022589,RF,pfam8,Spike2Vec,jaccard_group,0.5,5960,7,66577,3
0.8940648723257419,0.7687979875347029,0.906663014215309,0.8940648723257419,0.8764075672213228,0.9317422991755168,0.7687979875347029,0.7896977781059453,0.8763573319208077,0.8735565795244561,0.9920343413781487,True,1.2620587660348974,0.07909400598146021,RF,pfam8,Spike2Vec,jaccard_group,0.5,5960,8,66577,3
0.8966480446927374,0.7798829719506457,0.9086645160048784,0.8966480446927374,0.8826582148494019,0.9344151305095376,0.7798829719506457,0.8086853945322827,0.8788149123966376,0.8761953205516054,0.9930657453681548,True,1.2624076229985803,0.06873685598839074,RF,pfam8,Spike2Vec,jaccard_group,0.5,5960,9,66577,3
0.7061958694203864,0.6438381496359581,0.7096586836088467,0.7061958694203864,0.7071334608414899,0.6395389810375594,0.6438381496359581,0.6405036676608629,0.6533082099101988,0.6530620267176532,0.8005543606171978,True,4.107018746959511,0.005156870000064373,DT,pfam8,Spike2Vec,jaccard_group,0.5,5960,0,66577,3
0.7525203252032521,0.6941748637525664,0.7553978742102857,0.7525203252032521,0.7515342376361632,0.7048742253448534,0.6941748637525664,0.6948989364987943,0.7089607833346587,0.7085133786825477,0.8291349696343115,True,4.0327918629627675,0.005063246004283428,DT,pfam8,Spike2Vec,jaccard_group,0.5,5960,1,66577,3
0.7134831460674157,0.6378267711385195,0.7180001482518868,0.7134831460674157,0.7142834175158587,0.6439240816041099,0.6378267711385195,0.6385020357766517,0.6608227586744769,0.6603487348693069,0.7980408058990281,True,4.256011274002958,0.004820045025553554,DT,pfam8,Spike2Vec,jaccard_group,0.5,5960,2,66577,3
0.7258341933264534,0.6583086498617966,0.729354852066929,0.7258341933264534,0.7256703981776548,0.6640327011043126,0.6583086498617966,0.6581435421821096,0.6776427618741372,0.6770593836153647,0.809272153528604,True,4.1207759759854525,0.004957028024364263,DT,pfam8,Spike2Vec,jaccard_group,0.5,5960,3,66577,3
0.7359472588480223,0.6492347732783685,0.7386825398274258,0.7359472588480223,0.7363543326102941,0.6519145650084125,0.6492347732783685,0.6485395309882244,0.6885097592018806,0.6882428337637309,0.8055382591558492,True,4.228713688033167,0.004983999009709805,DT,pfam8,Spike2Vec,jaccard_group,0.5,5960,4,66577,3
0.7283603096410978,0.6637742593375384,0.7286880917925496,0.7283603096410978,0.7273542777045147,0.6556146392652422,0.6637742593375384,0.6572926163419783,0.6797183853491919,0.6794559986582298,0.8122681401605563,True,4.244506674993318,0.004982205980923027,DT,pfam8,Spike2Vec,jaccard_group,0.5,5960,5,66577,3
0.7390119250425894,0.6494742348415212,0.738613005435536,0.7390119250425894,0.7380071714022249,0.6547169803236954,0.6494742348415212,0.6514076643111345,0.6906025878174696,0.6902812928225674,0.8057396200752708,True,4.278064879006706,0.005007401981856674,DT,pfam8,Spike2Vec,jaccard_group,0.5,5960,6,66577,3
0.7272727272727273,0.6690666398178882,0.7346190631430205,0.7272727272727273,0.7289261349719596,0.6677797678783145,0.6690666398178882,0.66455830276385,0.6790918496243942,0.678649231951818,0.8147620150193903,True,4.174813333025668,0.004965093045029789,DT,pfam8,Spike2Vec,jaccard_group,0.5,5960,7,66577,3
0.7115251897860594,0.6325404038075264,0.7182307672193365,0.7115251897860594,0.7129731073509914,0.6355996838903427,0.6325404038075264,0.6297769004458749,0.6607473452879165,0.6602045929844497,0.7954769004939254,True,4.040279098029714,0.005050512030720711,DT,pfam8,Spike2Vec,jaccard_group,0.5,5960,8,66577,3
0.7178770949720671,0.6448970963733787,0.7213300767296517,0.7178770949720671,0.718994939068484,0.6489089770403513,0.6448970963733787,0.6462193315371652,0.6666690047732211,0.6664632488827635,0.8019478983862113,True,4.199421348981559,0.005078052985481918,DT,pfam8,Spike2Vec,jaccard_group,0.5,5960,9,66577,3
